# This file is brought to you by Roblox Corporation
# Generated by Roblox Studio

mtllib bacon.mtl

g Handle1

v -4.61912 7.69512 -3.27817 
v -4.54885 7.70676 -3.0208 
v -4.52524 7.93737 -3.03018 
v -4.4543 7.43204 -3.02289 
v -4.56079 7.58917 -3.01069 
v -4.56812 7.48107 -2.97938 
v -4.52704 7.43018 -3.26729 
v -4.4543 7.43204 -3.02289 
v -3.54162 8.3639 -3.87004 
v -3.50779 8.26645 -3.84968 
v -3.49927 8.22015 -3.9547 
v -3.53206 8.31262 -4.00054 
v -3.63806 8.46158 -3.88634 
v -3.65951 8.28106 -3.85334 
v -3.62729 8.40458 -4.05949 
v -3.49927 8.22015 -3.9547 
v -3.64875 8.29885 -4.0265 
v -3.738 8.41688 -4.10756 
v -3.76668 8.47589 -3.90625 
v -3.73226 8.30268 -4.06432 
v -3.93987 8.44851 -3.93413 
v -3.88707 8.38677 -4.15767 
v -3.84471 8.26118 -4.10065 
v -4.00584 8.32216 -4.18433 
v -4.0956 8.38032 -3.96356 
v -4.29325 8.18509 -4.00404 
v -3.84471 8.26118 -4.10065 
v -3.95129 8.21706 -4.12422 
v -4.17928 8.13741 -4.20721 
v -4.10106 8.06403 -4.13943 
v -4.27296 7.94553 -4.21386 
v -4.39999 7.97621 -4.00884 
v -4.18519 7.90742 -4.14791 
v -4.44302 7.79679 -3.99734 
v -4.30683 7.77776 -4.20043 
v -4.21296 7.77437 -4.12306 
v -4.43542 7.65721 -3.96698 
v -4.30698 7.57619 -4.14095 
v -4.21024 7.59499 -4.0641 
v -4.21024 7.59499 -4.0641 
v -4.40586 7.47925 -3.39558 
v -4.41507 7.52841 -3.30081 
v -4.41489 7.68257 -3.31889 
v -4.3605 7.63472 -3.42564 
v -4.35737 7.48033 -3.39247 
v -4.40903 7.63326 -3.42779 
v -4.41621 7.77697 -3.33685 
v -4.401 7.72848 -3.4604 
v -4.35243 7.73023 -3.4597 
v -4.36636 7.68403 -3.31674 
v -4.36764 7.77872 -3.33616 
v -3.49861 8.3639 -3.87004 
v -3.49664 8.31262 -4.00054 
v -3.49927 8.22015 -3.9547 
v -3.50779 8.26645 -3.84968 
v -3.4059 8.39792 -3.88268 
v -3.41666 8.34093 -4.0504 
v -3.49927 8.22015 -3.9547 
v -3.3952 8.2352 -4.02781 
v -3.22818 8.40486 -3.93197 
v -3.27054 8.22197 -3.87496 
v -3.28097 8.34312 -4.13729 
v -3.32334 8.21753 -4.07217 
v -3.18334 8.27848 -4.18482 
v -3.32334 8.21753 -4.07217 
v -3.25684 8.17752 -4.10632 
v -3.13331 8.33596 -3.97402 
v -3.27054 8.22197 -3.87496 
v -3.20613 8.16334 -3.90187 
v -3.18936 8.08703 -3.90774 
v -3.08273 8.23262 -3.99669 
v -3.12968 8.17986 -4.19602 
v -3.23774 8.10626 -4.10266 
v -3.18936 8.08703 -3.90774 
v -3.17416 7.88956 -3.90146 
v -3.07743 7.87075 -3.95237 
v -3.23751 7.80853 -4.05337 
v -3.17416 7.88956 -3.90146 
v -3.14077 7.78973 -4.09781 
v -3.23751 7.80853 -4.05337 
v -3.23774 8.10626 -4.10266 
v -3.50357 7.64449 -2.49444 
v -3.51034 7.8944 -2.49335 
v -3.69961 7.88329 -2.50754 
v -3.68845 7.65135 -2.51313 
v -3.49598 7.64621 -2.58094 
v -3.50398 7.8917 -2.57982 
v -3.69264 8.07591 -2.52002 
v -3.50689 8.07135 -2.51244 
v -3.50427 8.0494 -2.59539 
v -3.50699 8.22998 -2.59526 
v -3.6819 8.22956 -2.58999 
v -3.68181 8.16882 -2.64583 
v -3.68653 8.18029 -2.68161 
v -3.50549 8.20127 -2.69366 
v -3.54343 7.61975 -2.57518 
v -3.35077 7.62661 -2.65996 
v -3.3384 7.85856 -2.65824 
v -3.38563 7.62833 -2.73949 
v -3.57829 7.62148 -2.6547 
v -3.37209 7.85586 -2.73812 
v -3.38563 7.62833 -2.73949 
v -3.37802 8.02922 -2.74558 
v -3.349 8.05118 -2.66783 
v -3.53666 7.86966 -2.57631 
v -3.57829 7.62148 -2.6547 
v -3.57035 7.86696 -2.65619 
v -3.54603 8.04662 -2.59329 
v -3.57506 8.02466 -2.67104 
v -3.43616 8.14408 -2.77118 
v -3.37802 8.02922 -2.74558 
v -3.49366 8.23127 -2.792 
v -3.4182 8.20482 -2.71831 
v -3.57244 8.20525 -2.67179 
v -3.57506 8.02466 -2.67104 
v -3.59039 8.14451 -2.72467 
v -3.49366 8.23127 -2.792 
v -3.60534 8.17653 -2.76453 
v -4.34623 8.01984 -3.99874 
v -4.15221 8.16341 -3.99151 
v -4.25364 7.9839 -3.9893 
v -3.65912 8.38796 -4.26385 
v -3.62546 8.21633 -4.19327 
v -3.68973 8.16778 -4.24589 
v -3.72816 8.05681 -2.47934 
v -3.87427 8.11642 -2.56358 
v -3.8996 7.95118 -2.52814 
v -3.83631 8.07413 -2.65429 
v -3.85325 7.93183 -2.62234 
v -3.888 7.7425 -2.50084 
v -3.83906 7.73373 -2.59574 
v -3.75598 7.91224 -2.44813 
v -3.73531 7.68479 -2.41997 
v -3.68638 7.67603 -2.51487 
v -3.70963 7.89288 -2.54233 
v -3.6902 8.01452 -2.57005 
v -3.70238 8.15398 -2.5018 
v -3.67671 8.0925 -2.58033 
v -3.84005 8.2192 -2.58919 
v -3.7667 8.2132 -2.71 
v -3.81438 8.15772 -2.66772 
v -3.67138 8.24079 -2.73518 
v -3.78224 8.29049 -2.6415 
v -3.65152 8.22064 -2.55152 
v -3.67671 8.0925 -2.58033 
v -3.61894 8.25097 -2.57111 
v -3.63597 8.14336 -2.62002 
v -3.7058 8.32792 -2.69102 
v -3.55819 8.24653 -2.61753 
v -3.56326 8.33675 -2.79324 
v -3.50549 8.20127 -2.69366 
v -3.49366 8.23127 -2.792 
v -4.00495 7.45928 -2.73618 
v -3.74383 7.48636 -2.68416 
v -3.75458 7.48635 -2.63023 
v -4.0157 7.45927 -2.68225 
v -3.08181 7.47925 -3.39558 
v -3.07864 7.63326 -3.42779 
v -3.07278 7.68257 -3.31889 
v -3.13523 7.73023 -3.4597 
v -3.08667 7.72848 -3.4604 
v -3.07146 7.77697 -3.33685 
v -3.0726 7.52841 -3.30081 
v -3.1303 7.48033 -3.39247 
v -3.12109 7.52949 -3.2977 
v -3.12109 7.52949 -3.2977 
v -3.1213 7.68403 -3.31674 
v -3.12002 7.77872 -3.33616 
v -3.73226 8.30268 -4.06432 
v -3.88707 8.38677 -4.15767 
v -3.738 8.41688 -4.10756 
v -3.84471 8.26118 -4.10065 
v -4.00584 8.32216 -4.18433 
v -3.95129 8.21706 -4.12422 
v -4.17928 8.13741 -4.20721 
v -3.76 7.76176 -4.26514 
v -3.87841 7.76376 -4.132 
v -3.96396 7.80742 -4.2161 
v -3.84555 7.80541 -4.34923 
v -3.88597 7.88625 -4.14427 
v -3.87841 7.76376 -4.132 
v -3.97251 7.92991 -4.22767 
v -3.88161 8.04076 -4.14809 
v -3.84639 7.9279 -4.36615 
v -3.76 7.76176 -4.26514 
v -3.75984 7.88424 -4.28275 
v -3.96093 8.10714 -4.23861 
v -3.85486 8.16978 -4.13583 
v -3.81735 8.10513 -4.36814 
v -3.73803 8.03876 -4.27763 
v -3.92135 8.25513 -4.23631 
v -3.80436 8.21733 -4.10797 
v -3.75621 8.25313 -4.34637 
v -3.68973 8.16778 -4.24589 
v -3.83802 8.38896 -4.17855 
v -3.76457 8.22973 -4.07362 
v -3.65912 8.38796 -4.26385 
v -3.76457 8.44163 -4.07362 
v -3.58405 8.44163 -4.14658 
v -3.62546 8.21633 -4.19327 
v -3.59128 8.22973 -4.12784 
v -3.73208 8.44074 -4.02293 
v -3.76457 8.22973 -4.07362 
v -3.73208 8.22986 -4.02293 
v -3.70035 8.22997 -3.95547 
v -3.70035 8.36381 -3.95547 
v -3.53286 8.22486 -4.03315 
v -3.59128 8.22973 -4.12784 
v -3.5645 8.40768 -4.0565 
v -3.53206 8.31262 -4.00054 
v -3.49927 8.22015 -3.9547 
v -3.70035 8.22997 -3.95547 
v -3.49927 8.22015 -3.9547 
v -3.29396 8.07771 -2.61159 
v -3.26614 7.93314 -2.58038 
v -3.11249 7.97209 -2.66039 
v -3.31249 7.91379 -2.67458 
v -3.33574 7.69693 -2.64711 
v -3.33193 8.03543 -2.7023 
v -3.28681 7.7057 -2.55221 
v -3.13413 7.7634 -2.63308 
v -3.18306 7.75464 -2.72799 
v -3.15884 7.95273 -2.75459 
v -3.18306 7.75464 -2.72799 
v -3.17578 8.09503 -2.78653 
v -3.13782 8.13732 -2.69583 
v -3.25542 8.23411 -2.84225 
v -3.23988 8.31139 -2.77375 
v -3.37061 8.24155 -2.68376 
v -3.38615 8.16427 -2.75227 
v -3.40603 8.27527 -2.71107 
v -3.38615 8.16427 -2.75227 
v -3.44168 8.21532 -2.7837 
v -3.51664 8.22218 -2.8259 
v -3.46394 8.26743 -2.74978 
v -3.34329 8.35614 -2.8271 
v -3.37998 8.27873 -2.89865 
v -3.25542 8.23411 -2.84225 
v -3.51348 8.28015 -2.96204 
v -3.45886 8.35766 -2.8879 
v -3.51664 8.22218 -2.8259 
v -3.51348 8.28015 -2.96204 
v -4.27179 8.26246 -3.76767 
v -4.06669 8.40971 -3.75007 
v -4.03809 8.37493 -3.97913 
v -3.49861 8.3639 -3.71297 
v -3.49664 8.31261 -3.86152 
v -3.50779 8.26645 -3.84968 
v -3.50717 8.27088 -3.70517 
v -3.38444 8.2922 -3.69262 
v -3.50717 8.27088 -3.70517 
v -3.4059 8.39792 -3.72561 
v -3.41666 8.34093 -3.89333 
v -3.50779 8.26645 -3.84968 
v -3.3952 8.2352 -3.87074 
v -3.24775 8.34312 -3.9127 
v -3.22818 8.40486 -3.74641 
v -3.27054 8.27927 -3.68939 
v -3.17071 8.29808 -3.92239 
v -3.29012 8.21753 -3.87194 
v -3.22918 8.19866 -3.87959 
v -3.13735 8.33838 -3.74595 
v -3.1951 8.23865 -3.70102 
v -3.20404 8.13987 -3.88712 
v -3.22918 8.19866 -3.87959 
v -3.12968 8.21347 -3.93194 
v -3.24276 7.96146 -3.86736 
v -3.08273 8.23262 -3.7455 
v -3.15566 8.15841 -3.71249 
v -3.10057 8.03777 -3.71772 
v -3.18632 8.01365 -3.69184 
v -3.17416 7.88956 -3.67415 
v -3.15635 7.98531 -3.89886 
v -3.14077 7.78973 -3.8705 
v -3.07743 7.87075 -3.6939 
v -3.23751 7.80853 -3.85043 
v -3.17416 7.88956 -3.67415 
v -3.74505 7.34458 -2.68162 
v -4.00495 7.35687 -2.73618 
v -3.96579 7.38368 -2.83074 
v -3.12045 7.40209 -3.62769 
v -3.06085 7.42138 -3.40633 
v -3.16329 7.43852 -3.40036 
v -3.21396 7.42212 -3.58852 
v -4.42682 7.42138 -3.40633 
v -4.36721 7.40209 -3.62769 
v -4.27371 7.42212 -3.58852 
v -4.32437 7.43852 -3.40036 
v -3.26226 7.433 -2.88406 
v -3.48271 7.35687 -2.73618 
v -3.52188 7.38368 -2.83074 
v -3.48271 7.29392 -2.73618 
v -3.52188 7.32073 -2.83074 
v -4.5508 7.53526 -3.46495 
v -4.57127 7.89648 -3.39715 
v -4.48908 7.86331 -3.6386 
v -4.46475 7.49992 -3.64968 
v -4.34027 7.85438 -3.62112 
v -4.54925 8.12064 -3.39423 
v -4.40232 7.53466 -3.46013 
v -4.42246 7.88755 -3.39058 
v -4.40152 8.04235 -3.37894 
v -4.4881 8.10313 -3.63946 
v -4.34036 8.02484 -3.62365 
v -4.2807 8.19038 -3.63677 
v -4.43172 8.33832 -3.40786 
v -4.391 8.33602 -3.65094 
v -4.19078 8.45447 -3.45329 
v -4.32143 8.19268 -3.38411 
v -4.14476 8.28688 -3.4343 
v -4.17494 8.44794 -3.69671 
v -3.95534 8.50307 -3.49632 
v -3.95849 8.49333 -3.74 
v -3.63559 8.50537 -3.57757 
v -3.91594 8.30901 -3.72463 
v -4.10917 8.28035 -3.68186 
v -3.66805 8.28987 -3.79876 
v -3.63956 8.46176 -3.80638 
v -3.51482 8.4181 -3.62938 
v -3.70259 8.3044 -3.56995 
v -3.5072 8.29274 -3.64853 
v -3.52318 8.36144 -3.83445 
v -3.50779 8.26645 -3.84968 
v -3.5072 8.29274 -3.64853 
v -3.50779 8.26645 -3.84968 
v -3.50432 8.31905 -3.32644 
v -3.46203 8.44181 -3.33706 
v -3.46384 8.38962 -3.59757 
v -3.51053 8.27088 -3.59018 
v -3.36734 8.45626 -3.57479 
v -3.33986 8.37375 -3.27547 
v -3.50432 8.31905 -3.32644 
v -3.34699 8.50493 -3.30131 
v -3.20422 8.33118 -3.2301 
v -3.15726 8.43217 -3.508 
v -3.36022 8.32508 -3.54895 
v -3.15408 8.46831 -3.24493 
v -3.09457 8.27981 -3.19682 
v -3.04619 8.35543 -3.4709 
v -3.03327 8.18414 -3.16983 
v -3.0026 8.41336 -3.20646 
v -3.2074 8.29505 -3.49317 
v -3.12552 8.24129 -3.46126 
v -3.10094 8.14245 -3.43606 
v -2.96975 8.22623 -3.43883 
v -2.92953 8.28486 -3.17259 
v -3.03327 8.18414 -3.16983 
v -3.043 8.02314 -3.13414 
v -2.90898 8.09445 -3.13613 
v -3.10691 7.82413 -3.09003 
v -2.95783 8.05699 -3.40542 
v -3.07902 7.99505 -3.40343 
v -3.10094 8.14245 -3.43606 
v -3.10381 7.81284 -3.3631 
v -2.97858 7.84777 -3.36413 
v -2.98167 7.85906 -3.09105 
v -2.88935 7.6322 -3.06826 
v -2.88105 7.63159 -3.3299 
v -2.9949 7.56473 -3.33349 
v -2.98127 7.67762 -3.38643 
v -3.02056 7.64228 -3.60396 
v -2.96518 7.86964 -3.60608 
v -3.09157 7.84671 -3.61995 
v -3.12642 7.64168 -3.62271 
v -3.08713 7.67702 -3.38902 
v -3.05568 7.85319 -3.39198 
v -3.08713 7.67702 -3.38902 
v -2.92929 7.87613 -3.3912 
v -3.06825 8.05488 -3.41917 
v -2.91836 8.10339 -3.42045 
v -2.95036 8.12995 -3.63228 
v -3.10024 8.08144 -3.64059 
v -2.98207 8.2901 -3.46058 
v -3.10964 8.20018 -3.45227 
v -3.21566 8.30273 -3.49891 
v -2.99651 8.29853 -3.68125 
v -3.13159 8.2086 -3.67773 
v -3.11044 8.43415 -3.51428 
v -3.22754 8.29298 -3.71701 
v -3.22763 8.48931 -3.55314 
v -3.10729 8.4244 -3.73238 
v -3.2772 8.31364 -3.74153 
v -3.22511 8.46385 -3.77284 
v -3.36296 8.50537 -3.59801 
v -3.33172 8.3044 -3.53286 
v -3.49363 8.4181 -3.62938 
v -3.36116 8.46176 -3.80638 
v -3.33453 8.28987 -3.75666 
v -3.2772 8.31364 -3.74153 
v -3.51348 8.26645 -3.80098 
v -3.48952 8.36144 -3.83445 
v -3.51406 8.29274 -3.59134 
v -3.51348 8.26645 -3.80098 
v -4.51437 7.55021 -3.30411 
v -4.52704 7.43018 -3.26729 
v -4.64087 7.47921 -3.22379 
v -3.3952 8.2352 -3.87074 
v -3.24775 8.34312 -3.9127 
v -3.29012 8.21753 -3.87194 
v -3.13133 7.95705 -2.77927 
v -3.16232 7.64609 -2.76365 
v -2.97053 7.65558 -2.87925 
v -3.02533 7.65347 -2.9636 
v -3.21712 7.64399 -2.84799 
v -3.20649 7.94168 -2.85898 
v -3.15082 8.22637 -2.81291 
v -3.22541 8.17113 -2.87174 
v -2.95831 7.95812 -2.89991 
v -3.01629 7.94274 -2.97961 
v -3.02533 7.65347 -2.9636 
v -3.06069 8.17831 -3.04384 
v -3.00648 8.23355 -2.985 
v -3.09775 8.27297 -3.07781 
v -3.20479 8.32279 -2.85272 
v -3.27096 8.25319 -2.89473 
v -3.3565 8.30187 -2.93243 
v -3.29793 8.38443 -2.90561 
v -3.05827 8.34805 -3.03451 
v -3.17562 8.33302 -3.12542 
v -3.14943 8.42602 -3.09615 
v -3.37573 8.35859 -3.15825 
v -3.17562 8.33302 -3.12542 
v -3.47093 8.34644 -2.95218 
v -3.3565 8.30187 -2.93243 
v -3.3792 8.45895 -3.16591 
v -3.469 8.3616 -3.1832 
v -3.51041 8.30304 -3.1992 
v -3.50752 8.29199 -2.96105 
v -3.51041 8.30304 -3.1992 
v -3.51348 8.28015 -2.96204 
v -3.50779 8.26645 -3.84968 
v -3.66805 8.28987 -3.79876 
v -3.63956 8.46176 -3.80638 
v -3.02533 7.65347 -2.9636 
v -3.16232 7.64609 -2.76365 
v -3.21712 7.64399 -2.84799 
v -3.74383 8.35591 -3.36652 
v -4.19861 8.30721 -3.3676 
v -4.1813 8.30721 -3.28057 
v -4.37429 8.23641 -3.36652 
v -4.16398 8.30721 -3.54167 
v -4.32633 8.23641 -3.60787 
v -4.18962 8.23641 -3.81236 
v -4.35031 8.23641 -3.24589 
v -4.06535 8.30721 -3.68917 
v -4.22636 8.13676 -3.84899 
v -4.37425 8.13676 -3.62769 
v -4.42616 8.13676 -3.36652 
v -4.22822 8.08286 -3.84899 
v -4.16398 8.30721 -3.19354 
v -4.37244 7.94776 -3.62769 
v -4.42634 7.95054 -3.34725 
v -4.40021 8.13676 -3.23593 
v -4.32633 8.23641 -3.12527 
v -3.34357 8.48504 -3.15657 
v -3.17512 8.46283 -3.09553 
v -3.14811 8.43285 -3.32659 
v -3.22836 8.37409 -3.1187 
v -3.32253 8.38156 -3.15998 
v -3.22836 8.37409 -3.1187 
v -3.12549 8.28736 -3.04047 
v -3.43459 8.42817 -3.18713 
v -3.51041 8.30304 -3.19588 
v -3.3083 8.46837 -3.40951 
v -3.44338 8.43325 -3.42853 
v -3.51041 8.30304 -3.19588 
v -3.49527 8.31075 -3.44508 
v -3.49527 8.31075 -3.44508 
v -3.16313 8.34411 -3.34976 
v -3.28726 8.36489 -3.41292 
v -3.03113 8.24444 -3.25026 
v -3.16313 8.34411 -3.34976 
v -2.98106 8.31885 -3.20789 
v -2.91587 8.13016 -3.14645 
v -2.97479 8.07761 -3.18502 
v -3.02564 8.36176 -3.00777 
v -3.10697 8.10874 -3.00527 
v -2.97268 8.16129 -2.94931 
v -3.14357 7.98392 -2.97815 
v -2.97612 7.96379 -3.1299 
v -3.00104 8.01609 -2.90954 
v -3.12532 7.7977 -2.93873 
v -3.05584 7.81163 -2.86463 
v -2.90896 7.99596 -3.09487 
v -2.96531 7.77777 -3.05719 
v -3.03479 7.76384 -3.09771 
v -3.03479 7.76384 -3.09771 
v -3.6205 8.29223 -3.15644 
v -3.65484 8.39447 -3.12167 
v -3.57325 8.45243 -3.1518 
v -3.53117 8.27213 -3.20401 
v -3.64458 8.52061 -3.10472 
v -3.69291 8.44036 -3.09489 
v -3.69291 8.44036 -3.09489 
v -3.74047 8.56201 -3.05021 
v -3.75778 8.46098 -3.05929 
v -3.83328 8.57904 -3.00146 
v -3.85271 8.47584 -3.00988 
v -3.93377 8.58052 -2.95164 
v -3.95541 8.47505 -2.95937 
v -3.95541 8.47505 -2.95937 
v -3.85735 8.55071 -2.7967 
v -3.87899 8.44525 -2.80444 
v -3.75686 8.54924 -2.84653 
v -3.87899 8.44525 -2.80444 
v -3.77629 8.44604 -2.85495 
v -3.66405 8.53221 -2.89527 
v -3.68137 8.43118 -2.90436 
v -3.56816 8.4908 -2.94979 
v -3.61649 8.41055 -2.93996 
v -3.49683 8.42263 -2.99687 
v -3.61649 8.41055 -2.93996 
v -3.57843 8.36467 -2.96674 
v -3.45476 8.24233 -3.04907 
v -3.54409 8.26243 -3.00151 
v -3.2772 8.31364 -3.74153 
v -3.22511 8.46385 -3.77284 
v -3.10729 8.4244 -3.73238 
v -3.87635 7.93895 -2.57979 
v -4.03685 7.93994 -2.69169 
v -4.00776 7.6593 -2.62904 
v -3.82985 7.6505 -2.5218 
v -3.89776 8.13353 -2.57214 
v -3.98307 7.92567 -2.76563 
v -3.95693 7.65735 -2.70728 
v -4.03165 8.14019 -2.69922 
v -3.95693 7.65735 -2.70728 
v -3.77901 7.64855 -2.60004 
v -3.90224 8.32104 -2.8355 
v -3.80451 8.30183 -2.66421 
v -3.67899 8.37316 -2.73229 
v -3.74873 8.40121 -2.91797 
v -3.55891 8.37398 -2.77076 
v -3.62171 8.31919 -2.98069 
v -3.74699 8.31238 -2.9366 
v -3.60188 8.41047 -2.97021 
v -3.51348 8.28015 -2.96204 
v -3.52981 8.3418 -2.96304 
v -3.50852 8.31319 -2.78914 
v -3.51348 8.28015 -2.96204 
v -3.63597 8.14336 -2.62002 
v -3.59042 8.18487 -2.64227 
v -3.61894 8.25097 -2.57111 
v -3.50549 8.20127 -2.69366 
v -3.55819 8.24653 -2.61753 
v -3.67671 8.0925 -2.58033 
v -3.65152 8.22064 -2.55152 
v -3.18306 7.75464 -2.72799 
v -3.28681 7.7057 -2.55221 
v -3.33574 7.69693 -2.64711 
v -4.40426 7.85115 -3.98344 
v -4.44821 7.86063 -3.76385 
v -4.3857 8.03671 -3.77638 
v -4.34897 7.85853 -3.74746 
v -4.30502 7.84905 -3.96704 
v -4.25364 7.9839 -3.9893 
v -4.30502 7.84905 -3.96704 
v -4.34623 8.01984 -3.99874 
v -4.23736 8.2373 -3.99313 
v -4.15221 8.16341 -3.99151 
v -3.96157 8.25705 -3.98658 
v -4.03809 8.37493 -3.97913 
v -3.79371 8.26507 -3.97983 
v -3.86189 8.42539 -3.96364 
v -4.27179 8.26246 -3.76767 
v -4.06669 8.40971 -3.75007 
v -4.1968 8.15543 -3.75944 
v -4.29789 7.98515 -3.76384 
v -4.00656 8.23837 -3.74687 
v -3.83907 8.23605 -3.73274 
v -3.88487 8.46943 -3.73111 
v -3.53585 8.34644 -3.90576 
v -3.79371 8.26507 -3.97983 
v -3.60058 8.45895 -3.68236 
v -3.51661 8.25234 -3.90055 
v -3.83907 8.23605 -3.73274 
v -3.60497 8.31965 -3.68954 
v -3.50934 8.3616 -3.67625 
v -3.46628 8.30304 -3.66546 
v -3.49844 8.29199 -3.90145 
v -3.4924 8.28015 -3.9012 
v -3.46628 8.30304 -3.66546 
v -3.4924 8.28015 -3.9012 
v -3.02056 7.64228 -3.60396 
v -3.12642 7.64168 -3.62271 
v -3.09157 7.84671 -3.61995 
v -2.96518 7.86964 -3.60608 
v -3.10024 8.08144 -3.64059 
v -3.13159 8.2086 -3.67773 
v -2.95036 8.12995 -3.63228 
v -3.49927 8.22015 -3.9547 
v -3.53286 8.22486 -4.03315 
v -3.5645 8.40768 -4.0565 
v -3.12968 8.21347 -3.93194 
v -3.15635 7.98531 -3.89886 
v -3.24276 7.96146 -3.86736 
v -3.23751 7.80853 -3.85043 
v -3.14077 7.78973 -3.8705 
v -3.17071 8.29808 -3.92239 
v -3.20404 8.13987 -3.88712 
v -4.01767 7.95705 -2.62581 
v -4.1907 7.95812 -2.74645 
v -4.15934 7.65558 -2.67891 
v -3.96754 7.64609 -2.56331 
v -4.02087 8.22637 -2.71357 
v -4.13272 7.94274 -2.82616 
v -4.10454 7.65347 -2.76325 
v -4.16521 8.23355 -2.85056 
v -4.10454 7.65347 -2.76325 
v -3.91274 7.64399 -2.64765 
v -3.96676 8.33621 -2.78249 
v -4.09273 8.34977 -2.94195 
v -4.05172 8.27674 -2.98685 
v -3.95424 8.33302 -3.04219 
v -3.98043 8.42602 -3.01293 
v -3.87507 8.40531 -2.82826 
v -3.84888 8.31231 -2.85753 
v -3.72337 8.44791 -2.88602 
v -3.84888 8.31231 -2.85753 
v -3.72196 8.3521 -2.90593 
v -3.79797 8.47833 -3.08649 
v -3.79656 8.38251 -3.1064 
v -3.58383 8.434 -2.93915 
v -3.65153 8.37494 -3.16545 
v -3.63015 8.47334 -3.15416 
v -3.51041 8.30304 -3.19588 
v -3.55245 8.39931 -3.17838 
v -3.5295 8.36846 -2.95465 
v -3.51041 8.30304 -3.19588 
v -4.10917 8.28035 -3.68186 
v -4.2807 8.19038 -3.63677 
v -4.391 8.33602 -3.65094 
v -4.17494 8.44794 -3.69671 
v -3.51348 8.26645 -3.80098 
v -3.48952 8.36144 -3.83445 
v -3.36116 8.46176 -3.80638 
v -3.41345 8.298 -3.30925 
v -3.51553 8.298 -3.32332 
v -3.42384 8.46542 -3.31068 
v -3.35008 8.39062 -3.30052 
v -3.44774 8.46542 -3.13725 
v -3.32902 8.5165 -3.29761 
v -3.29706 8.4272 -3.29321 
v -3.35293 8.5165 -3.12418 
v -3.32096 8.4272 -3.11978 
v -3.37399 8.39062 -3.12709 
v -3.53943 8.298 -3.14989 
v -3.43735 8.298 -3.13582 
v -3.24529 8.4331 -3.10935 
v -3.32096 8.4272 -3.11978 
v -3.23829 8.53592 -3.10838 
v -3.13848 8.42673 -3.09463 
v -3.13322 8.53216 -3.0939 
v -3.02723 8.40331 -3.0793 
v -3.21439 8.53592 -3.28181 
v -3.29706 8.4272 -3.29321 
v -3.22139 8.4331 -3.28278 
v -3.10932 8.53216 -3.26733 
v -3.02379 8.51144 -3.07882 
v -3.11458 8.42673 -3.26806 
v -2.99989 8.51144 -3.25225 
v -3.00333 8.40331 -3.25272 
v -3.00333 8.40331 -3.25272 
v -3.02723 8.40331 -3.0793 
v -4.30925 8.25636 -3.14509 
v -4.37377 8.10988 -3.07796 
v -4.4324 8.16314 -3.02245 
v -4.39649 7.96379 -3.01101 
v -4.46365 7.99596 -2.9424 
v -4.36683 7.76384 -2.95462 
v -4.43632 7.77777 -2.88052 
v -4.36683 7.76384 -2.95462 
v -4.2704 7.81163 -2.72154 
v -4.20092 7.7977 -2.79565 
v -3.96958 8.49342 -3.08574 
v -3.65497 8.48504 -3.17887 
v -3.69024 8.4998 -3.40951 
v -3.56396 8.42817 -3.18713 
v -3.67602 8.38156 -3.18228 
v -3.9536 8.3905 -3.0986 
v -4.07822 8.34629 -3.04827 
v -3.55517 8.43325 -3.42853 
v -3.51041 8.30304 -3.19588 
v -3.49527 8.31075 -3.44508 
v -4.01788 8.49268 -3.31461 
v -3.71129 8.39632 -3.41292 
v -4.20874 8.44109 -3.21826 
v -4.0019 8.38976 -3.32747 
v -4.1122 8.43415 -3.01982 
v -4.35932 8.33076 -3.10271 
v -4.21969 8.31697 -2.93147 
v -4.27884 8.16633 -2.86097 
v -4.30925 8.25636 -3.14509 
v -4.17476 8.35323 -3.24671 
v -4.4324 8.16314 -3.02245 
v -4.29619 8.01609 -2.79065 
v -4.46365 7.99596 -2.9424 
v -4.39649 7.96379 -3.01101 
v -4.43632 7.77777 -2.88052 
v -4.2704 7.81163 -2.72154 
v -4.20092 7.7977 -2.79565 
v -4.22903 7.98392 -2.85927 
v -3.98307 7.92567 -2.76563 
v -4.00776 7.6593 -2.62904 
v -4.03685 7.93994 -2.69169 
v -3.98136 8.08895 -2.75379 
v -4.03165 8.14019 -2.69922 
v -3.95693 7.65735 -2.70728 
v -3.82985 7.6505 -2.5218 
v -3.77901 7.64855 -2.60004 
v -3.87635 7.93895 -2.57979 
v -3.82256 7.92469 -2.65372 
v -3.89776 8.13353 -2.57214 
v -3.84747 8.08229 -2.62671 
v -3.84747 8.08229 -2.62671 
v -3.80451 8.30183 -2.66421 
v -3.78022 8.21557 -2.69135 
v -3.67899 8.37316 -2.73229 
v -3.67725 8.28434 -2.75092 
v -3.57875 8.2827 -2.78124 
v -3.55891 8.37398 -2.77076 
v -3.50852 8.31319 -2.78914 
v -3.49366 8.23127 -2.792 
v -3.51348 8.28015 -2.96204 
v -3.49366 8.23127 -2.792 
v -4.06535 8.30721 -3.04604 
v -4.37425 8.13676 -3.10534 
v -4.18962 8.23641 -2.92068 
v -3.91781 8.30721 -2.94737 
v -3.74383 8.30721 -2.91279 
v -3.98514 8.23641 -2.78397 
v -3.74383 8.23641 -2.73601 
v -4.4004 7.96862 -3.2263 
v -4.22636 8.13676 -2.88404 
v -4.37447 7.93768 -3.10534 
v -4.4006 7.80276 -3.21679 
v -4.37469 7.74128 -3.10534 
v -4.22604 7.88444 -2.88406 
v -4.00495 8.13676 -2.73615 
v -4.00807 8.14195 -2.7205 
v -3.74695 8.14195 -2.66848 
v -3.74383 8.13676 -2.68413 
v -4.01191 7.87454 -2.70124 
v -3.75079 7.87454 -2.64922 
v -3.74383 7.87196 -2.68414 
v -3.74383 7.61073 -2.68416 
v -4.00495 7.87196 -2.73616 
v -4.0157 7.61073 -2.6943 
v -3.75458 7.61073 -2.64228 
v -3.74383 7.48636 -2.68416 
v -3.75458 7.48635 -2.63023 
v -4.0157 7.45927 -2.68225 
v -4.00495 7.61073 -2.73618 
v -4.00495 7.45928 -2.73618 
v -4.22572 7.63551 -2.88407 
v -4.22558 7.54972 -2.88406 
v -4.00495 7.35687 -2.73618 
v -3.74505 7.34458 -2.68162 
v -3.96579 7.38368 -2.83074 
v -3.74505 7.37163 -2.78397 
v -4.15317 7.4484 -2.95644 
v -4.2254 7.433 -2.88406 
v -4.24953 7.5123 -3.099 
v -4.33877 7.51531 -3.05178 
v -4.33877 7.55571 -3.05178 
v -4.24953 7.5123 -3.099 
v -4.24953 7.5527 -3.099 
v -4.15317 7.4484 -2.95644 
v -4.24169 7.64535 -3.10855 
v -4.33505 7.66217 -3.06747 
v -4.28006 7.71043 -3.14452 
v -4.30208 7.77 -3.23925 
v -4.3241 7.73215 -3.33398 
v -4.4265 7.76683 -3.32824 
v -4.32418 7.65137 -3.34309 
v -4.42659 7.67179 -3.33896 
v -4.32425 7.56927 -3.35611 
v -4.37065 7.76132 -3.62769 
v -4.3697 7.6615 -3.61706 
v -4.42668 7.5752 -3.35427 
v -4.32437 7.43852 -3.40036 
v -4.42682 7.42138 -3.40633 
v -4.36721 7.40209 -3.62769 
v -4.36873 7.56006 -3.60626 
v -4.27499 7.5564 -3.5703 
v -4.27371 7.42212 -3.58852 
v -4.27582 7.64263 -3.57948 
v -4.27663 7.72747 -3.58852 
v -4.15712 7.95558 -3.77662 
v -4.23006 8.02968 -3.84899 
v -4.07254 8.00767 -3.8329 
v -4.13054 8.09096 -3.9152 
v -3.96578 8.16846 -3.93023 
v -4.12894 8.1137 -3.9152 
v -3.98514 8.23641 -3.94907 
v -3.74603 8.15501 -3.95338 
v -4.12732 8.13676 -3.9152 
v -3.74383 8.23641 -3.99703 
v -4.09815 8.23641 -3.8735 
v -3.91781 8.30721 -3.78784 
v -3.74383 8.30721 -3.82242 
v -3.99944 8.30721 -3.73322 
v -4.21296 7.77437 -4.12306 
v -4.30698 7.57619 -4.14095 
v -4.30683 7.77776 -4.20043 
v -3.03479 7.76384 -3.09771 
v -3.05584 7.81163 -2.86463 
v -3.12532 7.7977 -2.93873 
v -3.74383 8.35591 -3.36652 
v -3.32368 8.30721 -3.19354 
v -3.30637 8.30721 -3.28057 
v -3.13736 8.23641 -3.24589 
v -3.28906 8.30721 -3.3676 
v -3.11338 8.23641 -3.36652 
v -3.16133 8.23641 -3.60787 
v -3.16133 8.23641 -3.12527 
v -3.32368 8.30721 -3.54167 
v -3.42231 8.30721 -3.04604 
v -3.06151 8.13676 -3.36652 
v -3.11341 8.13676 -3.62769 
v -3.08746 8.13676 -3.23593 
v -3.06134 7.95706 -3.34792 
v -3.29804 8.23641 -2.92068 
v -3.11341 8.13676 -3.10534 
v -3.08727 7.97451 -3.22663 
v -3.1132 7.94464 -3.10534 
v -3.21133 8.51955 -3.4715 
v -3.25072 8.61886 -3.4824 
v -3.30171 8.61683 -3.31493 
v -3.26232 8.51751 -3.30403 
v -3.31949 8.46459 -3.50504 
v -3.21133 8.51955 -3.4715 
v -3.37589 8.55031 -3.52127 
v -3.40905 8.36009 -3.53346 
v -3.47558 8.43311 -3.55291 
v -3.44565 8.28895 -3.54539 
v -3.52742 8.32192 -3.56992 
v -3.26232 8.51751 -3.30403 
v -3.42688 8.54827 -3.3538 
v -3.37048 8.46255 -3.33757 
v -3.52657 8.43108 -3.38544 
v -3.57841 8.31989 -3.40245 
v -3.46005 8.35805 -3.36599 
v -3.49664 8.28691 -3.37792 
v -3.83906 7.73373 -2.59574 
v -3.68638 7.67603 -2.51487 
v -3.73531 7.68479 -2.41997 
v -3.888 7.7425 -2.50084 
v -3.96749 8.34549 -3.61652 
v -4.18441 8.30081 -3.5246 
v -4.23854 8.4081 -3.52832 
v -4.37304 8.19808 -3.44467 
v -4.44784 8.28435 -3.43873 
v -4.54682 8.1197 -3.36457 
v -4.43293 8.06645 -3.38948 
v -4.47682 7.91638 -3.33983 
v -3.50717 8.27088 -3.70517 
v -3.69231 8.33642 -3.68149 
v -3.68518 8.4676 -3.70732 
v -3.99784 8.47694 -3.63136 
v -3.49527 8.31075 -3.38454 
v -3.50717 8.27088 -3.70517 
v -3.53471 8.38962 -3.71257 
v -3.53651 8.44181 -3.39152 
v -3.68518 8.4676 -3.70732 
v -3.50717 8.27088 -3.70517 
v -3.71266 8.38509 -3.36451 
v -3.49527 8.31075 -3.38454 
v -3.70554 8.51627 -3.39034 
v -3.99784 8.47694 -3.63136 
v -3.69231 8.33642 -3.68149 
v -3.96749 8.34549 -3.61652 
v -4.23854 8.4081 -3.52832 
v -4.00101 8.51308 -3.30694 
v -3.97067 8.38163 -3.29211 
v -4.21259 8.42494 -3.22013 
v -4.15847 8.31765 -3.21641 
v -4.44784 8.28435 -3.43873 
v -4.32176 8.19814 -3.15058 
v -4.39657 8.28442 -3.14464 
v -4.54682 8.1197 -3.36457 
v -4.37028 8.06448 -3.10815 
v -4.48418 8.11774 -3.08324 
v -4.40435 7.91266 -3.06952 
v -4.59771 7.94109 -3.30048 
v -4.47682 7.91638 -3.33983 
v -4.52524 7.93737 -3.03018 
v -4.54885 7.70676 -3.0208 
v -4.61912 7.69512 -3.27817 
v -4.42698 7.69104 -3.06222 
v -4.49725 7.6794 -3.31959 
v -4.63228 7.58236 -3.26166 
v -4.51437 7.55021 -3.30411 
v -4.64087 7.47921 -3.22379 
v -4.56079 7.58917 -3.01069 
v -4.44288 7.55703 -3.05313 
v -4.4543 7.43204 -3.02289 
v -4.56812 7.48107 -2.97938 
v -4.52704 7.43018 -3.26729 
v -3.3565 8.30187 -2.93243 
v -3.47093 8.34644 -2.95218 
v -3.48937 8.29127 -2.95971 
v -3.50752 8.29199 -2.96105 
v -3.51348 8.28015 -2.96204 
v -3.84888 8.31231 -2.85753 
v -3.72337 8.44791 -2.88602 
v -3.87507 8.40531 -2.82826 
v -3.72196 8.3521 -2.90593 
v -3.60521 8.3356 -2.95045 
v -3.58383 8.434 -2.93915 
v -3.5295 8.36846 -2.95465 
v -3.51348 8.28015 -2.96204 
v -3.51041 8.30304 -3.19588 
v -3.51348 8.28015 -2.96204 
v -3.51053 8.27088 -3.59018 
v -3.46384 8.38962 -3.59757 
v -3.36734 8.45626 -3.57479 
v -3.36022 8.32508 -3.54895 
v -3.15726 8.43217 -3.508 
v -3.2074 8.29505 -3.49317 
v -4.35243 7.73023 -3.4597 
v -4.3605 7.63472 -3.42564 
v -4.40903 7.63326 -3.42779 
v -3.53117 8.27213 -3.20401 
v -3.57325 8.45243 -3.1518 
v -3.49683 8.42263 -2.99687 
v -3.45476 8.24233 -3.04907 
v -3.64458 8.52061 -3.10472 
v -3.56816 8.4908 -2.94979 
v -3.74047 8.56201 -3.05021 
v -3.66405 8.53221 -2.89527 
v -3.83328 8.57904 -3.00146 
v -3.75686 8.54924 -2.84653 
v -3.93377 8.58052 -2.95164 
v -3.85735 8.55071 -2.7967 
v -3.2613 8.13676 -2.88404 
v -3.56985 8.30721 -2.94737 
v -3.50253 8.23641 -2.78397 
v -3.74383 8.30721 -2.91279 
v -3.74383 8.23641 -2.73601 
v -3.48271 8.13676 -2.73615 
v -3.74383 8.13676 -2.68413 
v -3.48271 7.87196 -2.73616 
v -3.74383 7.87196 -2.68414 
v -3.46703 7.87373 -2.71272 
v -3.48271 7.58399 -2.73618 
v -3.24594 7.88612 -2.86061 
v -3.45134 7.58396 -2.68928 
v -3.74383 7.61073 -2.68416 
v -3.23058 7.63549 -2.83718 
v -3.26194 7.63551 -2.88407 
v -3.26162 7.89327 -2.88406 
v -3.11297 7.74128 -3.10534 
v -3.48271 7.48636 -2.73618 
v -3.74383 7.48636 -2.68416 
v -3.26209 7.54972 -2.88406 
v -3.12144 7.64777 -3.09262 
v -3.48271 7.35687 -2.73618 
v -3.74505 7.34458 -2.68162 
v -3.48271 7.29392 -2.73618 
v -3.74505 7.37163 -2.78397 
v -3.52188 7.32073 -2.83074 
v -3.52188 7.38368 -2.83074 
v -3.26226 7.433 -2.88406 
v -3.3345 7.4484 -2.95644 
v -3.14889 7.55571 -3.05178 
v -3.23813 7.5527 -3.099 
v -3.23813 7.5527 -3.099 
v -3.2148 7.63095 -3.13371 
v -3.2076 7.71043 -3.14452 
v -3.18558 7.77 -3.23925 
v -3.08707 7.80276 -3.21679 
v -3.06117 7.76683 -3.32824 
v -3.16356 7.73215 -3.33398 
v -3.06108 7.67179 -3.33896 
v -3.16349 7.65137 -3.34309 
v -3.11701 7.76132 -3.62769 
v -3.11797 7.6615 -3.61706 
v -3.06099 7.5752 -3.35427 
v -3.16341 7.56927 -3.35611 
v -3.06085 7.42138 -3.40633 
v -3.16329 7.43852 -3.40036 
v -3.12045 7.40209 -3.62769 
v -3.11894 7.56006 -3.60626 
v -3.21396 7.42212 -3.58852 
v -3.21267 7.5564 -3.5703 
v -3.21185 7.64263 -3.57948 
v -3.21103 7.72747 -3.58852 
v -3.2576 8.02968 -3.84899 
v -3.33054 7.95558 -3.77662 
v -3.35712 8.09096 -3.9152 
v -3.41513 8.00767 -3.8329 
v -3.25951 8.08474 -3.84899 
v -3.11516 7.95438 -3.62769 
v -3.2613 8.13676 -3.84899 
v -3.35878 8.11451 -3.9152 
v -3.49927 8.22015 -3.9547 
v -3.52188 8.14387 -3.90242 
v -3.36035 8.13676 -3.9152 
v -3.29804 8.23641 -3.81236 
v -3.74383 8.23641 -3.99703 
v -3.74603 8.15501 -3.95338 
v -3.38951 8.23641 -3.8735 
v -3.56985 8.30721 -3.78784 
v -3.74383 8.30721 -3.82242 
v -3.48823 8.30721 -3.73322 
v -3.42231 8.30721 -3.68917 
v -3.51553 8.298 -3.32332 
v -3.53943 8.298 -3.14989 
v -3.44774 8.46542 -3.13725 
v -3.42384 8.46542 -3.31068 
v -3.35293 8.5165 -3.12418 
v -3.32902 8.5165 -3.29761 
v -3.23829 8.53592 -3.10838 
v -3.21439 8.53592 -3.28181 
v -3.13322 8.53216 -3.0939 
v -3.10932 8.53216 -3.26733 
v -3.12716 7.63472 -3.42564 
v -3.07864 7.63326 -3.42779 
v -3.08181 7.47925 -3.39558 
v -3.13523 7.73023 -3.4597 
v -3.1303 7.48033 -3.39247 
v -3.09457 8.27981 -3.19682 
v -3.0026 8.41336 -3.20646 
v -3.15408 8.46831 -3.24493 
v -3.03327 8.18414 -3.16983 
v -2.92953 8.28486 -3.17259 
v -3.043 8.02314 -3.13414 
v -2.90898 8.09445 -3.13613 
v -3.10691 7.82413 -3.09003 
v -2.98167 7.85906 -3.09105 
v -3.0032 7.56534 -3.07185 
v -2.88935 7.6322 -3.06826 
v -2.9949 7.56473 -3.33349 
v -3.0032 7.56534 -3.07185 
v -3.47558 8.43311 -3.55291 
v -3.42688 8.54827 -3.3538 
v -3.37589 8.55031 -3.52127 
v -3.30171 8.61683 -3.31493 
v -3.25072 8.61886 -3.4824 
v -3.52742 8.32192 -3.56992 
v -3.52657 8.43108 -3.38544 
v -3.49527 8.31075 -3.44508 
v -3.3083 8.46837 -3.40951 
v -3.28726 8.36489 -3.41292 
v -3.5069 8.16924 -2.6511 
v -3.50549 8.20127 -2.69366 
v -3.50699 8.22998 -2.59526 
v -3.50427 8.0494 -2.59539 
v -3.50689 8.07135 -2.51244 
v -3.46703 7.87373 -2.71272 
v -3.48271 7.58399 -2.73618 
v -3.45134 7.58396 -2.68928 
v -4.35737 7.48033 -3.39247 
v -4.36658 7.52949 -3.2977 
v -4.41507 7.52841 -3.30081 
v -4.40586 7.47925 -3.39558 
v -4.36658 7.52949 -3.2977 
v -4.41489 7.68257 -3.31889 
v -4.36636 7.68403 -3.31674 
v -4.41621 7.77697 -3.33685 
v -4.12052 7.84384 -3.45671 
v -3.74379 8.23314 -3.17966 
v -3.74379 8.23314 -3.17966 
v -4.09691 7.90693 -3.12923 
v -3.74379 8.23314 -3.17966 
v -3.74379 8.23314 -3.17966 
v -3.71129 8.39632 -3.41292 
v -4.0019 8.38976 -3.32747 
v -4.01788 8.49268 -3.31461 
v -4.17476 8.35323 -3.24671 
v -4.20874 8.44109 -3.21826 
v -3.49527 8.31075 -3.44508 
v -3.69024 8.4998 -3.40951 
v -3.55517 8.43325 -3.42853 
v -3.10381 7.81284 -3.3631 
v -2.97858 7.84777 -3.36413 
v -2.88105 7.63159 -3.3299 
v -2.9949 7.56473 -3.33349 
v -3.59039 8.14451 -2.72467 
v -3.57244 8.20525 -2.67179 
v -3.60534 8.17653 -2.76453 
v -3.67602 8.38156 -3.18228 
v -3.51041 8.30304 -3.19588 
v -3.56396 8.42817 -3.18713 
v -4.13272 7.94274 -2.82616 
v -4.15934 7.65558 -2.67891 
v -4.1907 7.95812 -2.74645 
v -4.111 8.17831 -2.90939 
v -4.16521 8.23355 -2.85056 
v -4.05172 8.27674 -2.98685 
v -4.10454 7.65347 -2.76325 
v -3.96754 7.64609 -2.56331 
v -3.91274 7.64399 -2.64765 
v -4.01767 7.95705 -2.62581 
v -3.95969 7.94168 -2.70552 
v -4.02087 8.22637 -2.71357 
v -3.96666 8.17113 -2.7724 
v -3.96676 8.33621 -2.78249 
v -3.92575 8.26318 -2.82739 
v -3.84888 8.31231 -2.85753 
v -3.45073 8.12694 -3.60303 
v -3.74388 8.23314 -3.17966 
v -3.74387 8.23313 -3.17966 
v -3.36714 7.84384 -3.45671 
v -3.74388 8.23315 -3.17966 
v -3.74388 8.23314 -3.17966 
v -3.69325 7.8806 -2.59401 
v -3.68086 7.65307 -2.59963 
v -3.68845 7.65135 -2.51313 
v -3.69961 7.88329 -2.50754 
v -3.69001 8.05396 -2.60297 
v -3.69264 8.07591 -2.52002 
v -3.68181 8.16882 -2.64583 
v -3.69001 8.05396 -2.60297 
v -3.68653 8.18029 -2.68161 
v -3.6819 8.22956 -2.58999 
v -3.68086 7.65307 -2.59963 
v -3.50357 7.64449 -2.49444 
v -3.49598 7.64621 -2.58094 
v -3.43735 8.298 -3.13582 
v -3.41345 8.298 -3.30925 
v -3.35008 8.39062 -3.30052 
v -3.37399 8.39062 -3.12709 
v -3.29706 8.4272 -3.29321 
v -3.74505 7.37163 -2.78397 
v -3.52188 7.38368 -2.83074 
v -3.52188 7.32073 -2.83074 
v -3.74469 7.7128 -2.89904 
v -3.58643 7.72135 -2.9322 
v -3.74383 8.23315 -3.17966 
v -3.3345 7.4484 -2.95644 
v -3.74385 8.23315 -3.17966 
v -3.45354 7.76724 -3.02135 
v -3.23813 7.5527 -3.099 
v -3.74387 8.23315 -3.17966 
v -3.3852 7.84122 -3.12245 
v -3.2148 7.63095 -3.13371 
v -3.74387 8.23314 -3.17966 
v -3.36865 7.89672 -3.14707 
v -3.2076 7.71043 -3.14452 
v -3.74388 8.23314 -3.17966 
v -3.36355 7.95308 -3.15474 
v -3.18558 7.77 -3.23925 
v -3.74388 8.23314 -3.17966 
v -3.34793 7.99533 -3.22192 
v -3.16356 7.73215 -3.33398 
v -3.74388 8.23314 -3.17966 
v -3.33231 7.96849 -3.28911 
v -3.16349 7.65137 -3.34309 
v -3.74388 8.23314 -3.17966 
v -3.33226 7.9112 -3.29557 
v -3.74388 8.23314 -3.17966 
v -3.16341 7.56927 -3.35611 
v -3.33221 7.85297 -3.3048 
v -3.16329 7.43852 -3.40036 
v -3.33212 7.76024 -3.33618 
v -3.74388 8.23314 -3.17966 
v -3.21396 7.42212 -3.58852 
v -3.74388 8.23315 -3.17966 
v -3.36805 7.74861 -3.46963 
v -3.74388 8.23315 -3.17966 
v -3.21267 7.5564 -3.5703 
v -3.36714 7.84384 -3.45671 
v -3.21185 7.64263 -3.57948 
v -3.36655 7.905 -3.46322 
v -3.74388 8.23314 -3.17966 
v -3.21103 7.72747 -3.58852 
v -3.74388 8.23314 -3.17966 
v -3.36598 7.96516 -3.46963 
v -3.74388 8.23314 -3.17966 
v -3.33054 7.95558 -3.77662 
v -3.45073 8.12694 -3.60303 
v -3.41513 8.00767 -3.8329 
v -3.51072 8.16388 -3.64295 
v -3.74387 8.23313 -3.17966 
v -3.52188 8.14387 -3.90242 
v -3.74386 8.23313 -3.17967 
v -3.58643 8.26048 -3.69225 
v -3.74603 8.15501 -3.95338 
v -3.74385 8.23312 -3.17967 
v -3.74539 8.26838 -3.72839 
v -3.74383 8.23312 -3.17967 
v -3.97067 8.38163 -3.29211 
v -3.71266 8.38509 -3.36451 
v -3.70554 8.51627 -3.39034 
v -4.15847 8.31765 -3.21641 
v -4.00101 8.51308 -3.30694 
v -4.40232 7.53466 -3.46013 
v -4.57127 7.89648 -3.39715 
v -4.5508 7.53526 -3.46495 
v -4.42246 7.88755 -3.39058 
v -4.54925 8.12064 -3.39423 
v -4.31627 7.49932 -3.61891 
v -4.40232 7.53466 -3.46013 
v -4.46475 7.49992 -3.64968 
v -4.34027 7.85438 -3.62112 
v -4.31627 7.49932 -3.61891 
v -4.34036 8.02484 -3.62365 
v -4.48908 7.86331 -3.6386 
v -4.32143 8.19268 -3.38411 
v -4.43172 8.33832 -3.40786 
v -4.40152 8.04235 -3.37894 
v -3.79656 8.38251 -3.1064 
v -3.95424 8.33302 -3.04219 
v -3.98043 8.42602 -3.01293 
v -3.95424 8.33302 -3.04219 
v -4.09273 8.34977 -2.94195 
v -3.46005 8.35805 -3.36599 
v -3.40905 8.36009 -3.53346 
v -3.31949 8.46459 -3.50504 
v -3.49664 8.28691 -3.37792 
v -3.44565 8.28895 -3.54539 
v -3.37048 8.46255 -3.33757 
v -3.21133 8.51955 -3.4715 
v -3.26232 8.51751 -3.30403 
v -3.37573 8.35859 -3.15825 
v -3.3792 8.45895 -3.16591 
v -3.14943 8.42602 -3.09615 
v -3.51041 8.30304 -3.1992 
v -3.54409 8.26243 -3.00151 
v -3.57843 8.36467 -2.96674 
v -3.65484 8.39447 -3.12167 
v -4.22021 8.11307 -2.91648 
v -4.16962 8.24256 -2.97384 
v -4.21969 8.31697 -2.93147 
v -4.1122 8.43415 -3.01982 
v -4.07822 8.34629 -3.04827 
v -3.96958 8.49342 -3.08574 
v -4.27884 8.16633 -2.86097 
v -4.22903 7.98392 -2.85927 
v -4.29619 8.01609 -2.79065 
v -3.43616 8.14408 -2.77118 
v -3.4182 8.20482 -2.71831 
v -3.349 8.05118 -2.66783 
v -3.23751 7.80853 -4.05337 
v -3.14077 7.78973 -4.09781 
v -3.07743 7.87075 -3.95237 
v -3.33221 7.85297 -3.3048 
v -3.74388 8.23314 -3.17966 
v -3.74388 8.23314 -3.17966 
v -3.96157 8.25705 -3.98658 
v -3.83907 8.23605 -3.73274 
v -4.00656 8.23837 -3.74687 
v -4.15554 7.76024 -3.33618 
v -3.74379 8.23315 -3.17966 
v -3.74378 8.23315 -3.17966 
v -4.15546 7.85297 -3.3048 
v -3.74378 8.23314 -3.17966 
v -3.51041 8.30304 -3.19588 
v -3.63015 8.47334 -3.15416 
v -3.55245 8.39931 -3.17838 
v -4.32425 7.56927 -3.35611 
v -4.32437 7.43852 -3.40036 
v -4.15554 7.76024 -3.33618 
v -4.15546 7.85297 -3.3048 
v -3.74378 8.23315 -3.17966 
v -4.32418 7.65137 -3.34309 
v -4.11961 7.74861 -3.46963 
v -3.74379 8.23315 -3.17966 
v -3.74379 8.23314 -3.17966 
v -4.27371 7.42212 -3.58852 
v -4.12052 7.84384 -3.45671 
v -4.27499 7.5564 -3.5703 
v -4.15541 7.9112 -3.29557 
v -3.74378 8.23314 -3.17966 
v -3.74378 8.23314 -3.17966 
v -4.3241 7.73215 -3.33398 
v -4.15535 7.96849 -3.28911 
v -4.30208 7.77 -3.23925 
v -4.13974 7.99533 -3.22192 
v -3.74378 8.23314 -3.17966 
v -4.28006 7.71043 -3.14452 
v -4.12412 7.95308 -3.15474 
v -3.74379 8.23314 -3.17966 
v -3.74379 8.23314 -3.17966 
v -4.24169 7.64535 -3.10855 
v -4.09691 7.90693 -3.12923 
v -4.24953 7.5527 -3.099 
v -4.10247 7.84122 -3.12245 
v -3.74379 8.23314 -3.17966 
v -4.15317 7.4484 -2.95644 
v -3.74379 8.23314 -3.17966 
v -4.03413 7.76724 -3.02135 
v -3.96579 7.38368 -2.83074 
v -3.7438 8.23315 -3.17966 
v -3.90124 7.72135 -2.9322 
v -3.74505 7.37163 -2.78397 
v -3.74381 8.23315 -3.17966 
v -3.74469 7.7128 -2.89904 
v -3.74383 8.23315 -3.17966 
v -4.15535 7.96849 -3.28911 
v -3.74378 8.23314 -3.17966 
v -3.74378 8.23314 -3.17966 
v -4.13974 7.99533 -3.22192 
v -3.74379 8.23314 -3.17966 
v -3.08273 8.23262 -3.7455 
v -3.15566 8.15841 -3.71249 
v -3.18632 8.01365 -3.69184 
v -3.13735 8.33838 -3.74595 
v -3.1951 8.23865 -3.70102 
v -4.27582 7.64263 -3.57948 
v -4.12111 7.905 -3.46322 
v -3.74379 8.23314 -3.17966 
v -3.74379 8.23314 -3.17966 
v -4.12169 7.96516 -3.46963 
v -4.27663 7.72747 -3.58852 
v -3.7438 8.23313 -3.17966 
v -4.03693 8.12694 -3.60303 
v -4.15712 7.95558 -3.77662 
v -3.74381 8.23313 -3.17967 
v -3.97694 8.16388 -3.64295 
v -4.07254 8.00767 -3.8329 
v -3.74381 8.23312 -3.17967 
v -3.90124 8.27792 -3.71197 
v -3.74383 8.23312 -3.17967 
v -3.96578 8.16846 -3.93023 
v -3.74539 8.26838 -3.72839 
v -3.74603 8.15501 -3.95338 
v -3.87795 8.23478 -2.86265 
v -3.98136 8.08895 -2.75379 
v -3.90224 8.32104 -2.8355 
v -3.74699 8.31238 -2.9366 
v -3.74873 8.40121 -2.91797 
v -3.62171 8.31919 -2.98069 
v -3.60188 8.41047 -2.97021 
v -3.21566 8.30273 -3.49891 
v -3.22763 8.48931 -3.55314 
v -3.26953 8.32561 -3.51467 
v -3.33172 8.3044 -3.53286 
v -3.26953 8.32561 -3.51467 
v -3.49363 8.4181 -3.62938 
v -3.51406 8.29274 -3.59134 
v -3.94762 8.31875 -3.48096 
v -3.70259 8.3044 -3.56995 
v -3.63559 8.50537 -3.57757 
v -3.51482 8.4181 -3.62938 
v -3.95534 8.50307 -3.49632 
v -4.19078 8.45447 -3.45329 
v -4.14476 8.28688 -3.4343 
v -4.34897 7.85853 -3.74746 
v -4.44821 7.86063 -3.76385 
v -4.40426 7.85115 -3.98344 
v -4.29789 7.98515 -3.76384 
v -4.3857 8.03671 -3.77638 
v -4.34897 7.85853 -3.74746 
v -3.71129 8.39632 -3.41292 
v -3.49527 8.31075 -3.44508 
v -3.51041 8.30304 -3.19588 
v -3.43735 8.298 -3.13582 
v -3.53943 8.298 -3.14989 
v -3.51553 8.298 -3.32332 
v -3.41345 8.298 -3.30925 
v -3.35008 8.39062 -3.30052 
v -3.37399 8.39062 -3.12709 
v -3.29706 8.4272 -3.29321 
v -3.32096 8.4272 -3.11978 
v -3.22139 8.4331 -3.28278 
v -3.24529 8.4331 -3.10935 
v -3.11458 8.42673 -3.26806 
v -3.13848 8.42673 -3.09463 
v -3.00333 8.40331 -3.25272 
v -3.02723 8.40331 -3.0793 
v -4.30502 7.84905 -3.96704 
v -4.25364 7.9839 -3.9893 
v -4.29789 7.98515 -3.76384 
v -4.34897 7.85853 -3.74746 
v -4.1968 8.15543 -3.75944 
v -4.15221 8.16341 -3.99151 
v -4.00656 8.23837 -3.74687 
v -3.96157 8.25705 -3.98658 
v -3.79371 8.26507 -3.97983 
v -3.83907 8.23605 -3.73274 
v -3.51661 8.25234 -3.90055 
v -3.60497 8.31965 -3.68954 
v -3.46628 8.30304 -3.66546 
v -3.4924 8.28015 -3.9012 
v -3.49527 8.31075 -3.38454 
v -3.69231 8.33642 -3.68149 
v -3.50717 8.27088 -3.70517 
v -3.38444 8.2922 -3.69262 
v -3.4059 8.39792 -3.72561 
v -3.49861 8.3639 -3.71297 
v -3.27054 8.27927 -3.68939 
v -3.1951 8.23865 -3.70102 
v -3.22818 8.40486 -3.74641 
v -3.10057 8.03777 -3.71772 
v -3.17416 7.88956 -3.67415 
v -3.07743 7.87075 -3.6939 
v -3.54409 8.26243 -3.00151 
v -3.65484 8.39447 -3.12167 
v -3.6205 8.29223 -3.15644 
v -3.57843 8.36467 -2.96674 
v -3.69291 8.44036 -3.09489 
v -3.61649 8.41055 -2.93996 
v -3.75778 8.46098 -3.05929 
v -3.68137 8.43118 -2.90436 
v -3.85271 8.47584 -3.00988 
v -3.77629 8.44604 -2.85495 
v -3.95541 8.47505 -2.95937 
v -3.87899 8.44525 -2.80444 
v -3.50549 8.20127 -2.69366 
v -3.67138 8.24079 -2.73518 
v -3.49366 8.23127 -2.792 
v -3.49527 8.31075 -3.38454 
v -3.71266 8.38509 -3.36451 
v -3.69231 8.33642 -3.68149 
v -3.96749 8.34549 -3.61652 
v -3.97067 8.38163 -3.29211 
v -4.18441 8.30081 -3.5246 
v -4.15847 8.31765 -3.21641 
v -4.37304 8.19808 -3.44467 
v -4.32176 8.19814 -3.15058 
v -4.43293 8.06645 -3.38948 
v -4.37028 8.06448 -3.10815 
v -4.47682 7.91638 -3.33983 
v -4.40435 7.91266 -3.06952 
v -4.42698 7.69104 -3.06222 
v -4.44288 7.55703 -3.05313 
v -4.49725 7.6794 -3.31959 
v -4.51437 7.55021 -3.30411 
v -4.4543 7.43204 -3.02289 
v -4.52704 7.43018 -3.26729 
v -3.9536 8.3905 -3.0986 
v -4.0019 8.38976 -3.32747 
v -3.71129 8.39632 -3.41292 
v -4.17476 8.35323 -3.24671 
v -3.67602 8.38156 -3.18228 
v -3.51041 8.30304 -3.19588 
v -4.07822 8.34629 -3.04827 
v -4.30925 8.25636 -3.14509 
v -4.16962 8.24256 -2.97384 
v -4.22021 8.11307 -2.91648 
v -4.37377 8.10988 -3.07796 
v -4.22903 7.98392 -2.85927 
v -4.39649 7.96379 -3.01101 
v -4.20092 7.7977 -2.79565 
v -4.36683 7.76384 -2.95462 
v -4.40232 7.53466 -3.46013 
v -4.31627 7.49932 -3.61891 
v -4.34027 7.85438 -3.62112 
v -4.42246 7.88755 -3.39058 
v -4.40152 8.04235 -3.37894 
v -4.34036 8.02484 -3.62365 
v -4.2807 8.19038 -3.63677 
v -4.32143 8.19268 -3.38411 
v -4.14476 8.28688 -3.4343 
v -4.10917 8.28035 -3.68186 
v -3.91594 8.30901 -3.72463 
v -3.94762 8.31875 -3.48096 
v -3.70259 8.3044 -3.56995 
v -3.66805 8.28987 -3.79876 
v -3.5072 8.29274 -3.64853 
v -3.50779 8.26645 -3.84968 
v -3.95969 7.94168 -2.70552 
v -3.91274 7.64399 -2.64765 
v -4.10454 7.65347 -2.76325 
v -4.13272 7.94274 -2.82616 
v -3.96666 8.17113 -2.7724 
v -4.111 8.17831 -2.90939 
v -4.05172 8.27674 -2.98685 
v -3.92575 8.26318 -2.82739 
v -3.95424 8.33302 -3.04219 
v -3.84888 8.31231 -2.85753 
v -3.72196 8.3521 -2.90593 
v -3.79656 8.38251 -3.1064 
v -3.60521 8.3356 -2.95045 
v -3.65153 8.37494 -3.16545 
v -3.51041 8.30304 -3.19588 
v -3.51348 8.28015 -2.96204 
v -3.50432 8.31905 -3.32644 
v -3.51053 8.27088 -3.59018 
v -3.36022 8.32508 -3.54895 
v -3.33986 8.37375 -3.27547 
v -3.2074 8.29505 -3.49317 
v -3.20422 8.33118 -3.2301 
v -3.12552 8.24129 -3.46126 
v -3.09457 8.27981 -3.19682 
v -3.10094 8.14245 -3.43606 
v -3.03327 8.18414 -3.16983 
v -3.043 8.02314 -3.13414 
v -3.10691 7.82413 -3.09003 
v -3.07902 7.99505 -3.40343 
v -3.10381 7.81284 -3.3631 
v -3.0032 7.56534 -3.07185 
v -2.9949 7.56473 -3.33349 
v -3.10697 8.10874 -3.00527 
v -3.12549 8.28736 -3.04047 
v -3.03113 8.24444 -3.25026 
v -3.16313 8.34411 -3.34976 
v -2.97479 8.07761 -3.18502 
v -3.22836 8.37409 -3.1187 
v -3.14357 7.98392 -2.97815 
v -3.28726 8.36489 -3.41292 
v -2.97612 7.96379 -3.1299 
v -3.12532 7.7977 -2.93873 
v -3.03479 7.76384 -3.09771 
v -3.32253 8.38156 -3.15998 
v -3.51041 8.30304 -3.19588 
v -3.49527 8.31075 -3.44508 
v -3.60058 8.45895 -3.68236 
v -3.88487 8.46943 -3.73111 
v -3.83907 8.23605 -3.73274 
v -3.46628 8.30304 -3.66546 
v -3.60497 8.31965 -3.68954 
v -3.67138 8.24079 -2.73518 
v -3.78224 8.29049 -2.6415 
v -3.7058 8.32792 -2.69102 
v -3.49366 8.23127 -2.792 
v -3.56326 8.33675 -2.79324 
v -3.7667 8.2132 -2.71 
v -3.84005 8.2192 -2.58919 
v -3.83631 8.07413 -2.65429 
v -3.87427 8.11642 -2.56358 
v -3.81438 8.15772 -2.66772 
v -3.65951 8.28106 -3.85334 
v -3.64875 8.29885 -4.0265 
v -3.49927 8.22015 -3.9547 
v -3.50779 8.26645 -3.84968 
v -3.76094 8.28691 -3.86302 
v -3.73226 8.30268 -4.06432 
v -3.8975 8.27342 -3.87711 
v -3.84471 8.26118 -4.10065 
v -4.04104 8.22572 -3.90346 
v -3.95129 8.21706 -4.12422 
v -4.1742 8.09016 -3.94415 
v -4.10106 8.06403 -4.13943 
v -4.27097 7.91647 -3.94289 
v -4.18519 7.90742 -4.14791 
v -4.30796 7.7934 -3.93321 
v -4.21296 7.77437 -4.12306 
v -4.29748 7.67602 -3.91037 
v -4.21024 7.59499 -4.0641 
v -3.82256 7.92469 -2.65372 
v -3.77901 7.64855 -2.60004 
v -3.95693 7.65735 -2.70728 
v -3.98307 7.92567 -2.76563 
v -3.84747 8.08229 -2.62671 
v -3.98136 8.08895 -2.75379 
v -3.87795 8.23478 -2.86265 
v -3.78022 8.21557 -2.69135 
v -3.67725 8.28434 -2.75092 
v -3.74699 8.31238 -2.9366 
v -3.57875 8.2827 -2.78124 
v -3.62171 8.31919 -2.98069 
v -3.51348 8.28015 -2.96204 
v -3.49366 8.23127 -2.792 
v -3.20649 7.94168 -2.85898 
v -3.01629 7.94274 -2.97961 
v -3.02533 7.65347 -2.9636 
v -3.21712 7.64399 -2.84799 
v -3.22541 8.17113 -2.87174 
v -3.06069 8.17831 -3.04384 
v -3.09775 8.27297 -3.07781 
v -3.27096 8.25319 -2.89473 
v -3.17562 8.33302 -3.12542 
v -3.3565 8.30187 -2.93243 
v -3.48937 8.29127 -2.95971 
v -3.37573 8.35859 -3.15825 
v -3.51041 8.30304 -3.1992 
v -3.51348 8.28015 -2.96204 
v -3.08713 7.67702 -3.38902 
v -3.05568 7.85319 -3.39198 
v -3.09157 7.84671 -3.61995 
v -3.12642 7.64168 -3.62271 
v -3.10024 8.08144 -3.64059 
v -3.06825 8.05488 -3.41917 
v -3.10964 8.20018 -3.45227 
v -3.13159 8.2086 -3.67773 
v -3.22754 8.29298 -3.71701 
v -3.21566 8.30273 -3.49891 
v -3.26953 8.32561 -3.51467 
v -3.2772 8.31364 -3.74153 
v -3.33172 8.3044 -3.53286 
v -3.33453 8.28987 -3.75666 
v -3.51406 8.29274 -3.59134 
v -3.51348 8.26645 -3.80098 
v -3.5069 8.16924 -2.6511 
v -3.68653 8.18029 -2.68161 
v -3.50549 8.20127 -2.69366 
v -3.38444 8.2349 -3.84968 
v -3.4059 8.39792 -3.88268 
v -3.49861 8.3639 -3.87004 
v -3.27054 8.22197 -3.87496 
v -3.50779 8.26645 -3.84968 
v -3.65951 8.28106 -3.85334 
v -3.50779 8.26645 -3.84968 
v -3.54162 8.3639 -3.87004 
v -3.76668 8.47589 -3.90625 
v -3.63806 8.46158 -3.88634 
v -3.76094 8.28691 -3.86302 
v -3.8975 8.27342 -3.87711 
v -3.93987 8.44851 -3.93413 
v -4.0956 8.38032 -3.96356 
v -3.8975 8.27342 -3.87711 
v -4.04104 8.22572 -3.90346 
v -4.1742 8.09016 -3.94415 
v -4.29325 8.18509 -4.00404 
v -4.39999 7.97621 -4.00884 
v -4.27097 7.91647 -3.94289 
v -4.30796 7.7934 -3.93321 
v -4.44302 7.79679 -3.99734 
v -4.29748 7.67602 -3.91037 
v -4.43542 7.65721 -3.96698 
v -4.21024 7.59499 -4.0641 
v -4.29748 7.67602 -3.91037 
v -3.38444 8.2349 -3.84968 
v -3.50779 8.26645 -3.84968 
v -3.49927 8.22015 -3.9547 
v -3.3952 8.2352 -4.02781 
v -3.27054 8.22197 -3.87496 
v -3.32334 8.21753 -4.07217 
v -3.20613 8.16334 -3.90187 
v -3.25684 8.17752 -4.10632 
v -3.18936 8.08703 -3.90774 
v -3.23774 8.10626 -4.10266 
v -3.17416 7.88956 -3.90146 
v -3.23751 7.80853 -4.05337 
v -3.38444 8.2922 -3.69262 
v -3.50717 8.27088 -3.70517 
v -3.50779 8.26645 -3.84968 
v -3.3952 8.2352 -3.87074 
v -3.27054 8.27927 -3.68939 
v -3.29012 8.21753 -3.87194 
v -3.1951 8.23865 -3.70102 
v -3.22918 8.19866 -3.87959 
v -3.15566 8.15841 -3.71249 
v -3.20404 8.13987 -3.88712 
v -3.18632 8.01365 -3.69184 
v -3.24276 7.96146 -3.86736 
v -3.17416 7.88956 -3.67415 
v -3.23751 7.80853 -3.85043 
v -3.33193 8.03543 -2.7023 
v -3.17578 8.09503 -2.78653 
v -3.15884 7.95273 -2.75459 
v -3.38615 8.16427 -2.75227 
v -3.31249 7.91379 -2.67458 
v -3.18306 7.75464 -2.72799 
v -3.33574 7.69693 -2.64711 
v -3.25542 8.23411 -2.84225 
v -3.44168 8.21532 -2.7837 
v -3.37998 8.27873 -2.89865 
v -3.51664 8.22218 -2.8259 
v -3.51348 8.28015 -2.96204 
v -3.53286 8.22486 -4.03315 
v -3.73208 8.22986 -4.02293 
v -3.76457 8.22973 -4.07362 
v -3.49927 8.22015 -3.9547 
v -3.70035 8.22997 -3.95547 
v -3.59128 8.22973 -4.12784 
v -3.80436 8.21733 -4.10797 
v -3.62546 8.21633 -4.19327 
v -3.85486 8.16978 -4.13583 
v -3.68973 8.16778 -4.24589 
v -3.88161 8.04076 -4.14809 
v -3.73803 8.03876 -4.27763 
v -3.88597 7.88625 -4.14427 
v -3.75984 7.88424 -4.28275 
v -3.87841 7.76376 -4.132 
v -3.76 7.76176 -4.26514 
v -3.1303 7.48033 -3.39247 
v -3.12109 7.52949 -3.2977 
v -3.1213 7.68403 -3.31674 
v -3.12716 7.63472 -3.42564 
v -3.12002 7.77872 -3.33616 
v -3.13523 7.73023 -3.4597 
v -3.043 8.02314 -3.13414 
v -3.10094 8.14245 -3.43606 
v -3.07902 7.99505 -3.40343 
v -3.6902 8.01452 -2.57005 
v -3.70963 7.89288 -2.54233 
v -3.85325 7.93183 -2.62234 
v -3.83906 7.73373 -2.59574 
v -3.68638 7.67603 -2.51487 
v -3.83631 8.07413 -2.65429 
v -3.67671 8.0925 -2.58033 
v -3.81438 8.15772 -2.66772 
v -3.63597 8.14336 -2.62002 
v -3.7667 8.2132 -2.71 
v -3.59042 8.18487 -2.64227 
v -3.67138 8.24079 -2.73518 
v -3.50549 8.20127 -2.69366 
v -3.57829 7.62148 -2.6547 
v -3.57035 7.86696 -2.65619 
v -3.37209 7.85586 -2.73812 
v -3.38563 7.62833 -2.73949 
v -3.37802 8.02922 -2.74558 
v -3.57506 8.02466 -2.67104 
v -3.59039 8.14451 -2.72467 
v -3.43616 8.14408 -2.77118 
v -3.49366 8.23127 -2.792 
v -3.60534 8.17653 -2.76453 
v -3.49598 7.64621 -2.58094 
v -3.68086 7.65307 -2.59963 
v -3.69325 7.8806 -2.59401 
v -3.50398 7.8917 -2.57982 
v -3.69001 8.05396 -2.60297 
v -3.50427 8.0494 -2.59539 
v -3.5069 8.16924 -2.6511 
v -3.68181 8.16882 -2.64583 
v -3.68653 8.18029 -2.68161 
v -4.35737 7.48033 -3.39247 
v -4.3605 7.63472 -3.42564 
v -4.36636 7.68403 -3.31674 
v -4.36658 7.52949 -3.2977 
v -4.36764 7.77872 -3.33616 
v -4.35243 7.73023 -3.4597 
v -3.75984 7.88424 -4.28275 
v -3.88597 7.88625 -4.14427 
v -3.87841 7.76376 -4.132 
v -4.42698 7.69104 -3.06222 
v -4.49725 7.6794 -3.31959 
v -4.47682 7.91638 -3.33983 

vn -0.330709 -0.0551181 -0.944882 
vn 0.322835 0 0.944882 
vn 0.307087 0.00787402 0.952756 
vn 0.944882 -0.181102 -0.275591 
vn -0.952756 0.141732 0.267717 
vn -0.952756 0.141732 0.267717 
vn 0.944882 -0.181102 -0.275591 
vn 0.944882 -0.181102 -0.275591 
vn 0.944882 0.314961 -0.0629921 
vn 0.944882 0.314961 -0.0629921 
vn 0.944882 0.314961 -0.0629921 
vn 0.952756 0.307087 -0.0551181 
vn 0.015748 0.181102 0.984252 
vn -0.417323 -0.897638 -0.11811 
vn 0.259843 -0.338583 -0.905512 
vn 0.944882 0.314961 -0.0629921 
vn -0.417323 -0.897638 -0.11811 
vn -0.102362 0.952756 -0.291339 
vn -0.102362 0.952756 -0.291339 
vn 0.307087 -0.944882 0.125984 
vn -0.102362 0.952756 -0.291339 
vn -0.0944882 0.952756 -0.283465 
vn 0.307087 -0.944882 0.125984 
vn -0.590551 0.685039 -0.425197 
vn -0.590551 0.685039 -0.425197 
vn -0.590551 0.685039 -0.425197 
vn 0.307087 -0.944882 0.125984 
vn 0.653543 -0.677165 0.338583 
vn -0.606299 0.629921 -0.488189 
vn 0.653543 -0.677165 0.338583 
vn -0.826772 0.165354 -0.535433 
vn -0.826772 0.165354 -0.535433 
vn 0.88189 -0.102362 0.456693 
vn -0.826772 0.165354 -0.535433 
vn -0.818898 0.11811 -0.559055 
vn 0.88189 -0.102362 0.456693 
vn -0.826772 -0.165354 -0.535433 
vn -0.826772 -0.15748 -0.535433 
vn 0.889764 0.149606 0.425197 
vn 0.889764 0.149606 0.425197 
vn -0.992126 -0.00787402 -0.0944882 
vn -0.992126 -0.00787402 -0.0944882 
vn -0.992126 -0.00787402 -0.0944882 
vn 1 0.0314961 0.0393701 
vn 1 0.0314961 0.0393701 
vn -1 -0.0314961 -0.0393701 
vn -1 -0.023622 -0.0472441 
vn -0.992126 0.0393701 -0.133858 
vn 0.992126 -0.0314961 0.133858 
vn 1 0.0314961 0.0393701 
vn 0.992126 -0.0314961 0.133858 
vn -0.795276 0.551181 -0.251969 
vn -0.795276 0.574803 -0.204724 
vn -0.637795 -0.76378 0.0866142 
vn -0.874016 -0.464567 0.133858 
vn -0.275591 0.905512 -0.314961 
vn -0.267717 0.92126 -0.267717 
vn -0.637795 -0.76378 0.0866142 
vn -0.0708661 -1 0.0314961 
vn 0.338583 0.937008 0.110236 
vn -0.0472441 -0.755906 0.653543 
vn -0.110236 0.724409 -0.677165 
vn -0.527559 -0.80315 -0.267717 
vn 0.149606 0.385827 -0.913386 
vn -0.527559 -0.80315 -0.267717 
vn -0.748031 -0.417323 -0.511811 
vn 0.76378 0.574803 0.291339 
vn -0.0472441 -0.755906 0.653543 
vn -0.0866142 -0.322835 0.944882 
vn -0.314961 -0.0551181 0.944882 
vn 0.937008 0.23622 0.259843 
vn 0.393701 0.0393701 -0.92126 
vn -0.913386 -0.181102 -0.362205 
vn -0.314961 -0.0551181 0.944882 
vn -0.401575 0.0866142 0.913386 
vn 0.968504 0 0.259843 
vn -0.897638 -0.110236 -0.433071 
vn -0.401575 0.0866142 0.913386 
vn 0.299213 -0.244094 -0.92126 
vn -0.897638 -0.110236 -0.433071 
vn -0.913386 -0.181102 -0.362205 
vn -0.0708661 -0.00787402 1 
vn -0.0708661 -0.00787402 1 
vn -0.0708661 -0.00787402 1 
vn -0.102362 -0.0314961 0.992126 
vn 0.102362 0.0314961 -0.992126 
vn 0.0787402 0.00787402 -1 
vn -0.0393701 0.110236 0.992126 
vn -0.0393701 0.110236 0.992126 
vn 0.0393701 -0.0944882 -0.992126 
vn -0.125984 0.952756 -0.275591 
vn -0.015748 0.88189 -0.472441 
vn -0.00787402 -0.952756 -0.307087 
vn -0.125984 0.952756 -0.275591 
vn -0.125984 0.952756 -0.275591 
vn -0.307087 -0.566929 0.76378 
vn 0.76378 -0.574803 0.299213 
vn 0.92126 0.00787402 0.385827 
vn 0.283465 -0.551181 -0.787402 
vn -0.771654 -0.551181 -0.307087 
vn 0.401575 -0.023622 -0.913386 
vn 0.283465 -0.551181 -0.787402 
vn 0.212598 -0.15748 -0.96063 
vn 0.716535 0.23622 0.653543 
vn -0.362205 0.0393701 0.929134 
vn -0.771654 -0.551181 -0.307087 
vn -0.929134 -0.015748 -0.370079 
vn -0.0944882 0.259843 0.96063 
vn -0.755906 -0.220472 -0.622047 
vn -0.267717 -0.354331 -0.897638 
vn 0.212598 -0.15748 -0.96063 
vn -0.307087 0.637795 -0.700787 
vn 0.220472 0.661417 0.716535 
vn 0.023622 0.84252 0.535433 
vn -0.755906 -0.220472 -0.622047 
vn -0.141732 -0.519685 -0.84252 
vn -0.307087 0.637795 -0.700787 
vn -0.220472 -0.0472441 -0.976378 
vn -0.905512 0.377953 -0.188976 
vn 0.653543 -0.748031 0.0866142 
vn 0.889764 -0.417323 0.173228 
vn -0.133858 0.929134 -0.338583 
vn 0.0708661 -0.984252 0.165354 
vn 0.543307 -0.188976 0.818898 
vn -0.401575 0.251969 0.88189 
vn -0.401575 0.251969 0.88189 
vn -0.401575 0.251969 0.88189 
vn 0.409449 -0.244094 -0.88189 
vn 0.409449 -0.267717 -0.874016 
vn -0.464567 0.0866142 0.88189 
vn 0.448819 -0.0629921 -0.889764 
vn -0.409449 0.267717 0.874016 
vn -0.448819 0.0708661 0.889764 
vn 0.448819 -0.0629921 -0.889764 
vn 0.409449 -0.267717 -0.874016 
vn 0.409449 -0.267717 -0.874016 
vn -0.149606 0.661417 0.732283 
vn 0.141732 -0.677165 -0.724409 
vn -0.149606 0.661417 0.732283 
vn 0.188976 -0.622047 -0.76378 
vn 0.141732 -0.669291 -0.724409 
vn 0.0866142 -0.818898 -0.566929 
vn -0.0393701 0.826772 0.559055 
vn -0.15748 0.653543 0.740157 
vn 0.141732 -0.677165 -0.724409 
vn -0.0393701 0.826772 0.559055 
vn 0.188976 -0.622047 -0.76378 
vn -0.0393701 0.826772 0.559055 
vn 0.811024 0.527559 0.244094 
vn 0.80315 0.535433 0.259843 
vn 0.80315 0.535433 0.259843 
vn 0.80315 0.535433 0.259843 
vn -0.559055 0 0.826772 
vn 0.19685 0 0.984252 
vn -0.204724 0.0944882 0.976378 
vn -0.19685 0.0787402 0.976378 
vn 1 -0.0314961 -0.0393701 
vn 1 -0.0314961 -0.0393701 
vn 1 -0.0314961 -0.0393701 
vn -0.992126 -0.0314961 0.133858 
vn 0.992126 0.0393701 -0.133858 
vn 0.992126 0.0393701 -0.133858 
vn 0.992126 -0.00787402 -0.0944882 
vn -0.992126 0.00787402 0.0944882 
vn -0.992126 0.00787402 0.0944882 
vn -0.992126 0.00787402 0.0944882 
vn -0.992126 0.00787402 0.0944882 
vn -1 0.023622 0.0393701 
vn 0.307087 -0.944882 0.125984 
vn -0.0944882 0.952756 -0.283465 
vn -0.102362 0.952756 -0.291339 
vn 0.307087 -0.944882 0.125984 
vn -0.590551 0.685039 -0.425197 
vn 0.653543 -0.677165 0.338583 
vn -0.606299 0.629921 -0.488189 
vn -0.259843 -0.937008 -0.220472 
vn -0.259843 -0.937008 -0.220472 
vn -0.259843 -0.937008 -0.220472 
vn -0.259843 -0.937008 -0.220472 
vn -0.685039 0.023622 0.724409 
vn -0.259843 -0.937008 -0.220472 
vn -0.740157 -0.0944882 -0.669291 
vn 0.543307 -0.188976 0.818898 
vn -0.740157 -0.0944882 -0.669291 
vn -0.259843 -0.937008 -0.220472 
vn 0.732283 0.110236 0.669291 
vn -0.740157 0.188976 0.645669 
vn 0.543307 -0.188976 0.818898 
vn -0.519685 0.330709 -0.787402 
vn 0.614173 -0.393701 0.685039 
vn -0.740157 0.188976 0.645669 
vn 0.0787402 -0.96063 0.251969 
vn -0.519685 0.330709 -0.787402 
vn 0.543307 -0.188976 0.818898 
vn -0.818898 0 0.574803 
vn -0.023622 -1 0.015748 
vn -0.133858 0.929134 -0.338583 
vn 0.00787402 1 0.015748 
vn 0.00787402 1 0.015748 
vn 0.0708661 -0.984252 0.165354 
vn -0.015748 -1 -0.0393701 
vn 0.00787402 1 0.015748 
vn -0.023622 -1 0.015748 
vn -0.023622 -1 0.015748 
vn 0.259843 0 0.968504 
vn 0.259843 0 0.968504 
vn -0.023622 -1 0.015748 
vn -0.015748 -1 -0.0393701 
vn 0.244094 0.92126 0.299213 
vn 0.259843 0 0.968504 
vn 0.015748 0.448819 0.889764 
vn 0.259843 0 0.968504 
vn 0.015748 0.448819 0.889764 
vn -0.330709 0.181102 0.929134 
vn -0.267717 0.141732 0.952756 
vn 0.937008 0.0866142 0.330709 
vn -0.937008 -0.0787402 -0.330709 
vn -0.984252 0.0787402 -0.15748 
vn -0.889764 -0.338583 -0.307087 
vn -0.464567 0.149606 0.874016 
vn 0.897638 -0.0393701 0.440945 
vn 0.173228 -0.149606 -0.976378 
vn 0.393701 -0.173228 -0.905512 
vn 0.173228 -0.149606 -0.976378 
vn 0.456693 -0.110236 -0.88189 
vn 0.866142 0.401575 0.299213 
vn 0.417323 -0.0551181 -0.905512 
vn 0.637795 0.76378 0.0787402 
vn -0.370079 0.259843 0.889764 
vn -0.76378 -0.606299 -0.212598 
vn -0.464567 0.385827 0.795276 
vn -0.76378 -0.606299 -0.212598 
vn -0.401575 -0.905512 0.125984 
vn -0.818898 -0.566929 0.0787402 
vn -0.653543 0.0944882 0.755906 
vn 0.267717 0.952756 -0.141732 
vn 0.370079 -0.204724 -0.905512 
vn 0.417323 -0.0551181 -0.905512 
vn -0.535433 -0.0787402 -0.84252 
vn -0.275591 0.92126 -0.275591 
vn -0.818898 -0.566929 0.0787402 
vn -0.535433 -0.0787402 -0.84252 
vn -0.0787402 0.023622 1 
vn -0.0787402 -0.00787402 1 
vn 0.015748 0.0787402 -1 
vn -0.771654 0.598425 -0.19685 
vn -0.755906 0.622047 -0.212598 
vn -0.811024 -0.574803 0.110236 
vn -0.653543 -0.755906 0.023622 
vn -0.0629921 -0.968504 0.244094 
vn -0.653543 -0.755906 0.023622 
vn -0.228346 0.92126 -0.307087 
vn -0.228346 0.92126 -0.307087 
vn -0.811024 -0.574803 0.110236 
vn -0.165354 -0.937008 0.314961 
vn 0.212598 0.905512 -0.362205 
vn 0.23622 0.913386 -0.330709 
vn -0.267717 -0.905512 0.330709 
vn 0.708661 0.629921 -0.307087 
vn -0.228346 -0.92126 0.307087 
vn -0.637795 -0.708661 0.291339 
vn 0.732283 0.622047 -0.283465 
vn -0.622047 -0.716535 0.307087 
vn -0.96063 -0.0787402 0.275591 
vn -0.637795 -0.708661 0.291339 
vn 0.952756 0.15748 -0.259843 
vn -0.952756 0.0944882 0.291339 
vn 0.952756 0.15748 -0.259843 
vn -0.952756 -0.125984 0.267717 
vn 0.952756 -0.0472441 -0.291339 
vn -0.952756 0.102362 0.275591 
vn -0.0866142 -0.889764 0.440945 
vn 0.96063 -0.0551181 -0.283465 
vn -0.0866142 -0.897638 0.440945 
vn -0.0866142 -0.897638 0.440945 
vn -0.0866142 -0.897638 0.440945 
vn -0.0866142 -0.889764 0.440945 
vn 0.204724 0.015748 0.976378 
vn -0.559055 0 0.826772 
vn -0.11811 -0.944882 -0.314961 
vn 0.976378 0.023622 -0.228346 
vn 0.96063 0.0944882 -0.267717 
vn 0 -0.322835 0.944882 
vn -0.362205 0.125984 -0.92126 
vn -0.96063 0.0944882 -0.267717 
vn -0.96063 0.0944882 -0.267717 
vn 0.362205 0.125984 -0.92126 
vn 0 -0.322835 0.944882 
vn 0.826772 0 0.559055 
vn 0.559055 0 0.826772 
vn 0.110236 -0.944882 -0.314961 
vn -0.23622 -0.937008 -0.251969 
vn -0.251969 -0.952756 -0.165354 
vn -0.944882 0.00787402 -0.322835 
vn -0.944882 0.00787402 -0.322835 
vn -0.944882 0.00787402 -0.322835 
vn -0.905512 -0.0472441 -0.417323 
vn 0.88189 0.0629921 0.464567 
vn -0.937008 0.0944882 -0.330709 
vn 0.88189 0.0629921 0.464567 
vn 0.944882 -0.015748 0.338583 
vn 0.968504 0.00787402 0.244094 
vn -0.968504 0 -0.244094 
vn 0.968504 0.00787402 0.244094 
vn 0.480315 -0.874016 0.0944882 
vn -0.448819 0.889764 -0.0866142 
vn -0.448819 0.889764 -0.0866142 
vn -0.448819 0.889764 -0.0866142 
vn 0.488189 -0.866142 0.0866142 
vn 0.480315 -0.874016 0.0944882 
vn -0.464567 0.88189 -0.0551181 
vn -0.015748 1 -0.0393701 
vn 0.0551181 0.984252 -0.188976 
vn 0.0551181 0.984252 -0.188976 
vn -0.0472441 -1 0.0314961 
vn 0.480315 -0.874016 0.0944882 
vn -0.0629921 -1 0.0551181 
vn 0.0551181 0.984252 -0.188976 
vn 0.598425 0.76378 -0.23622 
vn -0.0472441 -1 0.0314961 
vn -0.0393701 -1 0.0551181 
vn 0.598425 0.76378 -0.23622 
vn -0.102362 -0.984252 0.125984 
vn -0.0393701 -1 0.0551181 
vn -0.102362 -0.984252 0.125984 
vn -0.645669 -0.748031 0.125984 
vn -0.732283 0.677165 -0.110236 
vn -0.80315 0.582677 -0.102362 
vn -0.858268 -0.503937 0.110236 
vn -0.267717 0.944882 -0.173228 
vn -0.0944882 -0.984252 0.15748 
vn -0.645669 -0.748031 0.125984 
vn -0.0472441 0.984252 -0.149606 
vn -0.425197 -0.889764 0.15748 
vn 0.370079 0.92126 -0.149606 
vn 0.0866142 -0.984252 0.173228 
vn 0.354331 0.913386 -0.188976 
vn -0.464567 -0.866142 0.181102 
vn 0.527559 0.834646 -0.165354 
vn -0.968504 0.110236 0.228346 
vn 0.385827 0.88189 -0.259843 
vn -0.409449 -0.897638 0.149606 
vn -0.787402 -0.598425 0.149606 
vn 0.110236 -0.19685 -0.976378 
vn 0.984252 0.0393701 -0.15748 
vn 0.984252 0.0629921 -0.181102 
vn -0.968504 0.110236 0.228346 
vn -0.976378 0.0393701 0.204724 
vn 0.976378 0.0708661 -0.188976 
vn -0.929134 -0.370079 0.00787402 
vn 0.984252 0.0472441 -0.165354 
vn 0.0944882 -0.19685 -0.976378 
vn 0.110236 -0.19685 -0.976378 
vn -0.92126 -0.385827 -0.00787402 
vn 0.92126 0.393701 0.015748 
vn 0.929134 0.377953 -0.00787402 
vn 0.92126 0.393701 0.00787402 
vn 0.905512 0.417323 0.0314961 
vn -0.913386 -0.401575 -0.0314961 
vn 0.708661 -0.165354 0.692913 
vn 0.96063 -0.23622 -0.133858 
vn 0.96063 -0.244094 -0.141732 
vn -0.976378 0.165354 0.141732 
vn -0.976378 0.165354 0.141732 
vn -0.716535 0.133858 0.685039 
vn -0.614173 0.0944882 0.779528 
vn -0.716535 0.133858 0.685039 
vn 0.755906 -0.0551181 0.653543 
vn -0.645669 0.0314961 0.76378 
vn 0.76378 0.188976 0.622047 
vn 0.96063 0.275591 -0.0787402 
vn -0.968504 -0.228346 0.0944882 
vn 0.80315 0.488189 0.346457 
vn -0.771654 -0.244094 0.590551 
vn -0.598425 -0.795276 0.0708661 
vn 0.968504 0.244094 -0.0551181 
vn -0.976378 -0.212598 0.0866142 
vn 0.629921 0.771654 -0.023622 
vn -0.519685 -0.850394 0.0551181 
vn 0.307087 0.944882 -0.0787402 
vn 0.551181 0.834646 -0.0551181 
vn 0.0787402 -0.992126 0.0629921 
vn 0.188976 0.968504 -0.141732 
vn -0.15748 0.976378 -0.165354 
vn 0.212598 -0.976378 0.0551181 
vn -0.818898 0.551181 -0.149606 
vn -0.322835 0.92126 -0.220472 
vn 0.19685 -0.976378 0.0787402 
vn 0.0787402 -0.992126 0.0629921 
vn -0.889764 -0.448819 0.0551181 
vn -0.850394 0.503937 -0.133858 
vn -0.622047 -0.779528 0.0472441 
vn -0.889764 -0.448819 0.0551181 
vn 0.944882 -0.181102 -0.275591 
vn 0.944882 -0.181102 -0.275591 
vn -0.944882 0.181102 0.275591 
vn -0.165354 -0.937008 0.314961 
vn 0.212598 0.905512 -0.362205 
vn -0.228346 -0.92126 0.307087 
vn -0.0866142 0.0866142 0.992126 
vn -0.283465 0.0787402 0.952756 
vn 0.968504 -0.0314961 0.251969 
vn 0.19685 -0.0551181 -0.976378 
vn -0.984252 0.0629921 -0.181102 
vn -0.992126 -0.015748 -0.11811 
vn 0.0866142 0.291339 0.952756 
vn -0.944882 -0.283465 0.149606 
vn 0.984252 0.0629921 0.173228 
vn 0.220472 -0.110236 -0.968504 
vn 0.19685 -0.0551181 -0.976378 
vn 0.11811 -0.283465 -0.952756 
vn 0.96063 0.283465 -0.0393701 
vn -0.00787402 -0.527559 -0.850394 
vn 0.181102 0.606299 0.771654 
vn -0.700787 -0.708661 -0.0629921 
vn -0.0629921 -0.976378 -0.212598 
vn 0.015748 0.976378 0.220472 
vn 0.755906 0.629921 0.181102 
vn -0.228346 -0.897638 -0.377953 
vn 0.173228 0.905512 0.393701 
vn 0.125984 -0.96063 -0.251969 
vn -0.228346 -0.897638 -0.377953 
vn -0.582677 0.80315 0.133858 
vn -0.0629921 -0.976378 -0.212598 
vn -0.346457 0.88189 0.314961 
vn -0.787402 0.614173 0.0393701 
vn -0.858268 -0.511811 -0.0708661 
vn -0.866142 0.503937 0.0314961 
vn -0.858268 -0.511811 -0.0708661 
vn -0.716535 -0.692913 -0.0787402 
vn -0.102362 -0.984252 0.125984 
vn -0.0629921 -1 0.0551181 
vn 0.0551181 0.984252 -0.188976 
vn 0.19685 -0.0551181 -0.976378 
vn -0.283465 0.0787402 0.952756 
vn -0.984252 0.0629921 -0.181102 
vn 0.102362 0.992126 0.023622 
vn -0.102362 0.992126 0.023622 
vn -0.102362 0.992126 0.023622 
vn -0.370079 0.929134 0.0708661 
vn -0.0866142 0.992126 -0.0629921 
vn -0.314961 0.92126 -0.212598 
vn -0.314961 0.92126 -0.212598 
vn -0.370079 0.929134 0.0708661 
vn -0.0866142 0.992126 -0.0629921 
vn -0.740157 0.456693 -0.496063 
vn -0.740157 0.456693 -0.496063 
vn -0.874016 0.456693 0.173228 
vn -0.834646 -0.00787402 -0.551181 
vn -0.0944882 0.992126 0.0629921 
vn -0.984252 -0.00787402 -0.188976 
vn -0.976378 0.015748 0.204724 
vn -0.874016 0.456693 0.173228 
vn -0.314961 0.929134 0.212598 
vn -0.11811 0.984252 -0.102362 
vn 0.141732 0.913386 0.377953 
vn 0.527559 0.779528 -0.338583 
vn -0.590551 -0.724409 0.354331 
vn 0.110236 -0.992126 0.0787402 
vn -0.590551 -0.724409 0.354331 
vn -0.80315 -0.173228 0.574803 
vn -0.653543 0.755906 -0.023622 
vn -0.740157 -0.669291 0.0944882 
vn -0.0787402 1 -0.023622 
vn -0.677165 0.740157 0.00787402 
vn -0.740157 -0.669291 0.0944882 
vn -0.779528 -0.622047 -0.0629921 
vn -0.779528 -0.622047 -0.0629921 
vn 0.0314961 -0.88189 -0.472441 
vn 0.0944882 -0.992126 0.0551181 
vn 0.0393701 -0.440945 -0.897638 
vn 0.0314961 -0.88189 -0.472441 
vn 0.834646 0.409449 -0.370079 
vn 0.96063 0.0472441 -0.283465 
vn 0.015748 -0.385827 -0.92126 
vn 0.385827 0.582677 0.716535 
vn -0.952756 0.125984 0.267717 
vn 0.488189 0.244094 0.834646 
vn -0.992126 0.0629921 0.133858 
vn -0.0472441 -0.322835 -0.944882 
vn 0.322835 0.149606 0.937008 
vn -0.984252 0.15748 0.0944882 
vn 0.00787402 0.204724 0.976378 
vn 0.976378 -0.133858 -0.181102 
vn 0.913386 -0.291339 -0.275591 
vn -0.377953 -0.0393701 -0.92126 
vn -0.377953 -0.0393701 -0.92126 
vn -0.433071 0.15748 -0.889764 
vn -0.433071 0.15748 -0.889764 
vn -0.433071 0.15748 -0.889764 
vn -0.433071 0.15748 -0.889764 
vn -0.433071 0.15748 -0.889764 
vn -0.433071 0.15748 -0.889764 
vn -0.433071 0.15748 -0.889764 
vn -0.433071 0.15748 -0.889764 
vn -0.433071 0.15748 -0.889764 
vn -0.433071 0.15748 -0.889764 
vn -0.433071 0.15748 -0.889764 
vn -0.874016 0.149606 0.456693 
vn -0.874016 0.149606 0.456693 
vn -0.874016 0.149606 0.456693 
vn -0.874016 0.149606 0.456693 
vn -0.874016 0.149606 0.456693 
vn 0.433071 -0.15748 0.889764 
vn -0.874016 0.149606 0.456693 
vn -0.133858 -0.984252 -0.125984 
vn 0.433071 -0.15748 0.889764 
vn -0.259843 -0.96063 -0.0551181 
vn 0.425197 -0.15748 0.889764 
vn -0.519685 -0.850394 0.0944882 
vn 0.433071 -0.149606 0.889764 
vn -0.519685 -0.850394 0.0944882 
vn 0.433071 -0.15748 0.889764 
vn 0.433071 -0.15748 0.889764 
vn 0.433071 -0.15748 0.889764 
vn 0.0787402 -0.992126 0.0629921 
vn 0.188976 0.968504 -0.141732 
vn 0.551181 0.834646 -0.0551181 
vn -0.566929 0.125984 0.811024 
vn -0.566929 0.125984 0.811024 
vn -0.566929 0.125984 0.811024 
vn -0.511811 0.0866142 0.858268 
vn -0.685039 0.0472441 0.724409 
vn 0.566929 -0.11811 -0.811024 
vn 0.511811 -0.0866142 -0.858268 
vn -0.685039 0.0472441 0.724409 
vn 0.511811 -0.0866142 -0.858268 
vn 0.511811 -0.0866142 -0.858268 
vn -0.456693 0.716535 0.519685 
vn -0.661417 0.606299 0.440945 
vn -0.330709 0.905512 0.259843 
vn -0.330709 0.905512 0.259843 
vn 0.692913 0.724409 -0.015748 
vn -0.322835 -0.944882 -0.102362 
vn 0.370079 -0.889764 -0.275591 
vn 0.692913 0.724409 -0.015748 
vn -0.527559 -0.834646 -0.181102 
vn 0.692913 0.724409 -0.015748 
vn 0.771654 0.637795 0.00787402 
vn -0.527559 -0.834646 -0.181102 
vn 0.188976 -0.622047 -0.76378 
vn 0.188976 -0.622047 -0.76378 
vn -0.0393701 0.826772 0.559055 
vn 0.80315 0.535433 0.259843 
vn 0.811024 0.527559 0.244094 
vn 0.141732 -0.677165 -0.724409 
vn -0.15748 0.653543 0.740157 
vn 0.173228 -0.149606 -0.976378 
vn -0.464567 0.149606 0.874016 
vn -0.984252 0.0787402 -0.15748 
vn -0.929134 0.307087 -0.19685 
vn -0.929134 0.314961 -0.19685 
vn -0.905512 0.377953 -0.188976 
vn 0.92126 -0.346457 0.19685 
vn 0.92126 -0.330709 0.188976 
vn 0.889764 -0.417323 0.173228 
vn 0.92126 -0.330709 0.188976 
vn -0.905512 0.377953 -0.188976 
vn 0.015748 0.0787402 -1 
vn 0.653543 -0.748031 0.0866142 
vn 0.220472 -0.976378 -0.0472441 
vn 0.015748 0.0787402 -1 
vn 0.015748 -0.992126 -0.110236 
vn -0.00787402 0.984252 -0.181102 
vn -0.0787402 0.023622 1 
vn -0.0787402 -0.00787402 1 
vn -0.0787402 0.023622 1 
vn 0.889764 -0.417323 0.181102 
vn -0.0787402 0.023622 1 
vn -0.173228 -0.0393701 0.984252 
vn -0.0314961 0.968504 -0.244094 
vn 0.590551 0.779528 -0.212598 
vn 0.015748 -0.992126 -0.110236 
vn 0.377953 0.866142 -0.322835 
vn 0.354331 -0.929134 0.102362 
vn -0.173228 -0.0393701 0.984252 
vn 0.0708661 -0.944882 0.330709 
vn 0.771654 0.614173 -0.133858 
vn 0.929134 -0.362205 0.0708661 
vn 0.850394 0.503937 -0.133858 
vn 0.984252 -0.149606 -0.0944882 
vn 0.929134 -0.362205 0.0708661 
vn 0.984252 -0.149606 -0.0944882 
vn 0.96063 -0.23622 -0.133858 
vn -0.976378 0.165354 0.141732 
vn -0.976378 0.165354 0.141732 
vn 0.96063 -0.244094 -0.141732 
vn -0.968504 -0.228346 0.0944882 
vn -0.976378 -0.212598 0.0866142 
vn 0.96063 0.275591 -0.0787402 
vn 0.015748 0.448819 0.889764 
vn -0.023622 -1 0.015748 
vn 0.244094 0.92126 0.299213 
vn 0.952756 0.15748 -0.259843 
vn 0.96063 -0.0551181 -0.283465 
vn -0.952756 0.0944882 0.291339 
vn -0.0866142 -0.897638 0.440945 
vn -0.0866142 -0.897638 0.440945 
vn 0.708661 0.629921 -0.307087 
vn -0.96063 -0.0787402 0.275591 
vn -0.566929 0.125984 0.811024 
vn -0.566929 0.125984 0.811024 
vn -0.566929 0.125984 0.811024 
vn -0.511811 0.0866142 0.858268 
vn -0.645669 0.322835 0.692913 
vn 0.566929 -0.11811 -0.811024 
vn 0.511811 -0.0866142 -0.858268 
vn -0.645669 0.322835 0.692913 
vn 0.511811 -0.0866142 -0.858268 
vn 0.511811 -0.0866142 -0.858268 
vn -0.527559 0.700787 0.480315 
vn -0.527559 0.700787 0.480315 
vn 0.606299 -0.590551 -0.535433 
vn 0.212598 -0.952756 -0.228346 
vn -0.188976 0.96063 0.212598 
vn -0.188976 0.96063 0.212598 
vn 0.212598 -0.952756 -0.228346 
vn -0.188976 0.96063 0.212598 
vn 0.212598 -0.952756 -0.228346 
vn 0.212598 -0.952756 -0.228346 
vn -0.188976 0.96063 0.212598 
vn 0.212598 -0.952756 -0.220472 
vn 0.685039 0.724409 -0.015748 
vn -0.464567 -0.88189 -0.0629921 
vn 0.685039 0.724409 -0.015748 
vn -0.527559 -0.850394 -0.0866142 
vn 0.685039 0.724409 -0.015748 
vn 0.771654 0.637795 0.00787402 
vn -0.527559 -0.850394 -0.0866142 
vn 0.480315 -0.874016 0.0944882 
vn 0.480315 -0.874016 0.0944882 
vn -0.448819 0.889764 -0.0866142 
vn -0.464567 0.88189 -0.0551181 
vn -0.889764 -0.448819 0.0551181 
vn -0.850394 0.503937 -0.133858 
vn -0.322835 0.92126 -0.220472 
vn 0.133858 0 -0.992126 
vn 0.133858 0 -0.992126 
vn 0.133858 0 -0.992126 
vn 0.133858 0 -0.992126 
vn -0.133858 0 0.992126 
vn 0.133858 0 -0.992126 
vn 0.133858 0 -0.992126 
vn -0.133858 0 0.992126 
vn 0.559055 -0.826772 0.0787402 
vn -0.133858 0 0.992126 
vn -0.133858 0 0.992126 
vn -0.133858 0 0.992126 
vn -0.0551181 -1 -0.00787402 
vn 0.559055 -0.826772 0.0787402 
vn -0.133858 0 0.992126 
vn -0.0551181 -1 -0.00787402 
vn -0.133858 0 0.992126 
vn 0.992126 -0.0314961 0.133858 
vn 0.133858 0 -0.992126 
vn 0.133858 0 -0.992126 
vn 0.133858 0 -0.992126 
vn 0.133858 0 -0.992126 
vn 0.992126 -0.0314961 0.133858 
vn 0.133858 0 -0.992126 
vn 0.992126 -0.0314961 0.133858 
vn 0.992126 -0.0314961 0.133858 
vn 0.992126 -0.0314961 0.133858 
vn 0.992126 -0.0314961 0.133858 
vn 0.614173 -0.535433 -0.574803 
vn 0.614173 -0.535433 -0.574803 
vn -0.614173 0.543307 0.574803 
vn 0.700787 -0.0944882 -0.708661 
vn -0.677165 0.15748 0.724409 
vn 0.700787 -0.0944882 -0.708661 
vn -0.700787 0.110236 0.708661 
vn 0.700787 -0.0944882 -0.708661 
vn -0.677165 0.15748 0.724409 
vn 0.700787 -0.0944882 -0.708661 
vn 0.0472441 1 0.0551181 
vn 0.0472441 1 0.0551181 
vn 0.0472441 1 0.0551181 
vn 0.92126 0.393701 0.0393701 
vn -0.0472441 -1 -0.0551181 
vn 0.023622 -1 0 
vn 0.267717 -0.944882 -0.165354 
vn 0.92126 0.393701 0.0393701 
vn 0.92126 0.393701 0.0393701 
vn 0.897638 0.433071 0.0708661 
vn -0.023622 1 0 
vn 0.023622 -1 0 
vn -0.307087 0.937008 0.181102 
vn 0.023622 -1 0 
vn -0.307087 0.937008 0.181102 
vn -0.645669 0.519685 0.566929 
vn -0.645669 0.519685 0.566929 
vn -0.645669 0.519685 0.566929 
vn 0.614173 -0.535433 -0.574803 
vn 0.188976 -0.984252 -0.0393701 
vn -0.614173 0.543307 0.574803 
vn -0.677165 0.15748 0.724409 
vn -0.677165 0.15748 0.724409 
vn 0.700787 -0.0944882 -0.708661 
vn -0.700787 0.110236 0.708661 
vn -0.677165 0.15748 0.724409 
vn 0.700787 -0.0944882 -0.708661 
vn 0.677165 -0.149606 -0.724409 
vn 0.566929 -0.11811 -0.811024 
vn -0.566929 0.125984 0.811024 
vn -0.566929 0.125984 0.811024 
vn 0.692913 0.0472441 -0.724409 
vn -0.685039 0.0472441 0.724409 
vn 0.511811 -0.0866142 -0.858268 
vn -0.511811 0.0866142 0.858268 
vn 0.511811 -0.0866142 -0.858268 
vn -0.566929 0.125984 0.811024 
vn 0.511811 -0.0866142 -0.858268 
vn -0.685039 0.0472441 0.724409 
vn 0.559055 0.228346 -0.795276 
vn 0.559055 0.228346 -0.795276 
vn -0.661417 0.606299 0.440945 
vn 0.685039 -0.566929 -0.456693 
vn -0.330709 0.905512 0.259843 
vn 0.393701 -0.858268 -0.322835 
vn -0.527559 -0.834646 -0.181102 
vn 0.692913 0.724409 -0.015748 
vn 0.771654 0.637795 0.00787402 
vn -0.527559 -0.834646 -0.181102 
vn -0.527559 -0.834646 -0.181102 
vn -0.527559 -0.834646 -0.181102 
vn -0.0944882 0.992126 0.0629921 
vn -0.740157 0.456693 0.496063 
vn -0.314961 0.929134 0.212598 
vn -0.0629921 0.992126 0.0866142 
vn 0.023622 0.992126 0.110236 
vn -0.212598 0.929134 0.314961 
vn 0.0708661 0.929134 0.370079 
vn -0.976378 0.015748 0.204724 
vn -0.740157 0.456693 0.496063 
vn -0.826772 0 0.559055 
vn -0.976378 0.015748 0.204724 
vn -0.826772 0 0.559055 
vn -0.826772 0 0.559055 
vn -0.496063 0.456693 0.740157 
vn -0.15748 0.574803 0.80315 
vn -0.15748 0.574803 0.80315 
vn 0.173228 0.456693 0.874016 
vn -0.19685 0.0314961 0.976378 
vn -0.19685 0.0314961 0.976378 
vn 0.19685 0 0.984252 
vn 0.19685 0 0.984252 
vn -0.559055 0 0.834646 
vn -0.19685 0.0314961 0.976378 
vn -0.19685 0.0314961 0.976378 
vn 0.19685 0 0.984252 
vn -0.204724 0.0944882 0.976378 
vn -0.19685 0.0787402 0.976378 
vn -0.559055 0 0.834646 
vn -0.559055 0 0.826772 
vn -0.826772 0 0.559055 
vn -0.858268 0 0.511811 
vn -0.559055 0 0.826772 
vn 0.204724 0.015748 0.976378 
vn -0.11811 -0.944882 -0.314961 
vn -0.23622 -0.937008 -0.251969 
vn -0.133858 -0.937008 -0.330709 
vn -0.826772 0 0.559055 
vn -0.19685 -0.929134 -0.322835 
vn -0.19685 -0.929134 -0.322835 
vn -0.818898 0.110236 0.559055 
vn -0.19685 -0.929134 -0.322835 
vn -0.464567 -0.0551181 -0.88189 
vn -0.133858 -0.937008 -0.330709 
vn -0.417323 -0.11811 -0.897638 
vn -0.850394 -0.19685 0.480315 
vn -0.464567 -0.559055 -0.685039 
vn -0.204724 -0.889764 0.401575 
vn 0.015748 -0.110236 0.992126 
vn -0.976378 0.023622 0.220472 
vn 0.015748 -0.110236 0.992126 
vn -0.976378 0.023622 -0.204724 
vn 0 -0.322835 0.944882 
vn -0.984252 -0.015748 -0.181102 
vn -0.976378 0.023622 -0.204724 
vn -0.96063 0.0944882 -0.267717 
vn 0 -0.322835 0.944882 
vn -0.96063 0.0944882 -0.267717 
vn -0.96063 0.0944882 -0.267717 
vn -0.976378 0.023622 -0.228346 
vn 0.354331 -0.0944882 -0.929134 
vn 0.362205 0.125984 -0.92126 
vn 0.354331 -0.0944882 -0.929134 
vn 0.0787402 -0.661417 -0.748031 
vn 0.0787402 -0.661417 -0.748031 
vn -0.858268 0.0314961 -0.511811 
vn -0.023622 -0.708661 -0.700787 
vn -0.559055 0.015748 -0.826772 
vn 0.0314961 -0.259843 -0.968504 
vn -0.566929 0.0393701 -0.826772 
vn -0.0708661 0.92126 -0.377953 
vn 0.173228 -0.472441 -0.866142 
vn -0.496063 0.456693 -0.740157 
vn 0.133858 0.897638 -0.417323 
vn -0.212598 0.92126 -0.314961 
vn -0.023622 0.992126 -0.110236 
vn 0.023622 0.992126 -0.110236 
vn -0.0629921 0.992126 -0.0866142 
vn 0.88189 -0.102362 0.456693 
vn -0.826772 -0.15748 -0.535433 
vn -0.818898 0.11811 -0.559055 
vn -0.377953 -0.0393701 -0.92126 
vn 0.00787402 0.204724 0.976378 
vn -0.984252 0.15748 0.0944882 
vn 0.102362 0.992126 0.023622 
vn 0.102362 0.992126 0.023622 
vn 0.102362 0.992126 0.023622 
vn 0.370079 0.929134 0.0708661 
vn 0.102362 0.992126 -0.023622 
vn 0.370079 0.929134 0.0708661 
vn 0.314961 0.92126 -0.212598 
vn 0.314961 0.929134 0.212598 
vn 0.0866142 0.992126 -0.0629921 
vn 0.0944882 0.992126 0.0629921 
vn 0.874016 0.456693 0.173228 
vn 0.740157 0.456693 -0.496063 
vn 0.874016 0.456693 0.173228 
vn 0.976378 0.023622 0.220472 
vn 0.314961 0.929134 0.212598 
vn 0.740157 0.456693 0.496063 
vn 0.976378 0.015748 0.204724 
vn 0.826772 0 0.559055 
vn 0.88189 0.377953 0.275591 
vn 0.88189 0.377953 0.275591 
vn 0.88189 0.377953 0.275591 
vn 0.88189 0.377953 0.275591 
vn 0.291339 0.00787402 -0.952756 
vn 0.88189 0.377953 0.275591 
vn 0.291339 0.00787402 -0.952756 
vn 0.291339 0.00787402 -0.952756 
vn 0.291339 0.00787402 -0.952756 
vn 0.291339 0.00787402 -0.952756 
vn 0.291339 0.00787402 -0.952756 
vn 0.88189 0.377953 0.275591 
vn -0.291339 -0.00787402 0.952756 
vn 0.716535 -0.669291 0.212598 
vn -0.291339 -0.00787402 0.952756 
vn -0.291339 -0.00787402 0.952756 
vn 0.716535 -0.669291 0.212598 
vn 0.84252 -0.472441 0.251969 
vn 0.448819 -0.0629921 -0.889764 
vn 0.448819 -0.0629921 -0.889764 
vn -0.448819 0.0708661 0.889764 
vn -0.464567 0.0866142 0.88189 
vn 0.0472441 -0.992126 0.110236 
vn 0.244094 -0.96063 0.110236 
vn -0.393701 0.92126 -0.015748 
vn 0.874016 -0.464567 -0.149606 
vn -0.818898 0.559055 0.141732 
vn -0.84252 0.511811 0.188976 
vn 0.874016 -0.464567 -0.149606 
vn -0.330709 -0.0551181 -0.944882 
vn 0.976378 0.220472 -0.0629921 
vn -0.307087 -0.944882 0.125984 
vn -0.00787402 0.992126 -0.149606 
vn -0.00787402 0.992126 -0.149606 
vn 0.976378 0.220472 -0.0629921 
vn 0.976378 0.220472 -0.0629921 
vn 0.976378 0.220472 -0.0629921 
vn 0.952756 0.299213 -0.0393701 
vn -0.00787402 0.992126 -0.149606 
vn 0.976378 0.220472 -0.0629921 
vn -0.307087 -0.944882 0.125984 
vn 0.976378 0.220472 -0.0629921 
vn -0.00787402 0.992126 -0.149606 
vn -0.00787402 0.992126 -0.149606 
vn -0.307087 -0.944882 0.125984 
vn 0.0472441 -0.992126 0.110236 
vn -0.393701 0.92126 -0.015748 
vn -0.0393701 0.992126 -0.110236 
vn 0.0472441 -0.992126 0.110236 
vn -0.393701 0.92126 -0.015748 
vn 0.330709 -0.944882 0.023622 
vn -0.818898 0.559055 0.141732 
vn 0.874016 -0.464567 -0.149606 
vn -0.84252 0.511811 0.188976 
vn -0.84252 0.511811 0.188976 
vn 0.897638 -0.393701 -0.204724 
vn -0.84252 0.511811 0.188976 
vn 0.96063 -0.110236 -0.259843 
vn -0.322835 -0.0551181 -0.944882 
vn -0.330709 -0.0551181 -0.944882 
vn 0.307087 0.00787402 0.952756 
vn 0.322835 0 0.944882 
vn -0.330709 -0.0551181 -0.944882 
vn 0.96063 -0.102362 -0.259843 
vn -0.330709 -0.0551181 -0.944882 
vn -0.952756 0.141732 0.267717 
vn 0.944882 -0.181102 -0.275591 
vn -0.944882 0.181102 0.275591 
vn -0.952756 0.141732 0.267717 
vn 0.952756 -0.149606 -0.267717 
vn 0.944882 -0.181102 -0.275591 
vn -0.952756 0.141732 0.267717 
vn 0.944882 -0.181102 -0.275591 
vn -0.0629921 -0.976378 -0.212598 
vn -0.582677 0.80315 0.133858 
vn 0.275591 -0.952756 -0.125984 
vn -0.866142 0.503937 0.0314961 
vn -0.716535 -0.692913 -0.0787402 
vn 0.212598 -0.952756 -0.228346 
vn -0.188976 0.96063 0.212598 
vn -0.188976 0.96063 0.212598 
vn 0.212598 -0.952756 -0.228346 
vn -0.527559 -0.850394 -0.0866142 
vn 0.685039 0.724409 -0.015748 
vn 0.771654 0.637795 0.00787402 
vn -0.527559 -0.850394 -0.0866142 
vn -0.527559 -0.850394 -0.0866142 
vn -0.527559 -0.850394 -0.0866142 
vn -0.858268 -0.503937 0.110236 
vn -0.80315 0.582677 -0.102362 
vn -0.267717 0.944882 -0.173228 
vn 0.0866142 -0.984252 0.173228 
vn 0.370079 0.92126 -0.149606 
vn -0.409449 -0.897638 0.149606 
vn 0.992126 -0.0314961 0.133858 
vn 1 0.0314961 0.0393701 
vn -1 -0.0314961 -0.0393701 
vn -0.433071 0.15748 -0.889764 
vn -0.433071 0.15748 -0.889764 
vn 0.433071 -0.149606 0.889764 
vn 0.433071 -0.15748 0.889764 
vn -0.433071 0.15748 -0.889764 
vn 0.425197 -0.15748 0.889764 
vn -0.433071 0.15748 -0.889764 
vn 0.433071 -0.15748 0.889764 
vn -0.433071 0.15748 -0.889764 
vn 0.433071 -0.15748 0.889764 
vn -0.874016 0.149606 0.456693 
vn -0.874016 0.149606 0.456693 
vn 0.740157 0.456693 0.496063 
vn 0.0629921 0.992126 0.0866142 
vn 0.212598 0.929134 0.314961 
vn 0.023622 0.992126 0.110236 
vn 0.0708661 0.929134 0.370079 
vn 0.496063 0.456693 0.740157 
vn 0.173228 0.456693 0.874016 
vn 0.19685 0 0.984252 
vn 0.19685 0 0.984252 
vn 0.551181 0.110236 0.826772 
vn 0.19685 0 0.984252 
vn 0.551181 0.110236 0.826772 
vn 0.15748 -0.984252 -0.110236 
vn 0.19685 0 0.984252 
vn 0.15748 -0.984252 -0.110236 
vn 0.826772 0 0.559055 
vn 0.826772 0 0.559055 
vn 0.826772 0 0.559055 
vn 0.559055 0 0.834646 
vn 0.19685 0 0.984252 
vn 0.826772 0 0.559055 
vn 0.826772 0 0.559055 
vn 0.559055 0 0.826772 
vn 0.204724 0.015748 0.976378 
vn -0.23622 -0.937008 -0.251969 
vn -0.23622 -0.937008 -0.251969 
vn -0.251969 -0.952756 -0.165354 
vn 0.110236 -0.944882 -0.314961 
vn 0.826772 0 0.559055 
vn 0.267717 -0.850394 -0.448819 
vn 0.826772 0 0.559055 
vn 0.425197 -0.472441 -0.771654 
vn 0.425197 -0.472441 -0.771654 
vn 0.425197 -0.472441 -0.771654 
vn 0.417323 -0.15748 -0.897638 
vn 0.220472 -0.913386 0.346457 
vn 0.976378 0.023622 0.220472 
vn 0.976378 0.023622 0.220472 
vn -0.015748 -0.110236 0.992126 
vn 0.976378 0.023622 -0.204724 
vn -0.015748 -0.110236 0.992126 
vn 0.984252 -0.00787402 -0.188976 
vn 0.984252 -0.0314961 -0.181102 
vn 0.976378 0.023622 -0.228346 
vn 0 -0.322835 0.944882 
vn 0.96063 0.0944882 -0.267717 
vn 0 -0.322835 0.944882 
vn 0.976378 0.023622 -0.228346 
vn 0.976378 0.023622 -0.228346 
vn -0.362205 0.125984 -0.92126 
vn -0.354331 -0.0944882 -0.929134 
vn -0.354331 -0.0944882 -0.929134 
vn -0.0787402 -0.661417 -0.748031 
vn 0.858268 0.0314961 -0.511811 
vn -0.0787402 -0.661417 -0.748031 
vn 0.559055 0.0393701 -0.826772 
vn 0.0314961 -0.708661 -0.700787 
vn 0.858268 0.0314961 -0.511811 
vn 0.984252 -0.00787402 -0.188976 
vn 0.740157 0.456693 -0.496063 
vn 0.559055 0.0393701 -0.826772 
vn 0.133858 0.897638 -0.417323 
vn -0.133858 -0.535433 -0.834646 
vn 0.488189 0.456693 -0.748031 
vn 0.314961 0.92126 -0.212598 
vn 0.133858 0.897638 -0.417323 
vn 0.173228 -0.472441 -0.866142 
vn 0.212598 0.92126 -0.314961 
vn 0.023622 0.992126 -0.110236 
vn 0.023622 0.992126 -0.110236 
vn 0.0629921 0.992126 -0.0866142 
vn 0.0866142 0.992126 -0.0629921 
vn 0.133858 0 -0.992126 
vn -0.133858 0 0.992126 
vn -0.133858 0 0.992126 
vn 0.133858 0 -0.992126 
vn -0.133858 0 0.992126 
vn 0.133858 0 -0.992126 
vn -0.133858 0 0.992126 
vn 0.133858 0 -0.992126 
vn -0.133858 0 0.992126 
vn 0.133858 0 -0.992126 
vn -1 0.0314961 0.0393701 
vn 1 -0.0314961 -0.0393701 
vn 1 -0.0314961 -0.0393701 
vn -0.992126 -0.0314961 0.133858 
vn -0.992126 0.00787402 0.0944882 
vn -0.464567 -0.866142 0.181102 
vn 0.385827 0.88189 -0.259843 
vn 0.354331 0.913386 -0.188976 
vn -0.968504 0.110236 0.228346 
vn 0.984252 0.0629921 -0.181102 
vn -0.976378 0.0393701 0.204724 
vn 0.976378 0.0708661 -0.188976 
vn -0.929134 -0.370079 0.00787402 
vn 0.929134 0.377953 -0.00787402 
vn -0.92126 -0.385827 -0.00787402 
vn 0.92126 0.393701 0.00787402 
vn -0.913386 -0.401575 -0.0314961 
vn -0.92126 -0.385827 -0.00787402 
vn 0.291339 0.00787402 -0.952756 
vn -0.291339 -0.00787402 0.952756 
vn 0.291339 0.00787402 -0.952756 
vn 0.88189 0.377953 0.275591 
vn 0.88189 0.377953 0.275591 
vn 0.291339 0.00787402 -0.952756 
vn -0.291339 -0.00787402 0.952756 
vn -0.779528 -0.622047 -0.0629921 
vn -0.0787402 1 -0.023622 
vn 0.0944882 -0.992126 0.0551181 
vn -0.00787402 -0.952756 -0.307087 
vn -0.125984 0.952756 -0.275591 
vn -0.125984 0.952756 -0.275591 
vn 0.0393701 -0.0944882 -0.992126 
vn -0.0393701 0.110236 0.992126 
vn 0.551181 0.110236 0.826772 
vn 0.19685 0 0.984252 
vn 0.15748 -0.984252 -0.110236 
vn 1 0.0314961 0.0393701 
vn 0.992126 0.00787402 0.0944882 
vn -0.992126 -0.00787402 -0.0944882 
vn -0.992126 -0.00787402 -0.0944882 
vn 0.992126 0.00787402 0.0944882 
vn -0.992126 -0.00787402 -0.0944882 
vn 1 0.0314961 0.0393701 
vn -1 -0.023622 -0.0472441 
vn 0.677165 -0.0708661 -0.732283 
vn -0.582677 -0.0866142 0.811024 
vn -0.606299 0 0.795276 
vn 0.0551181 -0.110236 -0.992126 
vn 0.149606 -0.0944882 0.984252 
vn -0.244094 0.0708661 0.968504 
vn 0.023622 -1 0 
vn 0.023622 -1 0 
vn -0.023622 1 0 
vn 0.188976 -0.984252 -0.0393701 
vn -0.307087 0.937008 0.181102 
vn 0.897638 0.433071 0.0708661 
vn 0.0472441 1 0.0551181 
vn 0.92126 0.393701 0.0393701 
vn -0.92126 -0.385827 -0.00787402 
vn 0.92126 0.393701 0.015748 
vn 0.905512 0.417323 0.0314961 
vn -0.913386 -0.401575 -0.0314961 
vn -0.141732 -0.519685 -0.84252 
vn 0.023622 0.84252 0.535433 
vn -0.220472 -0.0472441 -0.976378 
vn -0.0472441 -1 -0.0551181 
vn 0.92126 0.393701 0.0393701 
vn 0.92126 0.393701 0.0393701 
vn 0.566929 -0.11811 -0.811024 
vn -0.566929 0.125984 0.811024 
vn -0.566929 0.125984 0.811024 
vn 0.645669 -0.307087 -0.700787 
vn -0.645669 0.322835 0.692913 
vn 0.606299 -0.590551 -0.535433 
vn 0.511811 -0.0866142 -0.858268 
vn -0.511811 0.0866142 0.858268 
vn 0.511811 -0.0866142 -0.858268 
vn -0.566929 0.125984 0.811024 
vn 0.511811 -0.0866142 -0.858268 
vn -0.645669 0.322835 0.692913 
vn 0.559055 -0.220472 -0.80315 
vn -0.527559 0.700787 0.480315 
vn 0.606299 -0.590551 -0.535433 
vn 0.212598 -0.952756 -0.228346 
vn -0.850394 -0.511811 -0.0787402 
vn -0.724409 -0.653543 -0.220472 
vn 0.637795 0.732283 0.251969 
vn -0.677165 -0.0708661 -0.732283 
vn -0.244094 0.354331 -0.897638 
vn 0.566929 0 0.818898 
vn 0.102362 0.0314961 -0.992126 
vn 0.102362 0.0314961 -0.992126 
vn -0.102362 -0.0314961 0.992126 
vn -0.0708661 -0.00787402 1 
vn 0.0787402 -0.0551181 -0.992126 
vn -0.0393701 0.110236 0.992126 
vn -0.00787402 -0.952756 -0.307087 
vn 0.0787402 -0.0551181 -0.992126 
vn -0.125984 0.952756 -0.275591 
vn -0.015748 0.88189 -0.472441 
vn 0.102362 0.0314961 -0.992126 
vn -0.0708661 -0.00787402 1 
vn 0.102362 0.0314961 -0.992126 
vn -0.133858 0 0.992126 
vn 0.133858 0 -0.992126 
vn 0.133858 0 -0.992126 
vn -0.133858 0 0.992126 
vn 0.133858 0 -0.992126 
vn -0.23622 -0.937008 -0.251969 
vn 0.110236 -0.944882 -0.314961 
vn -0.251969 -0.952756 -0.165354 
vn -0.181102 -0.314961 -0.929134 
vn -0.440945 -0.330709 -0.834646 
vn 0 0.472441 0.88189 
vn 0.267717 -0.850394 -0.448819 
vn 0.015748 0.433071 0.897638 
vn -0.622047 -0.370079 -0.692913 
vn 0.425197 -0.472441 -0.771654 
vn -0.0708661 0.275591 0.96063 
vn -0.393701 -0.275591 -0.88189 
vn 0.425197 -0.472441 -0.771654 
vn -0.110236 0.023622 0.992126 
vn -0.393701 -0.275591 -0.88189 
vn 0.417323 -0.15748 -0.897638 
vn 0 0.0314961 1 
vn -0.125984 -0.125984 -0.984252 
vn 0.220472 -0.913386 0.346457 
vn 0.023622 0.00787402 1 
vn -0.811024 -0.582677 0.0472441 
vn -0.015748 -0.110236 0.992126 
vn 0.440945 -0.259843 0.858268 
vn 0.110236 -0.110236 0.984252 
vn -0.015748 -0.110236 0.992126 
vn -0.598425 -0.795276 -0.125984 
vn 0.110236 -0.110236 0.984252 
vn -0.314961 0 -0.944882 
vn 0 -0.322835 0.944882 
vn -0.244094 -0.307087 0.92126 
vn 0 -0.322835 0.944882 
vn -0.244094 -0.307087 0.92126 
vn -0.409449 0 -0.913386 
vn -0.362205 0.125984 -0.92126 
vn -0.425197 0 -0.905512 
vn -0.425197 0.125984 -0.897638 
vn -0.244094 0.354331 -0.897638 
vn -0.354331 -0.0944882 -0.929134 
vn -0.677165 -0.0708661 -0.732283 
vn -0.354331 -0.0944882 -0.929134 
vn -0.677165 -0.0708661 -0.732283 
vn 0.566929 0 0.818898 
vn -0.0787402 -0.661417 -0.748031 
vn 0.574803 0.00787402 0.818898 
vn -0.850394 -0.511811 -0.0787402 
vn -0.724409 -0.653543 -0.220472 
vn -0.0787402 -0.661417 -0.748031 
vn -0.850394 -0.511811 -0.0787402 
vn 0.0314961 -0.708661 -0.700787 
vn -0.629921 -0.724409 0.275591 
vn 0.637795 0.732283 0.251969 
vn -0.133858 -0.535433 -0.834646 
vn 0.228346 0.976378 -0.0314961 
vn -0.80315 -0.590551 0.0787402 
vn 0.173228 -0.472441 -0.866142 
vn 0.503937 0.84252 0.19685 
vn -0.141732 -0.88189 0.448819 
vn 0.0314961 1 0.0629921 
vn 0.0472441 -0.992126 0.110236 
vn -0.307087 -0.944882 0.125984 
vn -0.00787402 0.992126 -0.149606 
vn 0.330709 -0.944882 0.023622 
vn -0.0393701 0.992126 -0.110236 
vn 0.88189 0.0629921 0.464567 
vn -0.944882 0.00787402 -0.322835 
vn -0.944882 0.00787402 -0.322835 
vn 0.944882 -0.015748 0.338583 
vn -0.937008 0.0944882 -0.330709 
vn 0.88189 0.0629921 0.464567 
vn 0.88189 0.0629921 0.464567 
vn -0.905512 -0.0472441 -0.417323 
vn 0.88189 0.0629921 0.464567 
vn 0.88189 0.0629921 0.464567 
vn 0.968504 0.00787402 0.244094 
vn -0.944882 0.00787402 -0.322835 
vn 0.488189 -0.866142 0.0866142 
vn -0.448819 0.889764 -0.0866142 
vn 0.968504 0.00787402 0.244094 
vn 0.212598 -0.952756 -0.220472 
vn 0.212598 -0.952756 -0.228346 
vn -0.188976 0.96063 0.212598 
vn 0.212598 -0.952756 -0.228346 
vn -0.527559 0.700787 0.480315 
vn 0.716535 -0.669291 0.212598 
vn 0.291339 0.00787402 -0.952756 
vn 0.291339 0.00787402 -0.952756 
vn 0.84252 -0.472441 0.251969 
vn 0.291339 0.00787402 -0.952756 
vn 0.716535 -0.669291 0.212598 
vn 0.88189 0.377953 0.275591 
vn 0.88189 0.377953 0.275591 
vn 0.125984 -0.96063 -0.251969 
vn -0.346457 0.88189 0.314961 
vn 0.173228 0.905512 0.393701 
vn -0.858268 -0.511811 -0.0708661 
vn 0.433071 -0.15748 0.889764 
vn 0.433071 -0.15748 0.889764 
vn -0.433071 0.15748 -0.889764 
vn 0.614173 -0.535433 -0.574803 
vn 0.645669 -0.503937 -0.566929 
vn -0.645669 0.519685 0.566929 
vn -0.307087 0.937008 0.181102 
vn 0.267717 -0.944882 -0.165354 
vn 0.0472441 1 0.0551181 
vn -0.645669 0.519685 0.566929 
vn 0.677165 -0.149606 -0.724409 
vn -0.677165 0.15748 0.724409 
vn -0.267717 -0.354331 -0.897638 
vn 0.220472 0.661417 0.716535 
vn 0.716535 0.23622 0.653543 
vn -0.897638 -0.110236 -0.433071 
vn 0.299213 -0.244094 -0.92126 
vn 0.968504 0 0.259843 
vn -0.244094 -0.307087 0.92126 
vn -0.314961 0 -0.944882 
vn -0.409449 0 -0.913386 
vn 0.220472 -0.976378 -0.0472441 
vn -0.173228 -0.0393701 0.984252 
vn -0.0787402 0.023622 1 
vn 0.244094 -0.307087 0.92126 
vn -0.606299 0 0.795276 
vn 0.275591 0.11811 -0.952756 
vn 0.244094 -0.307087 0.92126 
vn 0.307087 0 -0.952756 
vn -0.527559 -0.850394 -0.0866142 
vn 0.685039 0.724409 -0.015748 
vn 0.685039 0.724409 -0.015748 
vn 0 -0.322835 0.944882 
vn 0 -0.322835 0.944882 
vn 0.244094 -0.307087 0.92126 
vn 0.244094 -0.307087 0.92126 
vn 0.275591 0.11811 -0.952756 
vn 0.015748 -0.110236 0.992126 
vn 0.425197 0.125984 -0.897638 
vn -0.606299 0 0.795276 
vn -0.606299 0 0.795276 
vn 0.362205 0.125984 -0.92126 
vn 0.677165 -0.0708661 -0.732283 
vn 0.354331 -0.0944882 -0.929134 
vn -0.110236 -0.110236 0.984252 
vn 0.307087 0 -0.952756 
vn 0.133858 0 -0.992126 
vn 0.015748 -0.110236 0.992126 
vn -0.110236 -0.110236 0.984252 
vn -0.204724 -0.889764 0.401575 
vn 0.811024 -0.582677 0.0472441 
vn 0.15748 0 -0.984252 
vn -0.464567 -0.559055 -0.685039 
vn 0.370079 -0.275591 -0.889764 
vn 0.456693 -0.755906 -0.464567 
vn 0.149606 -0.0944882 0.984252 
vn -0.417323 -0.11811 -0.897638 
vn 0.0551181 -0.110236 -0.992126 
vn -0.464567 -0.0551181 -0.88189 
vn 0.0551181 -0.110236 -0.992126 
vn -0.244094 0.0708661 0.968504 
vn -0.133858 -0.937008 -0.330709 
vn 0.0551181 -0.023622 1 
vn 0.622047 -0.370079 -0.692913 
vn -0.11811 -0.944882 -0.314961 
vn 0.181102 0.19685 0.96063 
vn 0.440945 -0.330709 -0.834646 
vn -0.23622 -0.937008 -0.251969 
vn 0.0708661 0.409449 0.905512 
vn -0.181102 -0.314961 -0.929134 
vn 0 0.472441 0.88189 
vn -0.110236 -0.110236 0.984252 
vn 0.133858 0 -0.992126 
vn 0.15748 0 -0.984252 
vn 0.811024 -0.582677 0.0472441 
vn 0.456693 -0.755906 -0.464567 
vn 0.952756 0.15748 -0.259843 
vn -0.952756 -0.125984 0.267717 
vn -0.952756 0.102362 0.275591 
vn 0.732283 0.622047 -0.283465 
vn -0.622047 -0.716535 0.307087 
vn 0.354331 -0.0944882 -0.929134 
vn 0.677165 -0.0708661 -0.732283 
vn -0.582677 -0.0866142 0.811024 
vn -0.653543 0.748031 0.110236 
vn 0.850394 -0.511811 -0.0787402 
vn 0.0787402 -0.661417 -0.748031 
vn -0.165354 0.984252 -0.0944882 
vn 0.850394 -0.511811 -0.0787402 
vn 0.0787402 -0.661417 -0.748031 
vn -0.566929 0.80315 0.165354 
vn 0.629921 -0.724409 0.275591 
vn -0.023622 -0.708661 -0.700787 
vn 0.0314961 1 0.0787402 
vn 0.84252 -0.543307 0.023622 
vn 0.0314961 1 0.0629921 
vn 0.0314961 -0.259843 -0.968504 
vn -0.141732 -0.88189 0.448819 
vn 0.173228 -0.472441 -0.866142 
vn 0.685039 -0.566929 -0.456693 
vn 0.692913 0.0472441 -0.724409 
vn -0.456693 0.716535 0.519685 
vn 0.370079 -0.889764 -0.275591 
vn -0.330709 0.905512 0.259843 
vn -0.322835 -0.944882 -0.102362 
vn 0.692913 0.724409 -0.015748 
vn -0.598425 -0.795276 0.0708661 
vn 0.307087 0.944882 -0.0787402 
vn -0.125984 -0.992126 0.0551181 
vn 0.212598 -0.976378 0.0551181 
vn -0.125984 -0.992126 0.0551181 
vn -0.818898 0.551181 -0.149606 
vn -0.622047 -0.779528 0.0472441 
vn -0.0472441 -1 0.0314961 
vn -0.0472441 -1 0.0314961 
vn 0.0551181 0.984252 -0.188976 
vn 0.598425 0.76378 -0.23622 
vn -0.015748 1 -0.0393701 
vn -0.448819 0.889764 -0.0866142 
vn 0.480315 -0.874016 0.0944882 
vn 0.92126 -0.346457 0.19685 
vn -0.929134 0.314961 -0.19685 
vn -0.929134 0.307087 -0.19685 
vn 0.889764 -0.417323 0.181102 
vn -0.905512 0.377953 -0.188976 
vn 0.92126 -0.346457 0.19685 
vn 0.023622 -1 0 
vn 0.897638 0.433071 0.0708661 
vn 0.92126 0.393701 0.0393701 
vn -0.133858 0 0.992126 
vn -0.133858 0 0.992126 
vn 0.133858 0 -0.992126 
vn 0.133858 0 -0.992126 
vn 0.133858 0 -0.992126 
vn -0.133858 0 0.992126 
vn 0.133858 0 -0.992126 
vn 0.559055 -0.826772 0.0787402 
vn 0.133858 0 -0.992126 
vn -0.0551181 -1 -0.00787402 
vn 0.133858 0 -0.992126 
vn -0.0551181 -1 -0.00787402 
vn 0.992126 -0.0314961 0.133858 
vn 0.992126 -0.0314961 0.133858 
vn 0.92126 -0.330709 0.188976 
vn 0.889764 -0.417323 0.173228 
vn 0.889764 -0.417323 0.181102 
vn 0.92126 -0.346457 0.19685 
vn -0.0787402 0.023622 1 
vn 0.653543 -0.748031 0.0866142 
vn -0.0787402 0.023622 1 
vn 0.220472 -0.976378 -0.0472441 
vn 0.015748 -0.992126 -0.110236 
vn -0.173228 -0.0393701 0.984252 
vn 0.354331 -0.929134 0.102362 
vn 0.0708661 -0.944882 0.330709 
vn 0.929134 -0.362205 0.0708661 
vn 0.984252 -0.149606 -0.0944882 
vn 0.976378 0.220472 -0.0629921 
vn -0.307087 -0.944882 0.125984 
vn 0.976378 0.220472 -0.0629921 
vn -0.0629921 -0.968504 0.244094 
vn -0.228346 0.92126 -0.307087 
vn -0.771654 0.598425 -0.19685 
vn -0.267717 -0.905512 0.330709 
vn -0.622047 -0.716535 0.307087 
vn 0.23622 0.913386 -0.330709 
vn 0.952756 -0.0472441 -0.291339 
vn -0.0866142 -0.889764 0.440945 
vn -0.0866142 -0.897638 0.440945 
vn 0.433071 -0.15748 0.889764 
vn -0.433071 0.15748 -0.889764 
vn -0.433071 0.15748 -0.889764 
vn 0.433071 -0.15748 0.889764 
vn -0.433071 0.15748 -0.889764 
vn -0.519685 -0.850394 0.0944882 
vn -0.433071 0.15748 -0.889764 
vn -0.259843 -0.96063 -0.0551181 
vn -0.433071 0.15748 -0.889764 
vn -0.133858 -0.984252 -0.125984 
vn -0.874016 0.149606 0.456693 
vn -0.874016 0.149606 0.456693 
vn 0.80315 0.535433 0.259843 
vn 0.0866142 -0.818898 -0.566929 
vn 0.80315 0.535433 0.259843 
vn 0.976378 0.220472 -0.0629921 
vn -0.307087 -0.944882 0.125984 
vn -0.307087 -0.944882 0.125984 
vn 0.0472441 -0.992126 0.110236 
vn 0.0472441 -0.992126 0.110236 
vn 0.244094 -0.96063 0.110236 
vn 0.330709 -0.944882 0.023622 
vn 0.874016 -0.464567 -0.149606 
vn 0.874016 -0.464567 -0.149606 
vn 0.874016 -0.464567 -0.149606 
vn 0.897638 -0.393701 -0.204724 
vn -0.330709 -0.0551181 -0.944882 
vn 0.96063 -0.110236 -0.259843 
vn 0.96063 -0.102362 -0.259843 
vn 0.952756 -0.149606 -0.267717 
vn -0.330709 -0.0551181 -0.944882 
vn 0.944882 -0.181102 -0.275591 
vn 0.944882 -0.181102 -0.275591 
vn 0.944882 -0.181102 -0.275591 
vn 0.023622 -1 0 
vn 0.023622 -1 0 
vn 0.023622 -1 0 
vn 0.188976 -0.984252 -0.0393701 
vn -0.0472441 -1 -0.0551181 
vn 0.92126 0.393701 0.0393701 
vn 0.267717 -0.944882 -0.165354 
vn 0.614173 -0.535433 -0.574803 
vn 0.645669 -0.503937 -0.566929 
vn 0.614173 -0.535433 -0.574803 
vn 0.614173 -0.535433 -0.574803 
vn 0.677165 -0.149606 -0.724409 
vn 0.700787 -0.0944882 -0.708661 
vn 0.700787 -0.0944882 -0.708661 
vn 0.700787 -0.0944882 -0.708661 
vn 0.88189 0.0629921 0.464567 
vn 0.88189 0.0629921 0.464567 
vn 0.88189 0.0629921 0.464567 
vn 0.944882 -0.015748 0.338583 
vn 0.968504 0.00787402 0.244094 
vn 0.968504 0.00787402 0.244094 
vn 0.480315 -0.874016 0.0944882 
vn 0.488189 -0.866142 0.0866142 
vn 0.480315 -0.874016 0.0944882 
vn 0.480315 -0.874016 0.0944882 
vn -0.0472441 -1 0.0314961 
vn -0.0472441 -1 0.0314961 
vn -0.0472441 -1 0.0314961 
vn -0.0629921 -1 0.0551181 
vn -0.0393701 -1 0.0551181 
vn -0.102362 -0.984252 0.125984 
vn 0.511811 -0.0866142 -0.858268 
vn 0.511811 -0.0866142 -0.858268 
vn 0.511811 -0.0866142 -0.858268 
vn 0.566929 -0.11811 -0.811024 
vn 0.559055 -0.220472 -0.80315 
vn 0.645669 -0.307087 -0.700787 
vn 0.606299 -0.590551 -0.535433 
vn 0.606299 -0.590551 -0.535433 
vn 0.212598 -0.952756 -0.228346 
vn 0.212598 -0.952756 -0.228346 
vn 0.212598 -0.952756 -0.228346 
vn 0.212598 -0.952756 -0.220472 
vn -0.527559 -0.850394 -0.0866142 
vn -0.464567 -0.88189 -0.0629921 
vn -0.527559 -0.850394 -0.0866142 
vn -0.527559 -0.850394 -0.0866142 
vn -0.645669 -0.748031 0.125984 
vn -0.858268 -0.503937 0.110236 
vn 0.0866142 -0.984252 0.173228 
vn -0.0944882 -0.984252 0.15748 
vn -0.409449 -0.897638 0.149606 
vn -0.425197 -0.889764 0.15748 
vn -0.787402 -0.598425 0.149606 
vn -0.464567 -0.866142 0.181102 
vn 0.110236 -0.19685 -0.976378 
vn -0.968504 0.110236 0.228346 
vn -0.976378 0.0393701 0.204724 
vn -0.929134 -0.370079 0.00787402 
vn 0.0944882 -0.19685 -0.976378 
vn -0.92126 -0.385827 -0.00787402 
vn -0.92126 -0.385827 -0.00787402 
vn -0.913386 -0.401575 -0.0314961 
vn -0.952756 0.125984 0.267717 
vn -0.80315 -0.173228 0.574803 
vn 0.0393701 -0.440945 -0.897638 
vn 0.0314961 -0.88189 -0.472441 
vn 0.015748 -0.385827 -0.92126 
vn -0.590551 -0.724409 0.354331 
vn -0.992126 0.0629921 0.133858 
vn 0.0944882 -0.992126 0.0551181 
vn -0.0472441 -0.322835 -0.944882 
vn -0.984252 0.15748 0.0944882 
vn -0.377953 -0.0393701 -0.92126 
vn 0.110236 -0.992126 0.0787402 
vn -0.740157 -0.669291 0.0944882 
vn -0.779528 -0.622047 -0.0629921 
vn 0.377953 0.866142 -0.322835 
vn -0.0314961 0.968504 -0.244094 
vn -0.173228 -0.0393701 0.984252 
vn 0.929134 -0.362205 0.0708661 
vn 0.0708661 -0.944882 0.330709 
vn 0.0866142 -0.818898 -0.566929 
vn -0.0393701 0.826772 0.559055 
vn -0.0393701 0.826772 0.559055 
vn 0.80315 0.535433 0.259843 
vn 0.80315 0.535433 0.259843 
vn 0.188976 -0.622047 -0.76378 
vn -0.149606 0.661417 0.732283 
vn 0.409449 -0.244094 -0.88189 
vn -0.401575 0.251969 0.88189 
vn 0.141732 -0.669291 -0.724409 
vn -0.417323 -0.897638 -0.11811 
vn -0.417323 -0.897638 -0.11811 
vn 0.944882 0.314961 -0.0629921 
vn 0.944882 0.314961 -0.0629921 
vn 0.102362 -0.992126 -0.0629921 
vn 0.307087 -0.944882 0.125984 
vn 0.307087 -0.944882 0.125984 
vn 0.307087 -0.944882 0.125984 
vn 0.637795 -0.716535 0.291339 
vn 0.653543 -0.677165 0.338583 
vn 0.653543 -0.677165 0.338583 
vn 0.653543 -0.677165 0.338583 
vn 0.889764 -0.23622 0.385827 
vn 0.88189 -0.102362 0.456693 
vn 0.88189 -0.102362 0.456693 
vn 0.88189 -0.102362 0.456693 
vn 0.889764 0.149606 0.425197 
vn 0.889764 0.149606 0.425197 
vn 0.511811 -0.0866142 -0.858268 
vn 0.511811 -0.0866142 -0.858268 
vn 0.511811 -0.0866142 -0.858268 
vn 0.566929 -0.11811 -0.811024 
vn 0.559055 0.228346 -0.795276 
vn 0.692913 0.0472441 -0.724409 
vn 0.685039 -0.566929 -0.456693 
vn 0.685039 -0.566929 -0.456693 
vn 0.393701 -0.858268 -0.322835 
vn 0.370079 -0.889764 -0.275591 
vn -0.527559 -0.834646 -0.181102 
vn -0.322835 -0.944882 -0.102362 
vn -0.527559 -0.834646 -0.181102 
vn -0.527559 -0.834646 -0.181102 
vn -0.992126 -0.015748 -0.11811 
vn 0.220472 -0.110236 -0.968504 
vn 0.19685 -0.0551181 -0.976378 
vn -0.984252 0.0629921 -0.181102 
vn -0.944882 -0.283465 0.149606 
vn 0.11811 -0.283465 -0.952756 
vn -0.00787402 -0.527559 -0.850394 
vn -0.700787 -0.708661 -0.0629921 
vn -0.228346 -0.897638 -0.377953 
vn -0.0629921 -0.976378 -0.212598 
vn 0.275591 -0.952756 -0.125984 
vn 0.125984 -0.96063 -0.251969 
vn -0.858268 -0.511811 -0.0708661 
vn -0.716535 -0.692913 -0.0787402 
vn -0.716535 0.133858 0.685039 
vn -0.614173 0.0944882 0.779528 
vn -0.976378 0.165354 0.141732 
vn -0.976378 0.165354 0.141732 
vn -0.968504 -0.228346 0.0944882 
vn -0.645669 0.0314961 0.76378 
vn -0.771654 -0.244094 0.590551 
vn -0.976378 -0.212598 0.0866142 
vn -0.519685 -0.850394 0.0551181 
vn -0.598425 -0.795276 0.0708661 
vn -0.125984 -0.992126 0.0551181 
vn 0.0787402 -0.992126 0.0629921 
vn 0.212598 -0.976378 0.0551181 
vn 0.19685 -0.976378 0.0787402 
vn -0.622047 -0.779528 0.0472441 
vn -0.889764 -0.448819 0.0551181 
vn -0.00787402 -0.952756 -0.307087 
vn -0.125984 0.952756 -0.275591 
vn -0.125984 0.952756 -0.275591 
vn -0.0787402 -0.992126 0.102362 
vn -0.275591 0.905512 -0.314961 
vn -0.795276 0.551181 -0.251969 
vn -0.0472441 -0.755906 0.653543 
vn -0.874016 -0.464567 0.133858 
vn -0.417323 -0.897638 -0.11811 
vn 0.944882 0.314961 -0.0629921 
vn 0.944882 0.314961 -0.0629921 
vn -0.102362 0.952756 -0.291339 
vn 0.015748 0.181102 0.984252 
vn 0.102362 -0.992126 -0.0629921 
vn 0.307087 -0.944882 0.125984 
vn -0.102362 0.952756 -0.291339 
vn -0.590551 0.685039 -0.425197 
vn 0.307087 -0.944882 0.125984 
vn 0.637795 -0.716535 0.291339 
vn 0.653543 -0.677165 0.338583 
vn -0.590551 0.685039 -0.425197 
vn -0.826772 0.165354 -0.535433 
vn 0.889764 -0.23622 0.385827 
vn 0.88189 -0.102362 0.456693 
vn -0.826772 0.165354 -0.535433 
vn 0.889764 0.149606 0.425197 
vn -0.826772 -0.165354 -0.535433 
vn 0.889764 0.149606 0.425197 
vn 0.889764 0.149606 0.425197 
vn -0.0787402 -0.992126 0.102362 
vn -0.874016 -0.464567 0.133858 
vn -0.637795 -0.76378 0.0866142 
vn -0.0708661 -1 0.0314961 
vn -0.0472441 -0.755906 0.653543 
vn -0.527559 -0.80315 -0.267717 
vn -0.0866142 -0.322835 0.944882 
vn -0.748031 -0.417323 -0.511811 
vn -0.314961 -0.0551181 0.944882 
vn -0.913386 -0.181102 -0.362205 
vn -0.401575 0.0866142 0.913386 
vn -0.897638 -0.110236 -0.433071 
vn -0.0629921 -0.968504 0.244094 
vn -0.653543 -0.755906 0.023622 
vn -0.811024 -0.574803 0.110236 
vn -0.165354 -0.937008 0.314961 
vn -0.267717 -0.905512 0.330709 
vn -0.228346 -0.92126 0.307087 
vn -0.622047 -0.716535 0.307087 
vn -0.637795 -0.708661 0.291339 
vn -0.952756 -0.125984 0.267717 
vn -0.96063 -0.0787402 0.275591 
vn -0.952756 0.102362 0.275591 
vn -0.952756 0.0944882 0.291339 
vn -0.0866142 -0.889764 0.440945 
vn -0.0866142 -0.897638 0.440945 
vn -0.889764 -0.338583 -0.307087 
vn 0.456693 -0.110236 -0.88189 
vn 0.393701 -0.173228 -0.905512 
vn -0.76378 -0.606299 -0.212598 
vn -0.937008 -0.0787402 -0.330709 
vn 0.173228 -0.149606 -0.976378 
vn -0.984252 0.0787402 -0.15748 
vn 0.417323 -0.0551181 -0.905512 
vn -0.401575 -0.905512 0.125984 
vn 0.370079 -0.204724 -0.905512 
vn -0.818898 -0.566929 0.0787402 
vn -0.535433 -0.0787402 -0.84252 
vn -0.023622 -1 0.015748 
vn -0.023622 -1 0.015748 
vn -0.023622 -1 0.015748 
vn 0.015748 0.448819 0.889764 
vn 0.259843 0 0.968504 
vn -0.015748 -1 -0.0393701 
vn 0.0787402 -0.96063 0.251969 
vn 0.0708661 -0.984252 0.165354 
vn 0.543307 -0.188976 0.818898 
vn 0.543307 -0.188976 0.818898 
vn 0.543307 -0.188976 0.818898 
vn 0.614173 -0.393701 0.685039 
vn -0.685039 0.023622 0.724409 
vn 0.732283 0.110236 0.669291 
vn -0.259843 -0.937008 -0.220472 
vn -0.259843 -0.937008 -0.220472 
vn -0.992126 0.00787402 0.0944882 
vn -0.992126 0.00787402 0.0944882 
vn -0.992126 0.00787402 0.0944882 
vn -1 0.0314961 0.0393701 
vn -1 0.023622 0.0393701 
vn -0.992126 -0.0314961 0.133858 
vn -0.976378 0.0393701 0.204724 
vn 0.110236 -0.19685 -0.976378 
vn 0.0944882 -0.19685 -0.976378 
vn 0.409449 -0.267717 -0.874016 
vn 0.409449 -0.267717 -0.874016 
vn 0.409449 -0.267717 -0.874016 
vn 0.448819 -0.0629921 -0.889764 
vn 0.448819 -0.0629921 -0.889764 
vn 0.409449 -0.244094 -0.88189 
vn 0.141732 -0.677165 -0.724409 
vn 0.141732 -0.669291 -0.724409 
vn 0.188976 -0.622047 -0.76378 
vn 0.188976 -0.622047 -0.76378 
vn 0.188976 -0.622047 -0.76378 
vn 0.0866142 -0.818898 -0.566929 
vn 0.80315 0.535433 0.259843 
vn -0.771654 -0.551181 -0.307087 
vn -0.929134 -0.015748 -0.370079 
vn 0.401575 -0.023622 -0.913386 
vn 0.283465 -0.551181 -0.787402 
vn 0.212598 -0.15748 -0.96063 
vn -0.755906 -0.220472 -0.622047 
vn -0.141732 -0.519685 -0.84252 
vn -0.267717 -0.354331 -0.897638 
vn -0.307087 0.637795 -0.700787 
vn -0.220472 -0.0472441 -0.976378 
vn 0.102362 0.0314961 -0.992126 
vn 0.102362 0.0314961 -0.992126 
vn 0.102362 0.0314961 -0.992126 
vn 0.0787402 0.00787402 -1 
vn 0.0787402 -0.0551181 -0.992126 
vn 0.0393701 -0.0944882 -0.992126 
vn -0.00787402 -0.952756 -0.307087 
vn -0.00787402 -0.952756 -0.307087 
vn -0.125984 0.952756 -0.275591 
vn 1 0.0314961 0.0393701 
vn 1 0.0314961 0.0393701 
vn 1 0.0314961 0.0393701 
vn 0.992126 0.00787402 0.0944882 
vn 0.992126 -0.0314961 0.133858 
vn 0.992126 -0.0314961 0.133858 
vn 0.732283 0.110236 0.669291 
vn -0.685039 0.023622 0.724409 
vn -0.259843 -0.937008 -0.220472 
vn 0.96063 -0.102362 -0.259843 
vn -0.330709 -0.0551181 -0.944882 
vn -0.330709 -0.0551181 -0.944882 

vt 0.50835 0.323864 
vt 0.55796 0.321862 
vt 0.557674 0.358322 
vt 0.580647 0.279896 
vt 0.558358 0.30227 
vt 0.557772 0.280156 
vt 0.508834 0.26149 
vt 0.554205 0.257905 
vt 0.176568 0.602019 
vt 0.167605 0.619056 
vt 0.146068 0.610633 
vt 0.147766 0.59131 
vt 0.181532 0.578668 
vt 0.20685 0.591217 
vt 0.153615 0.56891 
vt 0.137155 0.605926 
vt 0.13535 0.571147 
vt 0.153595 0.551363 
vt 0.187256 0.560199 
vt 0.133314 0.555094 
vt 0.197207 0.531721 
vt 0.150701 0.52467 
vt 0.126843 0.53411 
vt 0.154074 0.500898 
vt 0.19541 0.504692 
vt 0.197277 0.464904 
vt 0.125688 0.516962 
vt 0.131721 0.496205 
vt 0.156884 0.463627 
vt 0.135102 0.460262 
vt 0.159002 0.431708 
vt 0.199552 0.430429 
vt 0.138687 0.429604 
vt 0.201067 0.399021 
vt 0.159472 0.400304 
vt 0.138724 0.400128 
vt 0.204118 0.309498 
vt 0.163649 0.299567 
vt 0.142231 0.301401 
vt 0.171062 0.279738 
vt 0.957195 0.154123 
vt 0.974475 0.159422 
vt 0.975338 0.184577 
vt 0.94734 0.179369 
vt 0.948888 0.153517 
vt 0.955625 0.179906 
vt 0.975299 0.200164 
vt 0.952909 0.19628 
vt 0.944598 0.195826 
vt 0.983599 0.184573 
vt 0.983599 0.200313 
vt 0.058112 0.215836 
vt 0.035426 0.209102 
vt 0.032939 0.225592 
vt 0.05157 0.230727 
vt 0.061172 0.200325 
vt 0.034501 0.192643 
vt 0.021218 0.217641 
vt 0.017166 0.195821 
vt 0.067533 0.17017 
vt 0.09439 0.188864 
vt 0.028895 0.165769 
vt 0.01063 0.182369 
vt 0.028633 0.144532 
vt 0.003759 0.163706 
vt 0.005533 0.148633 
vt 0.062393 0.149764 
vt 0.096 0.152519 
vt 0.09179 0.136709 
vt 0.096 0.124518 
vt 0.061663 0.130492 
vt 0.024002 0.127424 
vt -0.001899 0.138882 
vt 0.083518 0.105613 
vt 0.079279 0.073192 
vt 0.059989 0.071136 
vt 0.038196 0.044673 
vt 0.068528 0.054117 
vt 0.03069 0.061447 
vt 0.011898 0.06056 
vt 0.003441 0.109583 
vt 0.929605 0.10461 
vt 0.928003 0.145049 
vt 0.896301 0.142964 
vt 0.897396 0.105439 
vt 0.944328 0.105819 
vt 0.942581 0.145482 
vt 0.896062 0.174391 
vt 0.928324 0.174011 
vt 0.942849 0.171411 
vt 0.927272 0.20341 
vt 0.89721 0.202036 
vt 0.88401 0.197662 
vt 0.896032 0.219694 
vt 0.927451 0.220962 
vt 0.860932 0.111729 
vt 0.824415 0.112569 
vt 0.823318 0.150303 
vt 0.824073 0.097722 
vt 0.86047 0.096805 
vt 0.80874 0.149758 
vt 0.809566 0.112343 
vt 0.808603 0.178319 
vt 0.823148 0.18144 
vt 0.859152 0.15238 
vt 0.875718 0.112767 
vt 0.873875 0.152878 
vt 0.859532 0.181307 
vt 0.874072 0.178838 
vt 0.817205 0.208159 
vt 0.810029 0.187736 
vt 0.821699 0.225386 
vt 0.831017 0.209274 
vt 0.858713 0.210539 
vt 0.873729 0.185171 
vt 0.872031 0.206759 
vt 0.839054 0.226075 
vt 0.86071 0.227936 
vt 0.324332 0.429548 
vt 0.341131 0.468112 
vt 0.340494 0.432653 
vt 0.041678 0.517523 
vt 0.016525 0.501141 
vt 0.022361 0.485795 
vt 0.883185 0.421008 
vt 0.853043 0.425933 
vt 0.85593 0.400077 
vt 0.835385 0.422209 
vt 0.838339 0.398528 
vt 0.859546 0.366296 
vt 0.841301 0.365866 
vt 0.883696 0.395766 
vt 0.890096 0.35861 
vt 0.90815 0.36237 
vt 0.901666 0.397937 
vt 0.90129 0.419353 
vt 0.882683 0.437163 
vt 0.899584 0.432466 
vt 0.852095 0.443533 
vt 0.841281 0.466745 
vt 0.835697 0.45252 
vt 0.84874 0.484527 
vt 0.856635 0.459471 
vt 0.884364 0.45386 
vt 0.90054 0.438967 
vt 0.885538 0.46205 
vt 0.901754 0.452221 
vt 0.861408 0.47399 
vt 0.892128 0.473102 
vt 0.87058 0.501781 
vt 0.899133 0.489527 
vt 0.891749 0.506053 
vt 0.525871 0.666968 
vt 0.558297 0.622514 
vt 0.560904 0.632883 
vt 0.539206 0.664693 
vt 0.957195 0.154123 
vt 0.955625 0.179906 
vt 0.975338 0.184577 
vt 0.944598 0.195826 
vt 0.952909 0.19628 
vt 0.975299 0.200164 
vt 0.974475 0.159422 
vt 0.959472 0.146142 
vt 0.976763 0.15144 
vt 0.982779 0.159247 
vt 0.983599 0.184573 
vt 0.983599 0.200313 
vt 0.133314 0.555094 
vt 0.150701 0.52467 
vt 0.153595 0.551363 
vt 0.125688 0.516962 
vt 0.154074 0.500898 
vt 0.131721 0.496205 
vt 0.156884 0.463627 
vt 0.054564 0.374666 
vt 0.087378 0.375637 
vt 0.086018 0.39733 
vt 0.052124 0.396342 
vt 0.105647 0.437199 
vt 0.106994 0.390277 
vt 0.084811 0.441233 
vt 0.103676 0.464177 
vt 0.050801 0.438842 
vt 0.03254 0.388632 
vt 0.031304 0.432978 
vt 0.081084 0.468069 
vt 0.100004 0.489012 
vt 0.047717 0.465773 
vt 0.026993 0.458976 
vt 0.075652 0.490756 
vt 0.102173 0.503241 
vt 0.045477 0.491474 
vt 0.022361 0.485795 
vt 0.072047 0.515154 
vt 0.105764 0.511292 
vt 0.041678 0.517523 
vt 0.074145 0.538118 
vt 0.036124 0.538786 
vt 0.016525 0.501141 
vt 0.009455 0.510583 
vt 0.070584 0.547377 
vt 0.106994 0.550775 
vt 0.101429 0.560943 
vt 0.094364 0.573448 
vt 0.073129 0.563084 
vt 0.026584 0.580611 
vt 0.011305 0.564502 
vt 0.042747 0.555616 
vt 0.041347 0.573514 
vt 0.038059 0.592282 
vt 0.074704 0.585371 
vt 0.038456 0.591752 
vt 0.781389 0.138803 
vt 0.782352 0.113684 
vt 0.753625 0.117426 
vt 0.799976 0.116655 
vt 0.806147 0.081388 
vt 0.798906 0.138421 
vt 0.788321 0.07709 
vt 0.757557 0.084386 
vt 0.752612 0.067537 
vt 0.736361 0.11677 
vt 0.739444 0.084226 
vt 0.734553 0.140825 
vt 0.751914 0.142687 
vt 0.732981 0.169048 
vt 0.750275 0.176899 
vt 0.782444 0.171252 
vt 0.799242 0.164096 
vt 0.78314 0.180733 
vt 0.800753 0.169533 
vt 0.799907 0.184322 
vt 0.806147 0.198564 
vt 0.789767 0.190492 
vt 0.761333 0.195229 
vt 0.751646 0.210035 
vt 0.736315 0.187926 
vt 0.764004 0.234107 
vt 0.771628 0.214211 
vt 0.798468 0.206048 
vt 0.785543 0.229178 
vt 0.286281 0.46892 
vt 0.285088 0.508835 
vt 0.324574 0.505265 
vt 0.16499 0.233525 
vt 0.137187 0.225234 
vt 0.13511 0.232624 
vt 0.157278 0.24658 
vt 0.184908 0.218122 
vt 0.17814 0.239222 
vt 0.167749 0.218024 
vt 0.139873 0.209669 
vt 0.129709 0.226761 
vt 0.123732 0.205578 
vt 0.144613 0.182382 
vt 0.170787 0.188791 
vt 0.191023 0.198123 
vt 0.143684 0.168427 
vt 0.122516 0.186478 
vt 0.123277 0.175249 
vt 0.176887 0.172751 
vt 0.195343 0.184026 
vt 0.130424 0.145977 
vt 0.127445 0.156595 
vt 0.14537 0.15374 
vt 0.123483 0.116126 
vt 0.174704 0.154304 
vt 0.188175 0.145651 
vt 0.177273 0.122278 
vt 0.194425 0.120656 
vt 0.194819 0.098246 
vt 0.140465 0.117588 
vt 0.14067 0.085912 
vt 0.176708 0.094482 
vt 0.143108 0.067947 
vt 0.17998 0.075581 
vt 0.536069 0.614611 
vt 0.510151 0.659594 
vt 0.494965 0.653214 
vt 0.97501 0.91681 
vt 0.976481 0.871874 
vt 0.997986 0.875875 
vt 0.996433 0.915166 
vt 0.430039 0.880572 
vt 0.431466 0.926565 
vt 0.408404 0.925742 
vt 0.407292 0.884278 
vt 0.913922 0.699888 
vt 0.905735 0.643532 
vt 0.927427 0.654626 
vt 0.911395 0.632752 
vt 0.929182 0.644049 
vt 0.408468 0.285749 
vt 0.392687 0.370979 
vt 0.437404 0.371711 
vt 0.44555 0.283545 
vt 0.46293 0.373963 
vt 0.389621 0.403722 
vt 0.382807 0.281711 
vt 0.366849 0.367834 
vt 0.362551 0.395683 
vt 0.430747 0.407923 
vt 0.458028 0.402185 
vt 0.459069 0.432608 
vt 0.38453 0.442931 
vt 0.431321 0.447088 
vt 0.394152 0.484454 
vt 0.356099 0.457976 
vt 0.365837 0.491278 
vt 0.436113 0.486042 
vt 0.399333 0.525186 
vt 0.441459 0.524862 
vt 0.411224 0.574926 
vt 0.470491 0.52738 
vt 0.465271 0.489956 
vt 0.471942 0.572107 
vt 0.446199 0.576914 
vt 0.413995 0.601381 
vt 0.378574 0.576524 
vt 0.396866 0.611389 
vt 0.453731 0.599246 
vt 0.468602 0.601808 
vt 0.422457 0.618767 
vt 0.459192 0.612142 
vt 0.350257 0.258795 
vt 0.349903 0.237428 
vt 0.397775 0.241279 
vt 0.397608 0.261394 
vt 0.390944 0.222889 
vt 0.327573 0.215051 
vt 0.331184 0.249151 
vt 0.348471 0.216041 
vt 0.321507 0.186487 
vt 0.385543 0.187531 
vt 0.412631 0.216377 
vt 0.343047 0.183044 
vt 0.318435 0.164737 
vt 0.385164 0.163776 
vt 0.313522 0.145247 
vt 0.34302 0.158202 
vt 0.408524 0.185455 
vt 0.407296 0.164853 
vt 0.415653 0.150487 
vt 0.388163 0.139526 
vt 0.338622 0.135859 
vt 0.321931 0.121931 
vt 0.324903 0.094687 
vt 0.344176 0.105935 
vt 0.319877 0.059865 
vt 0.389264 0.113085 
vt 0.410326 0.108272 
vt 0.411956 0.133037 
vt 0.419621 0.079531 
vt 0.395537 0.07849 
vt 0.342495 0.066526 
vt 0.354649 0.026009 
vt 0.396684 0.038571 
vt 0.403532 0.016792 
vt 0.244831 0.025993 
vt 0.286596 0.027306 
vt 0.279283 0.063538 
vt 0.301166 0.063399 
vt 0.292872 0.010351 
vt 0.249294 0.00872201 
vt 0.221204 0.052874 
vt 0.226303 0.02227 
vt 0.241477 0.057636 
vt 0.214718 0.088545 
vt 0.239978 0.091185 
vt 0.273273 0.103757 
vt 0.299598 0.104416 
vt 0.238705 0.120957 
vt 0.213184 0.117597 
vt 0.211253 0.145621 
vt 0.271506 0.131186 
vt 0.298532 0.128909 
vt 0.237238 0.150753 
vt 0.301562 0.153603 
vt 0.235092 0.173187 
vt 0.272319 0.158301 
vt 0.304303 0.163853 
vt 0.278397 0.17845 
vt 0.242772 0.196082 
vt 0.208568 0.196189 
vt 0.241959 0.222089 
vt 0.27629 0.202087 
vt 0.305773 0.199418 
vt 0.304316 0.188084 
vt 0.299918 0.233674 
vt 0.283159 0.227294 
vt 0.237704 0.243874 
vt 0.278045 0.245395 
vt 0.485162 0.305197 
vt 0.489641 0.281744 
vt 0.51261 0.284031 
vt 0.123732 0.205578 
vt 0.144613 0.182382 
vt 0.122516 0.186478 
vt 0.703721 0.099063 
vt 0.710192 0.048778 
vt 0.669075 0.049364 
vt 0.66929 0.031805 
vt 0.728312 0.05103 
vt 0.722683 0.101465 
vt 0.6993 0.142525 
vt 0.717184 0.141219 
vt 0.66688 0.097774 
vt 0.649827 0.098787 
vt 0.650959 0.050093 
vt 0.645497 0.142089 
vt 0.661614 0.14462 
vt 0.646008 0.162266 
vt 0.700611 0.160437 
vt 0.718396 0.158707 
vt 0.725589 0.176234 
vt 0.707114 0.177155 
vt 0.661808 0.164796 
vt 0.643092 0.18294 
vt 0.661127 0.189008 
vt 0.674871 0.227699 
vt 0.650829 0.201781 
vt 0.719482 0.208962 
vt 0.723257 0.188617 
vt 0.683789 0.215492 
vt 0.690601 0.236686 
vt 0.693021 0.24889 
vt 0.726706 0.216309 
vt 0.696986 0.247005 
vt 0.727843 0.217891 
vt 0.468602 0.601808 
vt 0.471942 0.572107 
vt 0.446199 0.576914 
vt 0.66929 0.031805 
vt 0.710192 0.048778 
vt 0.710006 0.030642 
vt 0.703179 0.852819 
vt 0.614674 0.853271 
vt 0.617717 0.838408 
vt 0.575307 0.85479 
vt 0.620673 0.881766 
vt 0.583509 0.89365 
vt 0.60409 0.9322 
vt 0.579324 0.834442 
vt 0.635175 0.911971 
vt 0.586995 0.940747 
vt 0.56255 0.899887 
vt 0.554668 0.855545 
vt 0.57886 0.94449 
vt 0.620848 0.82328 
vt 0.531389 0.906216 
vt 0.520493 0.851913 
vt 0.558225 0.832639 
vt 0.583915 0.814527 
vt 0.543335 0.19372 
vt 0.545035 0.164145 
vt 0.500693 0.177294 
vt 0.560506 0.172745 
vt 0.559551 0.190826 
vt 0.563322 0.160094 
vt 0.558838 0.132374 
vt 0.548811 0.211697 
vt 0.566654 0.226887 
vt 0.506906 0.207281 
vt 0.510586 0.230115 
vt 0.557361 0.233088 
vt 0.51831 0.251445 
vt 0.494864 0.245253 
vt 0.485734 0.182046 
vt 0.490141 0.207489 
vt 0.489913 0.138171 
vt 0.485986 0.17156 
vt 0.506417 0.139702 
vt 0.50259 0.106675 
vt 0.488591 0.104156 
vt 0.538175 0.132928 
vt 0.562016 0.098899 
vt 0.537222 0.100575 
vt 0.566654 0.076159 
vt 0.490795 0.080764 
vt 0.539356 0.076617 
vt 0.560597 0.043 
vt 0.541688 0.043333 
vt 0.503927 0.083557 
vt 0.501995 0.047342 
vt 0.487107 0.045178 
vt 0.499009 0.033665 
vt 0.983366 0.467301 
vt 0.981556 0.448157 
vt 0.965197 0.449772 
vt 0.968235 0.479731 
vt 0.967048 0.431655 
vt 0.982489 0.436895 
vt 0.982302 0.427267 
vt 0.965629 0.411446 
vt 0.98191 0.413536 
vt 0.965394 0.393872 
vt 0.982491 0.394327 
vt 0.96554 0.374625 
vt 0.983366 0.374122 
vt 0.964688 0.357508 
vt 0.934446 0.375511 
vt 0.934171 0.358509 
vt 0.935582 0.394269 
vt 0.916983 0.375983 
vt 0.918611 0.395461 
vt 0.93598 0.412012 
vt 0.919847 0.414352 
vt 0.935148 0.432118 
vt 0.919889 0.427668 
vt 0.937384 0.449578 
vt 0.919848 0.436407 
vt 0.920858 0.447714 
vt 0.93552 0.480385 
vt 0.919504 0.467888 
vt 0.304303 0.163853 
vt 0.278397 0.17845 
vt 0.272319 0.158301 
vt 0.813597 0.388073 
vt 0.777804 0.38811 
vt 0.784986 0.341963 
vt 0.820279 0.338005 
vt 0.809161 0.42006 
vt 0.761574 0.386277 
vt 0.768661 0.341393 
vt 0.775046 0.419386 
vt 0.783301 0.326108 
vt 0.818749 0.322004 
vt 0.775671 0.459605 
vt 0.807533 0.453202 
vt 0.810939 0.480349 
vt 0.779454 0.490828 
vt 0.815118 0.500741 
vt 0.774108 0.516498 
vt 0.765683 0.490978 
vt 0.787229 0.511738 
vt 0.787218 0.537271 
vt 0.793061 0.527929 
vt 0.82261 0.509452 
vt 0.799973 0.535156 
vt 0.901754 0.452221 
vt 0.901782 0.464177 
vt 0.885538 0.46205 
vt 0.90815 0.481115 
vt 0.892128 0.473102 
vt 0.90054 0.438967 
vt 0.884364 0.45386 
vt 0.752612 0.067537 
vt 0.788321 0.07709 
vt 0.782903 0.059412 
vt 0.323831 0.401448 
vt 0.283166 0.399663 
vt 0.285066 0.428927 
vt 0.284939 0.383025 
vt 0.324822 0.384567 
vt 0.340494 0.432653 
vt 0.34069 0.408279 
vt 0.324332 0.429548 
vt 0.322929 0.467175 
vt 0.341131 0.468112 
vt 0.346899 0.50621 
vt 0.324574 0.505265 
vt 0.356855 0.534194 
vt 0.327182 0.535519 
vt 0.286281 0.46892 
vt 0.285088 0.508835 
vt 0.266015 0.464897 
vt 0.267565 0.430483 
vt 0.255607 0.50106 
vt 0.243525 0.527726 
vt 0.282461 0.540165 
vt 0.326438 0.592373 
vt 0.350859 0.55161 
vt 0.282466 0.589336 
vt 0.339678 0.600932 
vt 0.24356 0.546737 
vt 0.259119 0.588654 
vt 0.291834 0.611114 
vt 0.295617 0.62343 
vt 0.332005 0.601512 
vt 0.333497 0.603239 
vt 0.296034 0.622701 
vt 0.333046 0.603437 
vt 0.286596 0.027306 
vt 0.305773 0.028572 
vt 0.301166 0.063399 
vt 0.279283 0.063538 
vt 0.299598 0.104416 
vt 0.298532 0.128909 
vt 0.273273 0.103757 
vt 0.038059 0.592282 
vt 0.026584 0.580611 
vt 0.042747 0.555616 
vt 0.14537 0.15374 
vt 0.140465 0.117588 
vt 0.123483 0.116126 
vt 0.122516 0.089848 
vt 0.14067 0.085912 
vt 0.143684 0.168427 
vt 0.130424 0.145977 
vt 0.735191 0.374241 
vt 0.698593 0.375216 
vt 0.704841 0.325858 
vt 0.745631 0.324103 
vt 0.727002 0.420035 
vt 0.681674 0.376605 
vt 0.686579 0.327251 
vt 0.6943 0.42087 
vt 0.70414 0.308525 
vt 0.744472 0.30604 
vt 0.726201 0.442235 
vt 0.691052 0.445299 
vt 0.675715 0.444499 
vt 0.672998 0.46649 
vt 0.68986 0.470436 
vt 0.730324 0.462013 
vt 0.746603 0.456172 
vt 0.734905 0.488682 
vt 0.747668 0.46239 
vt 0.750614 0.486713 
vt 0.700606 0.500737 
vt 0.685386 0.506624 
vt 0.740821 0.513202 
vt 0.695729 0.533649 
vt 0.708697 0.528662 
vt 0.707224 0.563429 
vt 0.713049 0.54581 
vt 0.74925 0.523814 
vt 0.721096 0.560887 
vt 0.465271 0.489956 
vt 0.464257 0.453393 
vt 0.431321 0.447088 
vt 0.436113 0.486042 
vt 0.299918 0.233674 
vt 0.283159 0.227294 
vt 0.27629 0.202087 
vt 0.633916 0.238242 
vt 0.618212 0.251179 
vt 0.615752 0.220419 
vt 0.632184 0.218977 
vt 0.587923 0.221111 
vt 0.617436 0.202845 
vt 0.632936 0.207901 
vt 0.585404 0.20323 
vt 0.570281 0.207978 
vt 0.571554 0.219412 
vt 0.585734 0.251082 
vt 0.570181 0.239002 
vt 0.570147 0.185314 
vt 0.570194 0.198712 
vt 0.586202 0.18308 
vt 0.568954 0.166345 
vt 0.585828 0.165396 
vt 0.567476 0.146727 
vt 0.615932 0.182675 
vt 0.632683 0.198623 
vt 0.632293 0.18489 
vt 0.615677 0.164989 
vt 0.584877 0.146473 
vt 0.632922 0.165647 
vt 0.61607 0.145739 
vt 0.633916 0.145477 
vt 0.61544 0.128626 
vt 0.584849 0.1294 
vt 0.589881 0.417395 
vt 0.591786 0.387161 
vt 0.607978 0.388481 
vt 0.59539 0.359744 
vt 0.613178 0.359927 
vt 0.598903 0.324377 
vt 0.617473 0.324766 
vt 0.61816 0.307178 
vt 0.660469 0.329257 
vt 0.66082 0.310746 
vt 0.643787 0.474122 
vt 0.650971 0.528871 
vt 0.612968 0.539341 
vt 0.657393 0.545641 
vt 0.667195 0.524621 
vt 0.660378 0.472692 
vt 0.658535 0.446968 
vt 0.615586 0.564028 
vt 0.664142 0.567236 
vt 0.621911 0.585814 
vt 0.604416 0.485143 
vt 0.595217 0.540693 
vt 0.60414 0.450926 
vt 0.587707 0.487341 
vt 0.642345 0.44756 
vt 0.606905 0.418143 
vt 0.643641 0.418274 
vt 0.646726 0.389905 
vt 0.589881 0.417395 
vt 0.587904 0.451955 
vt 0.607978 0.388481 
vt 0.651004 0.363158 
vt 0.613178 0.359927 
vt 0.59539 0.359744 
vt 0.617473 0.324766 
vt 0.660469 0.329257 
vt 0.677635 0.335875 
vt 0.667699 0.367839 
vt 0.761574 0.386277 
vt 0.784986 0.341963 
vt 0.777804 0.38811 
vt 0.762011 0.413345 
vt 0.775046 0.419386 
vt 0.783301 0.326108 
vt 0.820279 0.338005 
vt 0.836663 0.340637 
vt 0.813597 0.388073 
vt 0.830391 0.388886 
vt 0.809161 0.42006 
vt 0.82243 0.413516 
vt 0.824133 0.424305 
vt 0.807533 0.453202 
vt 0.821572 0.450789 
vt 0.810939 0.480349 
vt 0.824203 0.475733 
vt 0.829231 0.495162 
vt 0.815118 0.500741 
vt 0.82261 0.509452 
vt 0.836663 0.51079 
vt 0.799973 0.535156 
vt 0.829765 0.520049 
vt 0.637237 0.796158 
vt 0.564399 0.810695 
vt 0.606356 0.778973 
vt 0.661598 0.772105 
vt 0.691997 0.756746 
vt 0.638519 0.745458 
vt 0.676468 0.718735 
vt 0.527335 0.828387 
vt 0.587973 0.769982 
vt 0.529521 0.804197 
vt 0.50027 0.819833 
vt 0.500019 0.7914 
vt 0.549484 0.754813 
vt 0.623324 0.731698 
vt 0.625753 0.729527 
vt 0.658562 0.700728 
vt 0.660807 0.698795 
vt 0.588384 0.704888 
vt 0.622769 0.663203 
vt 0.626668 0.657958 
vt 0.582999 0.627294 
vt 0.583323 0.710601 
vt 0.552602 0.681613 
vt 0.579553 0.635684 
vt 0.558297 0.622514 
vt 0.560904 0.632883 
vt 0.539206 0.664693 
vt 0.546617 0.688099 
vt 0.525871 0.666968 
vt 0.51571 0.732792 
vt 0.505197 0.723158 
vt 0.510151 0.659594 
vt 0.536069 0.614611 
vt 0.494965 0.653214 
vt 0.514985 0.612044 
vt 0.477138 0.69701 
vt 0.492469 0.707566 
vt 0.462986 0.728996 
vt 0.477894 0.742706 
vt 0.482068 0.749466 
vt 0.46439 0.751936 
vt 0.468397 0.758785 
vt 0.431989 0.760431 
vt 0.474253 0.776389 
vt 0.493189 0.772463 
vt 0.481839 0.790816 
vt 0.481678 0.813501 
vt 0.472996 0.83229 
vt 0.489635 0.846809 
vt 0.461108 0.840378 
vt 0.473214 0.857323 
vt 0.448066 0.848007 
vt 0.499966 0.915665 
vt 0.48239 0.914473 
vt 0.457718 0.866595 
vt 0.422379 0.859069 
vt 0.430039 0.880572 
vt 0.431466 0.926565 
vt 0.462871 0.917978 
vt 0.464998 0.940372 
vt 0.438794 0.945499 
vt 0.480872 0.937198 
vt 0.495156 0.93721 
vt 0.557026 0.964942 
vt 0.57061 0.948425 
vt 0.581071 0.9794 
vt 0.595104 0.96059 
vt 0.627186 0.975625 
vt 0.598307 0.958734 
vt 0.635237 0.963806 
vt 0.66242 0.997641 
vt 0.601562 0.956818 
vt 0.674654 0.983539 
vt 0.61818 0.945919 
vt 0.661527 0.934885 
vt 0.690485 0.945752 
vt 0.64749 0.921786 
vt 0.138724 0.400128 
vt 0.163649 0.299567 
vt 0.159472 0.400304 
vt 0.499009 0.033665 
vt 0.541688 0.043333 
vt 0.532088 0.02691 
vt 0.706924 0.848584 
vt 0.785582 0.817435 
vt 0.78858 0.83249 
vt 0.824591 0.827926 
vt 0.791901 0.84776 
vt 0.828413 0.847815 
vt 0.821384 0.887843 
vt 0.820114 0.808208 
vt 0.786207 0.877273 
vt 0.768697 0.790386 
vt 0.850294 0.848632 
vt 0.841027 0.892937 
vt 0.847047 0.825936 
vt 0.88228 0.844271 
vt 0.798309 0.771532 
vt 0.840608 0.804294 
vt 0.875437 0.821264 
vt 0.873047 0.797237 
vt 0.462837 0.163262 
vt 0.464458 0.180829 
vt 0.432467 0.182936 
vt 0.431964 0.165242 
vt 0.48136 0.206717 
vt 0.482969 0.184357 
vt 0.464164 0.206061 
vt 0.481985 0.231565 
vt 0.465739 0.230889 
vt 0.482969 0.244955 
vt 0.467578 0.250491 
vt 0.414819 0.188172 
vt 0.435169 0.207249 
vt 0.418545 0.209563 
vt 0.436204 0.232228 
vt 0.436508 0.252297 
vt 0.420507 0.234341 
vt 0.420762 0.248147 
vt 0.854742 0.348895 
vt 0.885001 0.340762 
vt 0.890096 0.35861 
vt 0.859546 0.366296 
vt 0.479875 0.510859 
vt 0.483452 0.466763 
vt 0.503447 0.466042 
vt 0.487659 0.424972 
vt 0.506885 0.426093 
vt 0.508258 0.394588 
vt 0.486977 0.397013 
vt 0.487673 0.367655 
vt 0.483718 0.597616 
vt 0.482316 0.561819 
vt 0.503513 0.561382 
vt 0.502128 0.509615 
vt 0.562189 0.599573 
vt 0.504058 0.609255 
vt 0.501843 0.589157 
vt 0.561023 0.577125 
vt 0.503513 0.561382 
vt 0.483718 0.597616 
vt 0.5762 0.544577 
vt 0.582217 0.586205 
vt 0.554684 0.546528 
vt 0.502128 0.509615 
vt 0.482316 0.561819 
vt 0.479875 0.510859 
vt 0.503447 0.466042 
vt 0.554286 0.495534 
vt 0.576781 0.494815 
vt 0.555734 0.456712 
vt 0.575237 0.455496 
vt 0.506885 0.426093 
vt 0.572929 0.417449 
vt 0.554392 0.418248 
vt 0.508258 0.394588 
vt 0.576657 0.39049 
vt 0.555391 0.387161 
vt 0.578641 0.363021 
vt 0.510437 0.363197 
vt 0.487673 0.367655 
vt 0.557674 0.358322 
vt 0.55796 0.321862 
vt 0.50835 0.323864 
vt 0.580637 0.326538 
vt 0.485439 0.327458 
vt 0.508702 0.304853 
vt 0.485162 0.305197 
vt 0.51261 0.284031 
vt 0.558358 0.30227 
vt 0.582217 0.304339 
vt 0.580647 0.279896 
vt 0.557772 0.280156 
vt 0.508834 0.26149 
vt 0.723257 0.188617 
vt 0.719482 0.208962 
vt 0.727382 0.213256 
vt 0.726706 0.216309 
vt 0.728312 0.217585 
vt 0.747668 0.46239 
vt 0.734905 0.488682 
vt 0.730324 0.462013 
vt 0.750614 0.486713 
vt 0.755609 0.510234 
vt 0.740821 0.513202 
vt 0.74925 0.523814 
vt 0.762676 0.527866 
vt 0.721096 0.560887 
vt 0.755851 0.535952 
vt 0.419621 0.247542 
vt 0.397775 0.241279 
vt 0.390944 0.222889 
vt 0.412631 0.216377 
vt 0.385543 0.187531 
vt 0.408524 0.185455 
vt 0.944598 0.195826 
vt 0.94734 0.179369 
vt 0.955625 0.179906 
vt 0.968235 0.479731 
vt 0.965197 0.449772 
vt 0.937384 0.449578 
vt 0.93552 0.480385 
vt 0.967048 0.431655 
vt 0.935148 0.432118 
vt 0.965629 0.411446 
vt 0.93598 0.412012 
vt 0.965394 0.393872 
vt 0.935582 0.394269 
vt 0.96554 0.374625 
vt 0.934446 0.375511 
vt 0.816231 0.762938 
vt 0.74529 0.767747 
vt 0.766483 0.738993 
vt 0.715679 0.753622 
vt 0.731648 0.71563 
vt 0.781332 0.724419 
vt 0.743708 0.695845 
vt 0.816009 0.692269 
vt 0.782146 0.65756 
vt 0.819169 0.696656 
vt 0.866003 0.668476 
vt 0.852557 0.742191 
vt 0.860162 0.681973 
vt 0.82559 0.629099 
vt 0.877606 0.716373 
vt 0.887703 0.720102 
vt 0.854787 0.747364 
vt 0.906915 0.783406 
vt 0.881859 0.657894 
vt 0.844303 0.616996 
vt 0.898812 0.711725 
vt 0.91476 0.766636 
vt 0.905735 0.643532 
vt 0.862146 0.60119 
vt 0.911395 0.632752 
vt 0.876672 0.586473 
vt 0.918149 0.612975 
vt 0.927427 0.654626 
vt 0.913922 0.699888 
vt 0.931749 0.699346 
vt 0.922196 0.747102 
vt 0.939599 0.740145 
vt 0.939252 0.753853 
vt 0.932599 0.771168 
vt 0.926651 0.785735 
vt 0.925278 0.808166 
vt 0.906727 0.813036 
vt 0.917392 0.840175 
vt 0.933935 0.826199 
vt 0.933691 0.85044 
vt 0.946709 0.833353 
vt 0.906881 0.908714 
vt 0.925192 0.908694 
vt 0.950468 0.858504 
vt 0.960323 0.840105 
vt 0.976481 0.871874 
vt 0.983545 0.851491 
vt 0.97501 0.91681 
vt 0.944123 0.909919 
vt 0.968239 0.936311 
vt 0.941987 0.932104 
vt 0.926929 0.930321 
vt 0.91195 0.929721 
vt 0.83624 0.943512 
vt 0.849691 0.958089 
vt 0.812845 0.954054 
vt 0.827643 0.971906 
vt 0.828453 0.940112 
vt 0.873868 0.900407 
vt 0.820349 0.936054 
vt 0.809219 0.952039 
vt 0.777163 0.958789 
vt 0.788258 0.97391 
vt 0.805811 0.950141 
vt 0.802074 0.925434 
vt 0.736339 0.9761 
vt 0.74838 0.991019 
vt 0.78909 0.940123 
vt 0.749308 0.928373 
vt 0.721015 0.939827 
vt 0.762087 0.915991 
vt 0.771549 0.905327 
vt 0.618212 0.251179 
vt 0.585734 0.251082 
vt 0.587923 0.221111 
vt 0.615752 0.220419 
vt 0.585404 0.20323 
vt 0.617436 0.202845 
vt 0.586202 0.18308 
vt 0.615932 0.182675 
vt 0.585828 0.165396 
vt 0.615677 0.164989 
vt 0.94734 0.179369 
vt 0.955625 0.179906 
vt 0.957195 0.154123 
vt 0.944598 0.195826 
vt 0.948888 0.153517 
vt 0.318435 0.164737 
vt 0.34302 0.158202 
vt 0.343047 0.183044 
vt 0.313522 0.145247 
vt 0.338622 0.135859 
vt 0.324903 0.094687 
vt 0.344176 0.105935 
vt 0.319877 0.059865 
vt 0.342495 0.066526 
vt 0.334752 0.016878 
vt 0.354649 0.026009 
vt 0.403532 0.016792 
vt 0.360735 0.00484902 
vt 0.465739 0.230889 
vt 0.435169 0.207249 
vt 0.464164 0.206061 
vt 0.432467 0.182936 
vt 0.464458 0.180829 
vt 0.467578 0.250491 
vt 0.436204 0.232228 
vt 0.494864 0.245253 
vt 0.506906 0.207281 
vt 0.490141 0.207489 
vt 0.940686 0.199681 
vt 0.944328 0.207869 
vt 0.927272 0.20341 
vt 0.942449 0.177825 
vt 0.928324 0.174011 
vt 0.819169 0.696656 
vt 0.866003 0.668476 
vt 0.860162 0.681973 
vt 0.959472 0.146142 
vt 0.976763 0.15144 
vt 0.974475 0.159422 
vt 0.957195 0.154123 
vt 0.982779 0.159247 
vt 0.975338 0.184577 
vt 0.983599 0.184573 
vt 0.975299 0.200164 
vt 0.080221 0.816004 
vt 0.096859 0.760529 
vt 0.096859 0.760529 
vt 0.124187 0.797084 
vt 0.096861 0.760529 
vt 0.096861 0.760529 
vt 0.595217 0.540693 
vt 0.587707 0.487341 
vt 0.604416 0.485143 
vt 0.587904 0.451955 
vt 0.60414 0.450926 
vt 0.601854 0.581815 
vt 0.612968 0.539341 
vt 0.615586 0.564028 
vt 0.419621 0.079531 
vt 0.395537 0.07849 
vt 0.396684 0.038571 
vt 0.418374 0.035609 
vt 0.872031 0.206759 
vt 0.858713 0.210539 
vt 0.875718 0.21497 
vt 0.667195 0.524621 
vt 0.677635 0.555639 
vt 0.657393 0.545641 
vt 0.681674 0.376605 
vt 0.704841 0.325858 
vt 0.698593 0.375216 
vt 0.67791 0.419434 
vt 0.6943 0.42087 
vt 0.675715 0.444499 
vt 0.70414 0.308525 
vt 0.745631 0.324103 
vt 0.762676 0.329531 
vt 0.735191 0.374241 
vt 0.751692 0.379544 
vt 0.727002 0.420035 
vt 0.743008 0.419806 
vt 0.726201 0.442235 
vt 0.742566 0.440061 
vt 0.746603 0.456172 
vt 0.056954 0.725996 
vt 0.096819 0.75839 
vt 0.096818 0.75839 
vt 0.078392 0.702944 
vt 0.096819 0.75839 
vt 0.096819 0.75839 
vt 0.881681 0.142489 
vt 0.882586 0.105279 
vt 0.897396 0.105439 
vt 0.896301 0.142964 
vt 0.88142 0.171151 
vt 0.896062 0.174391 
vt 0.88401 0.197662 
vt 0.881732 0.177561 
vt 0.879398 0.202224 
vt 0.89721 0.202036 
vt 0.896797 0.090684 
vt 0.929605 0.10461 
vt 0.928891 0.089802 
vt 0.368306 0.83978 
vt 0.35124 0.839782 
vt 0.351238 0.829166 
vt 0.368308 0.82916 
vt 0.351243 0.82294 
vt 0.186497 0.754934 
vt 0.181963 0.732295 
vt 0.187721 0.731358 
vt 0.152536 0.758333 
vt 0.150165 0.74266 
vt 0.096823 0.758394 
vt 0.168851 0.711558 
vt 0.096823 0.758392 
vt 0.141946 0.728585 
vt 0.151348 0.699064 
vt 0.096822 0.758391 
vt 0.130044 0.721161 
vt 0.142637 0.698345 
vt 0.096822 0.758391 
vt 0.124047 0.720383 
vt 0.135014 0.699778 
vt 0.096821 0.758391 
vt 0.118963 0.720934 
vt 0.122033 0.69584 
vt 0.096821 0.75839 
vt 0.112809 0.718899 
vt 0.112552 0.687241 
vt 0.096821 0.75839 
vt 0.108964 0.714211 
vt 0.108519 0.680072 
vt 0.096821 0.75839 
vt 0.106258 0.709899 
vt 0.096821 0.75839 
vt 0.104489 0.673094 
vt 0.103189 0.705274 
vt 0.098474 0.662396 
vt 0.097409 0.697533 
vt 0.096821 0.75839 
vt 0.080574 0.659248 
vt 0.09682 0.75839 
vt 0.082894 0.695141 
vt 0.096819 0.75839 
vt 0.075415 0.670568 
vt 0.078392 0.702944 
vt 0.070888 0.677325 
vt 0.075009 0.707374 
vt 0.096819 0.75839 
vt 0.066422 0.684053 
vt 0.096819 0.75839 
vt 0.071663 0.711892 
vt 0.096819 0.75839 
vt 0.042601 0.705731 
vt 0.056954 0.725996 
vt 0.035661 0.714785 
vt 0.052623 0.732213 
vt 0.096818 0.75839 
vt 0.027968 0.731264 
vt 0.096817 0.758391 
vt 0.04728 0.743272 
vt 0.019347 0.752239 
vt 0.096816 0.758391 
vt 0.04235 0.758394 
vt 0.096816 0.758393 
vt 0.576781 0.494815 
vt 0.5762 0.544577 
vt 0.554684 0.546528 
vt 0.575237 0.455496 
vt 0.554286 0.495534 
vt 0.382807 0.281711 
vt 0.392687 0.370979 
vt 0.408468 0.285749 
vt 0.366849 0.367834 
vt 0.389621 0.403722 
vt 0.448568 0.257136 
vt 0.416308 0.261116 
vt 0.44555 0.283545 
vt 0.46293 0.373963 
vt 0.471942 0.286364 
vt 0.458028 0.402185 
vt 0.437404 0.371711 
vt 0.355196 0.425614 
vt 0.38453 0.442931 
vt 0.362551 0.395683 
vt 0.685386 0.506624 
vt 0.675301 0.47759 
vt 0.68986 0.470436 
vt 0.672998 0.46649 
vt 0.691052 0.445299 
vt 0.209654 0.743389 
vt 0.192597 0.743391 
vt 0.19259 0.730053 
vt 0.209663 0.750979 
vt 0.192597 0.750989 
vt 0.209649 0.730044 
vt 0.192582 0.717891 
vt 0.209663 0.717878 
vt 0.674871 0.227699 
vt 0.683789 0.215492 
vt 0.661127 0.189008 
vt 0.693021 0.24889 
vt 0.387005 0.839618 
vt 0.387017 0.828997 
vt 0.369949 0.828995 
vt 0.662899 0.392058 
vt 0.659664 0.419062 
vt 0.643641 0.418274 
vt 0.642345 0.44756 
vt 0.658535 0.446968 
vt 0.643787 0.474122 
vt 0.646726 0.389905 
vt 0.667699 0.367839 
vt 0.651004 0.363158 
vt 0.817205 0.208159 
vt 0.831017 0.209274 
vt 0.823148 0.18144 
vt 0.038196 0.044673 
vt 0.03069 0.061447 
vt 0.059989 0.071136 
vt 0.103189 0.705274 
vt 0.096821 0.75839 
vt 0.096821 0.75839 
vt 0.092646 0.938094 
vt 0.116399 0.952032 
vt 0.116353 0.935648 
vt 0.098939 0.82156 
vt 0.09686 0.760529 
vt 0.09686 0.760528 
vt 0.104278 0.813564 
vt 0.09686 0.760528 
vt 0.707224 0.563429 
vt 0.708697 0.528662 
vt 0.713049 0.54581 
vt 0.105157 0.844909 
vt 0.099368 0.855972 
vt 0.098939 0.82156 
vt 0.104278 0.813564 
vt 0.09686 0.760528 
vt 0.108836 0.838514 
vt 0.085811 0.823707 
vt 0.09686 0.760529 
vt 0.096859 0.760529 
vt 0.081071 0.85994 
vt 0.080221 0.816004 
vt 0.075795 0.848148 
vt 0.10723 0.809048 
vt 0.09686 0.760528 
vt 0.096861 0.760529 
vt 0.112568 0.832031 
vt 0.109771 0.805112 
vt 0.12151 0.823937 
vt 0.113241 0.80089 
vt 0.096861 0.760529 
vt 0.134601 0.819111 
vt 0.1194 0.799196 
vt 0.096861 0.760529 
vt 0.096861 0.760529 
vt 0.143513 0.815483 
vt 0.124187 0.797084 
vt 0.15082 0.817693 
vt 0.130397 0.798334 
vt 0.096861 0.760529 
vt 0.168841 0.804993 
vt 0.096861 0.760529 
vt 0.141506 0.789997 
vt 0.181759 0.784155 
vt 0.096862 0.760529 
vt 0.149035 0.775706 
vt 0.185134 0.761827 
vt 0.096863 0.760527 
vt 0.151186 0.759445 
vt 0.096863 0.760525 
vt 0.109771 0.805112 
vt 0.096861 0.760529 
vt 0.096861 0.760529 
vt 0.113241 0.80089 
vt 0.096861 0.760529 
vt 0.174704 0.154304 
vt 0.188175 0.145651 
vt 0.194425 0.120656 
vt 0.176887 0.172751 
vt 0.193018 0.161462 
vt 0.071778 0.841522 
vt 0.075947 0.811627 
vt 0.096859 0.760529 
vt 0.096859 0.760529 
vt 0.071819 0.807414 
vt 0.067785 0.835036 
vt 0.096858 0.760529 
vt 0.057153 0.793506 
vt 0.043264 0.813948 
vt 0.096857 0.760529 
vt 0.052767 0.786824 
vt 0.0357 0.80523 
vt 0.096856 0.760527 
vt 0.044792 0.774316 
vt 0.096856 0.760525 
vt 0.024783 0.786121 
vt 0.042384 0.759445 
vt 0.017228 0.764234 
vt 0.761362 0.461553 
vt 0.760429 0.426813 
vt 0.775671 0.459605 
vt 0.765683 0.490978 
vt 0.779454 0.490828 
vt 0.774108 0.516498 
vt 0.787229 0.511738 
vt 0.211253 0.145621 
vt 0.235092 0.173187 
vt 0.208838 0.15603 
vt 0.208568 0.196189 
vt 0.207992 0.18347 
vt 0.241959 0.222089 
vt 0.22079 0.230369 
vt 0.369979 0.528982 
vt 0.378574 0.576524 
vt 0.411224 0.574926 
vt 0.413995 0.601381 
vt 0.399333 0.525186 
vt 0.394152 0.484454 
vt 0.365837 0.491278 
vt 0.284939 0.383025 
vt 0.283166 0.399663 
vt 0.323831 0.401448 
vt 0.267565 0.430483 
vt 0.285066 0.428927 
vt 0.266621 0.40796 
vt 0.230014 0.877002 
vt 0.239498 0.856353 
vt 0.259381 0.870401 
vt 0.368306 0.83978 
vt 0.368303 0.849824 
vt 0.351244 0.849823 
vt 0.35124 0.839782 
vt 0.351238 0.829166 
vt 0.368308 0.82916 
vt 0.351243 0.82294 
vt 0.368306 0.822935 
vt 0.351251 0.815465 
vt 0.368317 0.815467 
vt 0.351244 0.804944 
vt 0.368305 0.804947 
vt 0.351238 0.793792 
vt 0.368312 0.793779 
vt 0.097215 0.884796 
vt 0.09499 0.898274 
vt 0.117353 0.896916 
vt 0.119053 0.88416 
vt 0.117081 0.915545 
vt 0.094133 0.917628 
vt 0.116353 0.935648 
vt 0.092646 0.938094 
vt 0.091886 0.95447 
vt 0.116399 0.952032 
vt 0.0956 0.982339 
vt 0.117997 0.976444 
vt 0.119053 0.99021 
vt 0.096263 0.985773 
vt 0.123774 1.00103 
vt 0.15657 0.989331 
vt 0.154394 1.00839 
vt 0.184908 0.218122 
vt 0.167749 0.218024 
vt 0.16499 0.233525 
vt 0.191023 0.198123 
vt 0.195343 0.184026 
vt 0.170787 0.188791 
vt 0.177273 0.122278 
vt 0.194819 0.098246 
vt 0.176708 0.094482 
vt 0.387005 0.839618 
vt 0.369949 0.828995 
vt 0.369948 0.839621 
vt 0.387017 0.828997 
vt 0.369949 0.822774 
vt 0.387013 0.822777 
vt 0.369947 0.815313 
vt 0.387011 0.815312 
vt 0.369951 0.804793 
vt 0.387015 0.804788 
vt 0.369953 0.793638 
vt 0.387017 0.793633 
vt 0.266169 0.829482 
vt 0.249312 0.826793 
vt 0.262855 0.838969 
vt 0.123774 1.00103 
vt 0.12707 0.978901 
vt 0.15657 0.989331 
vt 0.157745 0.961785 
vt 0.127246 0.952779 
vt 0.155556 0.93855 
vt 0.126043 0.932204 
vt 0.154459 0.916449 
vt 0.12574 0.911771 
vt 0.15246 0.902018 
vt 0.124668 0.897906 
vt 0.15079 0.886752 
vt 0.123774 0.88297 
vt 0.12627 0.862418 
vt 0.127401 0.849901 
vt 0.152203 0.86462 
vt 0.15272 0.852428 
vt 0.127356 0.836168 
vt 0.152057 0.838945 
vt 0.243485 0.913298 
vt 0.22208 0.905445 
vt 0.230014 0.877002 
vt 0.219689 0.924198 
vt 0.250935 0.886025 
vt 0.259381 0.870401 
vt 0.241049 0.926807 
vt 0.22087 0.942893 
vt 0.242415 0.941736 
vt 0.245098 0.955623 
vt 0.22364 0.959002 
vt 0.250357 0.967786 
vt 0.228938 0.973264 
vt 0.259381 0.984014 
vt 0.237784 0.990723 
vt 0.216857 0.847997 
vt 0.234728 0.849154 
vt 0.221589 0.89577 
vt 0.197716 0.892819 
vt 0.193625 0.906793 
vt 0.217876 0.911155 
vt 0.216705 0.927593 
vt 0.192235 0.922731 
vt 0.195988 0.942297 
vt 0.220009 0.946506 
vt 0.223493 0.965667 
vt 0.199825 0.961891 
vt 0.207847 0.986038 
vt 0.230077 0.990078 
vt 0.214981 1.00532 
vt 0.234728 1.00594 
vt 0.277236 0.896773 
vt 0.287475 0.870096 
vt 0.265706 0.868242 
vt 0.256809 0.894456 
vt 0.27041 0.917987 
vt 0.251025 0.917153 
vt 0.249066 0.930193 
vt 0.268854 0.928723 
vt 0.251275 0.942101 
vt 0.271586 0.937564 
vt 0.276207 0.950517 
vt 0.256712 0.958441 
vt 0.280925 0.96184 
vt 0.262104 0.972734 
vt 0.27084 0.985627 
vt 0.287475 0.969898 
vt 0.294141 0.866332 
vt 0.320176 0.864495 
vt 0.316094 0.879969 
vt 0.28917 0.883145 
vt 0.311912 0.895517 
vt 0.28612 0.897317 
vt 0.31005 0.905255 
vt 0.284175 0.909307 
vt 0.310129 0.91506 
vt 0.283592 0.920317 
vt 0.285446 0.935578 
vt 0.288426 0.955317 
vt 0.311284 0.929219 
vt 0.313603 0.946602 
vt 0.296286 0.980231 
vt 0.320176 0.971264 
vt 0.344794 0.896526 
vt 0.345402 0.913542 
vt 0.322629 0.913623 
vt 0.320789 0.932111 
vt 0.322858 0.896004 
vt 0.344067 0.928433 
vt 0.348213 0.884598 
vt 0.320517 0.945819 
vt 0.326105 0.884603 
vt 0.34891 0.866812 
vt 0.330853 0.865513 
vt 0.344348 0.938476 
vt 0.34891 0.95797 
vt 0.326005 0.96622 
vt 0.282466 0.589336 
vt 0.282461 0.540165 
vt 0.24356 0.546737 
vt 0.295617 0.62343 
vt 0.273151 0.610857 
vt 0.84874 0.484527 
vt 0.856635 0.459471 
vt 0.861408 0.47399 
vt 0.855512 0.516462 
vt 0.87058 0.501781 
vt 0.841281 0.466745 
vt 0.852095 0.443533 
vt 0.835385 0.422209 
vt 0.853043 0.425933 
vt 0.835385 0.436842 
vt 0.185024 0.861027 
vt 0.168285 0.863928 
vt 0.172147 0.846614 
vt 0.183274 0.846273 
vt 0.186348 0.870885 
vt 0.166558 0.872707 
vt 0.188186 0.884196 
vt 0.165778 0.884823 
vt 0.189109 0.899065 
vt 0.166041 0.896221 
vt 0.187634 0.917516 
vt 0.167185 0.916614 
vt 0.188301 0.936185 
vt 0.166812 0.933321 
vt 0.188338 0.950657 
vt 0.167666 0.948665 
vt 0.184066 1.00092 
vt 0.165778 1.00528 
vt 0.372908 0.88964 
vt 0.381512 0.864565 
vt 0.361275 0.863575 
vt 0.353896 0.888172 
vt 0.371404 0.904625 
vt 0.353445 0.903367 
vt 0.351292 0.923187 
vt 0.37032 0.919942 
vt 0.371893 0.933089 
vt 0.353422 0.939378 
vt 0.375715 0.942379 
vt 0.35777 0.951593 
vt 0.366544 0.95872 
vt 0.381512 0.950064 
vt 0.05619 0.918161 
vt 0.034653 0.913895 
vt 0.041537 0.887877 
vt 0.063107 0.891364 
vt 0.052814 0.939309 
vt 0.029747 0.936521 
vt 0.0284 0.946494 
vt 0.052963 0.948405 
vt 0.029014 0.956974 
vt 0.054922 0.958382 
vt 0.06148 0.969896 
vt 0.038764 0.974343 
vt 0.045689 0.987244 
vt 0.063107 0.971895 
vt 0.070375 0.891482 
vt 0.066442 0.90765 
vt 0.088492 0.912141 
vt 0.093618 0.893495 
vt 0.085647 0.933845 
vt 0.06495 0.926542 
vt 0.065427 0.940976 
vt 0.08682 0.946511 
vt 0.088711 0.95916 
vt 0.067705 0.955568 
vt 0.068461 0.961386 
vt 0.090369 0.964634 
vt 0.069587 0.967905 
vt 0.091255 0.970764 
vt 0.073195 0.986247 
vt 0.093618 0.98871 
vt 0.216604 0.763658 
vt 0.234053 0.767145 
vt 0.216331 0.768756 
vt 0.085601 0.206989 
vt 0.061172 0.200325 
vt 0.058112 0.215836 
vt 0.09439 0.188864 
vt 0.071645 0.223936 
vt 0.20685 0.591217 
vt 0.186045 0.619401 
vt 0.176568 0.602019 
vt 0.187256 0.560199 
vt 0.181532 0.578668 
vt 0.217455 0.574293 
vt 0.226871 0.551866 
vt 0.197207 0.531721 
vt 0.19541 0.504692 
vt 0.229241 0.527205 
vt 0.2254 0.500573 
vt 0.225495 0.465661 
vt 0.197277 0.464904 
vt 0.199552 0.430429 
vt 0.225923 0.429203 
vt 0.225844 0.401344 
vt 0.201067 0.399021 
vt 0.22924 0.313521 
vt 0.204118 0.309498 
vt 0.171062 0.279738 
vt 0.20517 0.284514 
vt 0.236157 0.827395 
vt 0.234068 0.839591 
vt 0.223552 0.83594 
vt 0.219038 0.824311 
vt 0.236405 0.815964 
vt 0.216501 0.816311 
vt 0.235229 0.807328 
vt 0.21468 0.808336 
vt 0.235163 0.800035 
vt 0.215567 0.801513 
vt 0.236405 0.781675 
vt 0.220484 0.773891 
vt 0.317498 0.801994 
vt 0.312921 0.790698 
vt 0.299366 0.794542 
vt 0.299783 0.806073 
vt 0.320582 0.812733 
vt 0.302112 0.816181 
vt 0.320644 0.821074 
vt 0.302584 0.822402 
vt 0.319356 0.829431 
vt 0.30164 0.828355 
vt 0.318338 0.843314 
vt 0.299848 0.845348 
vt 0.318562 0.855021 
vt 0.299366 0.859651 
vt 0.282164 0.796579 
vt 0.264173 0.799051 
vt 0.266412 0.785558 
vt 0.282639 0.810529 
vt 0.283665 0.784914 
vt 0.272821 0.767976 
vt 0.290339 0.765602 
vt 0.266451 0.814897 
vt 0.285556 0.817781 
vt 0.274447 0.826336 
vt 0.290339 0.824699 
vt 0.283697 0.837385 
vt 0.19419 0.848448 
vt 0.209907 0.836996 
vt 0.209259 0.831161 
vt 0.196451 0.856463 
vt 0.211648 0.844054 
vt 0.192811 0.837684 
vt 0.210128 0.825989 
vt 0.191355 0.830537 
vt 0.211861 0.819055 
vt 0.192639 0.821348 
vt 0.211958 0.806733 
vt 0.193164 0.808131 
vt 0.211413 0.792399 
vt 0.193189 0.79362 
vt 0.208675 0.767384 
vt 0.191355 0.768583 
vt 0.295495 0.786874 
vt 0.286589 0.789147 
vt 0.285575 0.801957 
vt 0.295655 0.799925 
vt 0.285575 0.809945 
vt 0.296946 0.808268 
vt 0.285446 0.935578 
vt 0.310129 0.91506 
vt 0.311284 0.929219 
vt 0.258182 0.800702 
vt 0.25965 0.789023 
vt 0.243257 0.789993 
vt 0.248676 0.772172 
vt 0.266169 0.769658 
vt 0.241059 0.803484 
vt 0.257653 0.808104 
vt 0.24102 0.811642 
vt 0.258688 0.815312 
vt 0.242468 0.819579 
vt 0.261107 0.82111 
vt 0.249312 0.826793 
vt 0.266169 0.829482 
vt 0.347583 0.856195 
vt 0.347089 0.833396 
vt 0.326166 0.834176 
vt 0.327081 0.855312 
vt 0.326618 0.818057 
vt 0.347152 0.818682 
vt 0.34687 0.806301 
vt 0.331167 0.806602 
vt 0.335799 0.797681 
vt 0.347583 0.801246 
vt 0.216331 0.713766 
vt 0.234432 0.714784 
vt 0.235126 0.735935 
vt 0.216608 0.736564 
vt 0.234527 0.752047 
vt 0.21642 0.751276 
vt 0.216604 0.763658 
vt 0.233665 0.763491 
vt 0.234053 0.767145 
vt 0.295495 0.786874 
vt 0.295655 0.799925 
vt 0.285575 0.801957 
vt 0.286589 0.789147 
vt 0.285575 0.809945 
vt 0.296946 0.808268 
vt 0.193189 0.79362 
vt 0.211413 0.792399 
vt 0.208675 0.767384 
vt 0.12627 0.862418 
vt 0.152203 0.86462 
vt 0.15079 0.886752 

usemtl Handle1Mtl

f 1/1/1 2/2/2 3/3/3 
f 4/4/4 5/5/5 6/6/6 
f 7/7/7 8/8/8 6/6/6 
f 9/9/9 10/10/10 11/11/11 
f 9/9/9 11/11/11 12/12/12 
f 13/13/13 9/9/9 12/12/12 
f 14/14/14 9/9/9 13/13/13 
f 13/13/13 12/12/12 15/15/15 
f 16/16/16 15/15/15 12/12/12 
f 16/16/16 17/17/17 15/15/15 
f 18/18/18 13/13/13 15/15/15 
f 17/17/17 18/18/18 15/15/15 
f 18/18/18 19/19/19 13/13/13 
f 17/17/17 20/20/20 18/18/18 
f 21/21/21 19/19/19 18/18/18 
f 21/21/21 18/18/18 22/22/22 
f 20/20/20 23/23/23 22/22/22 
f 24/24/24 21/21/21 22/22/22 
f 24/24/24 25/25/25 21/21/21 
f 26/26/26 25/25/25 24/24/24 
f 27/27/27 28/28/28 24/24/24 
f 26/26/26 24/24/24 29/29/29 
f 28/28/28 30/30/30 29/29/29 
f 31/31/31 26/26/26 29/29/29 
f 30/30/30 31/31/31 29/29/29 
f 31/31/31 32/32/32 26/26/26 
f 30/30/30 33/33/33 31/31/31 
f 34/34/34 32/32/32 31/31/31 
f 33/33/33 35/35/35 31/31/31 
f 34/34/34 31/31/31 35/35/35 
f 33/33/33 36/36/36 35/35/35 
f 37/37/37 34/34/34 35/35/35 
f 37/37/37 35/35/35 38/38/38 
f 36/36/36 39/39/39 38/38/38 
f 40/40/40 37/37/37 38/38/38 
f 41/41/41 42/42/42 43/43/43 
f 44/44/44 45/45/45 41/41/41 
f 44/44/44 41/41/41 46/46/46 
f 41/41/41 43/43/43 46/46/46 
f 46/46/46 43/43/43 47/47/47 
f 46/46/46 47/47/47 48/48/48 
f 49/49/49 46/46/46 48/48/48 
f 50/50/50 51/51/51 47/47/47 
f 52/52/52 53/53/53 54/54/54 
f 52/52/52 54/54/54 55/55/55 
f 56/56/56 53/53/53 52/52/52 
f 56/56/56 57/57/57 53/53/53 
f 58/58/58 53/53/53 57/57/57 
f 58/58/58 57/57/57 59/59/59 
f 60/60/60 57/57/57 56/56/56 
f 61/61/61 60/60/60 56/56/56 
f 59/59/59 57/57/57 62/62/62 
f 60/60/60 62/62/62 57/57/57 
f 59/59/59 62/62/62 63/63/63 
f 64/64/64 62/62/62 60/60/60 
f 65/65/65 62/62/62 64/64/64 
f 65/65/65 64/64/64 66/66/66 
f 64/64/64 60/60/60 67/67/67 
f 67/67/67 60/60/60 68/68/68 
f 67/67/67 68/68/68 69/69/69 
f 70/70/70 67/67/67 69/69/69 
f 70/70/70 71/71/71 67/67/67 
f 71/71/71 64/64/64 67/67/67 
f 66/66/66 64/64/64 72/72/72 
f 71/71/71 72/72/72 64/64/64 
f 66/66/66 72/72/72 73/73/73 
f 71/71/71 74/74/74 75/75/75 
f 71/71/71 75/75/75 76/76/76 
f 72/72/72 71/71/71 76/76/76 
f 77/77/77 76/76/76 78/78/78 
f 72/72/72 76/76/76 79/79/79 
f 72/72/72 79/79/79 80/80/80 
f 72/72/72 80/80/80 81/81/81 
f 82/82/82 83/83/83 84/84/84 
f 82/82/82 84/84/84 85/85/85 
f 86/86/86 83/83/83 82/82/82 
f 86/86/86 87/87/87 83/83/83 
f 83/83/83 88/88/88 84/84/84 
f 87/87/87 89/89/89 83/83/83 
f 83/83/83 89/89/89 88/88/88 
f 87/87/87 90/90/90 89/89/89 
f 88/88/88 89/89/89 91/91/91 
f 88/88/88 91/91/91 92/92/92 
f 93/93/93 88/88/88 92/92/92 
f 91/91/91 94/94/94 92/92/92 
f 91/91/91 95/95/95 94/94/94 
f 96/96/96 97/97/97 98/98/98 
f 99/99/99 97/97/97 96/96/96 
f 99/99/99 96/96/96 100/100/100 
f 101/101/101 98/98/98 97/97/97 
f 101/101/101 97/97/97 102/102/102 
f 103/103/103 98/98/98 101/101/101 
f 103/103/103 104/104/104 98/98/98 
f 96/96/96 98/98/98 105/105/105 
f 105/105/105 98/98/98 104/104/104 
f 106/106/106 96/96/96 105/105/105 
f 106/106/106 105/105/105 107/107/107 
f 107/107/107 105/105/105 108/108/108 
f 105/105/105 104/104/104 108/108/108 
f 107/107/107 108/108/108 109/109/109 
f 110/110/110 104/104/104 111/111/111 
f 112/112/112 113/113/113 110/110/110 
f 104/104/104 114/114/114 108/108/108 
f 104/104/104 113/113/113 114/114/114 
f 115/115/115 108/108/108 114/114/114 
f 115/115/115 114/114/114 116/116/116 
f 114/114/114 113/113/113 117/117/117 
f 114/114/114 117/117/117 118/118/118 
f 119/119/119 120/120/120 121/121/121 
f 122/122/122 123/123/123 124/124/124 
f 125/125/125 126/126/126 127/127/127 
f 128/128/128 127/127/127 126/126/126 
f 128/128/128 129/129/129 127/127/127 
f 129/129/129 130/130/130 127/127/127 
f 129/129/129 131/131/131 130/130/130 
f 132/132/132 127/127/127 130/130/130 
f 125/125/125 127/127/127 132/132/132 
f 132/132/132 130/130/130 133/133/133 
f 134/134/134 132/132/132 133/133/133 
f 134/134/134 135/135/135 132/132/132 
f 135/135/135 125/125/125 132/132/132 
f 135/135/135 136/136/136 125/125/125 
f 136/136/136 137/137/137 125/125/125 
f 126/126/126 125/125/125 137/137/137 
f 136/136/136 138/138/138 137/137/137 
f 126/126/126 137/137/137 139/139/139 
f 140/140/140 141/141/141 139/139/139 
f 142/142/142 140/140/140 143/143/143 
f 139/139/139 137/137/137 144/144/144 
f 139/139/139 144/144/144 143/143/143 
f 145/145/145 144/144/144 137/137/137 
f 146/146/146 143/143/143 144/144/144 
f 147/147/147 146/146/146 144/144/144 
f 146/146/146 148/148/148 143/143/143 
f 149/149/149 148/148/148 146/146/146 
f 149/149/149 150/150/150 148/148/148 
f 151/151/151 150/150/150 149/149/149 
f 151/151/151 152/152/152 150/150/150 
f 153/153/153 154/154/154 155/155/155 
f 153/153/153 155/155/155 156/156/156 
f 157/157/157 158/158/158 159/159/159 
f 160/160/160 161/161/161 158/158/158 
f 158/158/158 161/161/161 162/162/162 
f 158/158/158 162/162/162 159/159/159 
f 157/157/157 159/159/159 163/163/163 
f 164/164/164 157/157/157 163/163/163 
f 164/164/164 163/163/163 165/165/165 
f 166/166/166 163/163/163 159/159/159 
f 166/166/166 159/159/159 167/167/167 
f 167/167/167 159/159/159 162/162/162 
f 167/167/167 162/162/162 168/168/168 
f 169/169/169 170/170/170 171/171/171 
f 172/172/172 173/173/173 170/170/170 
f 174/174/174 175/175/175 173/173/173 
f 176/176/176 177/177/177 178/178/178 
f 176/176/176 178/178/178 179/179/179 
f 180/180/180 178/178/178 181/181/181 
f 180/180/180 182/182/182 178/178/178 
f 182/182/182 179/179/179 178/178/178 
f 183/183/183 182/182/182 180/180/180 
f 182/182/182 184/184/184 179/179/179 
f 184/184/184 185/185/185 179/179/179 
f 184/184/184 186/186/186 185/185/185 
f 183/183/183 187/187/187 182/182/182 
f 187/187/187 184/184/184 182/182/182 
f 188/188/188 187/187/187 183/183/183 
f 189/189/189 186/186/186 184/184/184 
f 187/187/187 189/189/189 184/184/184 
f 189/189/189 190/190/190 186/186/186 
f 188/188/188 191/191/191 187/187/187 
f 191/191/191 189/189/189 187/187/187 
f 192/192/192 191/191/191 188/188/188 
f 193/193/193 190/190/190 189/189/189 
f 191/191/191 193/193/193 189/189/189 
f 193/193/193 194/194/194 190/190/190 
f 192/192/192 195/195/195 191/191/191 
f 195/195/195 193/193/193 191/191/191 
f 196/196/196 195/195/195 192/192/192 
f 197/197/197 194/194/194 193/193/193 
f 195/195/195 197/197/197 193/193/193 
f 196/196/196 198/198/198 195/195/195 
f 198/198/198 197/197/197 195/195/195 
f 198/198/198 199/199/199 197/197/197 
f 199/199/199 200/200/200 197/197/197 
f 199/199/199 201/201/201 200/200/200 
f 199/199/199 198/198/198 202/202/202 
f 203/203/203 202/202/202 198/198/198 
f 203/203/203 204/204/204 202/202/202 
f 202/202/202 204/204/204 205/205/205 
f 202/202/202 205/205/205 206/206/206 
f 207/207/207 208/208/208 199/199/199 
f 207/207/207 199/199/199 209/209/209 
f 199/199/199 202/202/202 209/209/209 
f 209/209/209 202/202/202 206/206/206 
f 209/209/209 206/206/206 210/210/210 
f 211/211/211 209/209/209 210/210/210 
f 210/210/210 206/206/206 212/212/212 
f 210/210/210 212/212/212 213/213/213 
f 214/214/214 215/215/215 216/216/216 
f 217/217/217 215/215/215 214/214/214 
f 218/218/218 215/215/215 217/217/217 
f 217/217/217 214/214/214 219/219/219 
f 218/218/218 220/220/220 215/215/215 
f 215/215/215 220/220/220 221/221/221 
f 222/222/222 221/221/221 220/220/220 
f 215/215/215 221/221/221 216/216/216 
f 223/223/223 216/216/216 221/221/221 
f 223/223/223 221/221/221 224/224/224 
f 225/225/225 216/216/216 223/223/223 
f 225/225/225 226/226/226 216/216/216 
f 214/214/214 216/216/216 226/226/226 
f 227/227/227 226/226/226 225/225/225 
f 227/227/227 228/228/228 226/226/226 
f 226/226/226 229/229/229 214/214/214 
f 219/219/219 214/214/214 229/229/229 
f 226/226/226 228/228/228 229/229/229 
f 219/219/219 229/229/229 230/230/230 
f 231/231/231 229/229/229 228/228/228 
f 232/232/232 229/229/229 231/231/231 
f 232/232/232 231/231/231 233/233/233 
f 231/231/231 234/234/234 233/233/233 
f 231/231/231 235/235/235 234/234/234 
f 231/231/231 228/228/228 236/236/236 
f 235/235/235 231/231/231 236/236/236 
f 237/237/237 236/236/236 228/228/228 
f 237/237/237 228/228/228 238/238/238 
f 239/239/239 236/236/236 237/237/237 
f 239/239/239 240/240/240 236/236/236 
f 235/235/235 236/236/236 240/240/240 
f 241/241/241 235/235/235 240/240/240 
f 241/241/241 240/240/240 242/242/242 
f 243/243/243 244/244/244 245/245/245 
f 246/246/246 247/247/247 248/248/248 
f 246/246/246 248/248/248 249/249/249 
f 250/250/250 246/246/246 251/251/251 
f 252/252/252 247/247/247 246/246/246 
f 252/252/252 253/253/253 247/247/247 
f 254/254/254 247/247/247 253/253/253 
f 254/254/254 253/253/253 255/255/255 
f 255/255/255 253/253/253 256/256/256 
f 257/257/257 253/253/253 252/252/252 
f 257/257/257 256/256/256 253/253/253 
f 258/258/258 257/257/257 252/252/252 
f 259/259/259 256/256/256 257/257/257 
f 260/260/260 256/256/256 259/259/259 
f 260/260/260 259/259/259 261/261/261 
f 259/259/259 257/257/257 262/262/262 
f 263/263/263 262/262/262 257/257/257 
f 259/259/259 264/264/264 265/265/265 
f 266/266/266 267/267/267 264/264/264 
f 268/268/268 259/259/259 262/262/262 
f 268/268/268 266/266/266 259/259/259 
f 269/269/269 268/268/268 262/262/262 
f 266/266/266 268/268/268 270/270/270 
f 268/268/268 271/271/271 270/270/270 
f 270/270/270 271/271/271 272/272/272 
f 266/266/266 270/270/270 273/273/273 
f 270/270/270 274/274/274 273/273/273 
f 270/270/270 275/275/275 274/274/274 
f 276/276/276 274/274/274 275/275/275 
f 276/276/276 275/275/275 277/277/277 
f 278/278/278 279/279/279 280/280/280 
f 281/281/281 282/282/282 283/283/283 
f 281/281/281 283/283/283 284/284/284 
f 285/285/285 286/286/286 287/287/287 
f 285/285/285 287/287/287 288/288/288 
f 289/289/289 290/290/290 291/291/291 
f 291/291/291 292/292/292 293/293/293 
f 294/294/294 295/295/295 296/296/296 
f 294/294/294 296/296/296 297/297/297 
f 298/298/298 297/297/297 296/296/296 
f 296/296/296 295/295/295 299/299/299 
f 300/300/300 301/301/301 295/295/295 
f 301/301/301 302/302/302 299/299/299 
f 296/296/296 299/299/299 303/303/303 
f 304/304/304 296/296/296 303/303/303 
f 305/305/305 304/304/304 303/303/303 
f 303/303/303 299/299/299 306/306/306 
f 305/305/305 303/303/303 307/307/307 
f 303/303/303 306/306/306 307/307/307 
f 307/307/307 306/306/306 308/308/308 
f 309/309/309 308/308/308 306/306/306 
f 309/309/309 310/310/310 308/308/308 
f 307/307/307 308/308/308 311/311/311 
f 311/311/311 308/308/308 312/312/312 
f 311/311/311 312/312/312 313/313/313 
f 314/314/314 313/313/313 312/312/312 
f 315/315/315 311/311/311 313/313/313 
f 315/315/315 316/316/316 311/311/311 
f 317/317/317 315/315/315 313/313/313 
f 317/317/317 313/313/313 318/318/318 
f 314/314/314 318/318/318 313/313/313 
f 319/319/319 318/318/318 314/314/314 
f 320/320/320 321/321/321 319/319/319 
f 319/319/319 322/322/322 318/318/318 
f 323/323/323 318/318/318 322/322/322 
f 324/324/324 322/322/322 319/319/319 
f 324/324/324 325/325/325 322/322/322 
f 326/326/326 327/327/327 328/328/328 
f 326/326/326 328/328/328 329/329/329 
f 327/327/327 330/330/330 328/328/328 
f 331/331/331 327/327/327 332/332/332 
f 331/331/331 333/333/333 327/327/327 
f 327/327/327 333/333/333 330/330/330 
f 334/334/334 333/333/333 331/331/331 
f 333/333/333 335/335/335 330/330/330 
f 336/336/336 330/330/330 335/335/335 
f 334/334/334 337/337/337 333/333/333 
f 333/333/333 337/337/337 335/335/335 
f 338/338/338 337/337/337 334/334/334 
f 339/339/339 335/335/335 337/337/337 
f 340/340/340 341/341/341 338/338/338 
f 339/339/339 337/337/337 341/341/341 
f 342/342/342 335/335/335 339/339/339 
f 342/342/342 339/339/339 343/343/343 
f 339/339/339 344/344/344 343/343/343 
f 339/339/339 345/345/345 344/344/344 
f 345/345/345 339/339/339 341/341/341 
f 345/345/345 341/341/341 346/346/346 
f 346/346/346 347/347/347 348/348/348 
f 349/349/349 348/348/348 350/350/350 
f 346/346/346 351/351/351 345/345/345 
f 346/346/346 349/349/349 351/351/351 
f 345/345/345 351/351/351 352/352/352 
f 345/345/345 352/352/352 353/353/353 
f 351/351/351 354/354/354 352/352/352 
f 351/351/351 355/355/355 354/354/354 
f 349/349/349 355/355/355 351/351/351 
f 349/349/349 356/356/356 355/355/355 
f 357/357/357 355/355/355 356/356/356 
f 357/357/357 358/358/358 355/355/355 
f 359/359/359 358/358/358 357/357/357 
f 360/360/360 361/361/361 362/362/362 
f 361/361/361 363/363/363 362/362/362 
f 364/364/364 361/361/361 360/360/360 
f 364/364/364 360/360/360 365/365/365 
f 360/360/360 366/366/366 367/367/367 
f 360/360/360 368/368/368 366/366/366 
f 360/360/360 362/362/362 368/368/368 
f 368/368/368 369/369/369 366/366/366 
f 362/362/362 370/370/370 368/368/368 
f 368/368/368 370/370/370 369/369/369 
f 362/362/362 371/371/371 370/370/370 
f 362/362/362 372/372/372 371/371/371 
f 369/369/369 370/370/370 373/373/373 
f 371/371/371 373/373/373 370/370/370 
f 369/369/369 373/373/373 374/374/374 
f 373/373/373 375/375/375 374/374/374 
f 371/371/371 376/376/376 373/373/373 
f 377/377/377 376/376/376 371/371/371 
f 373/373/373 378/378/378 375/375/375 
f 376/376/376 378/378/378 373/373/373 
f 379/379/379 376/376/376 377/377/377 
f 375/375/375 378/378/378 380/380/380 
f 379/379/379 381/381/381 376/376/376 
f 376/376/376 381/381/381 378/378/378 
f 382/382/382 381/381/381 379/379/379 
f 380/380/380 378/378/378 381/381/381 
f 380/380/380 381/381/381 383/383/383 
f 384/384/384 380/380/380 383/383/383 
f 380/380/380 384/384/384 385/385/385 
f 385/385/385 384/384/384 386/386/386 
f 384/384/384 383/383/383 387/387/387 
f 386/386/386 384/384/384 387/387/387 
f 388/388/388 387/387/387 383/383/383 
f 388/388/388 383/383/383 389/389/389 
f 390/390/390 387/387/387 388/388/388 
f 386/386/386 387/387/387 391/391/391 
f 392/392/392 386/386/386 391/391/391 
f 392/392/392 391/391/391 393/393/393 
f 394/394/394 395/395/395 396/396/396 
f 397/397/397 398/398/398 399/399/399 
f 400/400/400 401/401/401 402/402/402 
f 403/403/403 402/402/402 401/401/401 
f 404/404/404 401/401/401 400/400/400 
f 404/404/404 400/400/400 405/405/405 
f 405/405/405 400/400/400 406/406/406 
f 405/405/405 406/406/406 407/407/407 
f 400/400/400 402/402/402 408/408/408 
f 406/406/406 400/400/400 408/408/408 
f 409/409/409 408/408/408 402/402/402 
f 409/409/409 402/402/402 410/410/410 
f 411/411/411 408/408/408 409/409/409 
f 411/411/411 412/412/412 408/408/408 
f 406/406/406 408/408/408 412/412/412 
f 413/413/413 412/412/412 411/411/411 
f 407/407/407 406/406/406 414/414/414 
f 407/407/407 414/414/414 415/415/415 
f 414/414/414 416/416/416 415/415/415 
f 414/414/414 417/417/417 416/416/416 
f 413/413/413 418/418/418 412/412/412 
f 418/418/418 406/406/406 412/412/412 
f 418/418/418 414/414/414 406/406/406 
f 419/419/419 418/418/418 413/413/413 
f 419/419/419 420/420/420 418/418/418 
f 420/420/420 414/414/414 418/418/418 
f 420/420/420 417/417/417 414/414/414 
f 421/421/421 420/420/420 422/422/422 
f 423/423/423 417/417/417 420/420/420 
f 424/424/424 417/417/417 423/423/423 
f 423/423/423 420/420/420 425/425/425 
f 426/426/426 423/423/423 425/425/425 
f 427/427/427 426/426/426 425/425/425 
f 426/426/426 428/428/428 423/423/423 
f 429/429/429 428/428/428 426/426/426 
f 429/429/429 430/430/430 428/428/428 
f 431/431/431 432/432/432 433/433/433 
f 434/434/434 435/435/435 436/436/436 
f 437/437/437 438/438/438 439/439/439 
f 439/439/439 438/438/438 440/440/440 
f 437/437/437 441/441/441 438/438/438 
f 438/438/438 441/441/441 442/442/442 
f 438/438/438 442/442/442 440/440/440 
f 441/441/441 443/443/443 442/442/442 
f 439/439/439 440/440/440 444/444/444 
f 441/441/441 445/445/445 443/443/443 
f 437/437/437 445/445/445 441/441/441 
f 442/442/442 443/443/443 446/446/446 
f 440/440/440 442/442/442 447/447/447 
f 442/442/442 446/446/446 447/447/447 
f 440/440/440 447/447/447 448/448/448 
f 444/444/444 440/440/440 448/448/448 
f 449/449/449 447/447/447 446/446/446 
f 450/450/450 439/439/439 444/444/444 
f 437/437/437 439/439/439 450/450/450 
f 451/451/451 448/448/448 447/447/447 
f 449/449/449 451/451/451 447/447/447 
f 451/451/451 452/452/452 448/448/448 
f 444/444/444 448/448/448 453/453/453 
f 452/452/452 453/453/453 448/448/448 
f 450/450/450 444/444/444 454/454/454 
f 454/454/454 444/444/444 453/453/453 
f 455/455/455 456/456/456 457/457/457 
f 455/455/455 458/458/458 456/456/456 
f 455/455/455 459/459/459 458/458/458 
f 456/456/456 460/460/460 461/461/461 
f 459/459/459 455/455/455 462/462/462 
f 459/459/459 462/462/462 463/463/463 
f 464/464/464 462/462/462 455/455/455 
f 455/455/455 457/457/457 464/464/464 
f 464/464/464 465/465/465 462/462/462 
f 465/465/465 466/466/466 462/462/462 
f 465/465/465 467/467/467 466/466/466 
f 468/468/468 465/465/465 464/464/464 
f 464/464/464 457/457/457 469/469/469 
f 464/464/464 469/469/469 470/470/470 
f 457/457/457 471/471/471 472/472/472 
f 457/457/457 473/473/473 471/471/471 
f 456/456/456 473/473/473 457/457/457 
f 471/471/471 473/473/473 474/474/474 
f 471/471/471 474/474/474 475/475/475 
f 456/456/456 476/476/476 473/473/473 
f 456/456/456 461/461/461 476/476/476 
f 477/477/477 476/476/476 461/461/461 
f 478/478/478 473/473/473 476/476/476 
f 477/477/477 478/478/478 476/476/476 
f 478/478/478 474/474/474 473/473/473 
f 479/479/479 478/478/478 477/477/477 
f 474/474/474 480/480/480 475/475/475 
f 479/479/479 481/481/481 478/478/478 
f 481/481/481 474/474/474 478/478/478 
f 482/482/482 481/481/481 479/479/479 
f 482/482/482 483/483/483 481/481/481 
f 481/481/481 484/484/484 474/474/474 
f 474/474/474 484/484/484 480/480/480 
f 483/483/483 484/484/484 481/481/481 
f 480/480/480 484/484/484 485/485/485 
f 483/483/483 485/485/485 484/484/484 
f 480/480/480 485/485/485 486/486/486 
f 487/487/487 485/485/485 483/483/483 
f 488/488/488 489/489/489 490/490/490 
f 488/488/488 490/490/490 491/491/491 
f 489/489/489 492/492/492 490/490/490 
f 489/489/489 493/493/493 492/492/492 
f 494/494/494 495/495/495 492/492/492 
f 494/494/494 496/496/496 495/495/495 
f 496/496/496 497/497/497 495/495/495 
f 496/496/496 498/498/498 497/497/497 
f 498/498/498 499/499/499 497/497/497 
f 498/498/498 500/500/500 499/499/499 
f 501/501/501 502/502/502 499/499/499 
f 501/501/501 503/503/503 502/502/502 
f 497/497/497 502/502/502 504/504/504 
f 505/505/505 504/504/504 502/502/502 
f 505/505/505 506/506/506 504/504/504 
f 495/495/495 504/504/504 507/507/507 
f 506/506/506 507/507/507 504/504/504 
f 506/506/506 508/508/508 507/507/507 
f 508/508/508 509/509/509 507/507/507 
f 492/492/492 507/507/507 509/509/509 
f 508/508/508 510/510/510 509/509/509 
f 490/490/490 509/509/509 511/511/511 
f 512/512/512 511/511/511 509/509/509 
f 512/512/512 513/513/513 511/511/511 
f 513/513/513 514/514/514 511/511/511 
f 513/513/513 515/515/515 514/514/514 
f 516/516/516 517/517/517 518/518/518 
f 519/519/519 520/520/520 521/521/521 
f 519/519/519 521/521/521 522/522/522 
f 523/523/523 520/520/520 519/519/519 
f 524/524/524 525/525/525 521/521/521 
f 523/523/523 526/526/526 520/520/520 
f 527/527/527 528/528/528 522/522/522 
f 529/529/529 526/526/526 523/523/523 
f 529/529/529 523/523/523 530/530/530 
f 531/531/531 529/529/529 530/530/530 
f 531/531/531 532/532/532 529/529/529 
f 533/533/533 532/532/532 531/531/531 
f 534/534/534 535/535/535 532/532/532 
f 533/533/533 536/536/536 532/532/532 
f 537/537/537 534/534/534 536/536/536 
f 537/537/537 536/536/536 538/538/538 
f 538/538/538 536/536/536 533/533/533 
f 538/538/538 533/533/533 539/539/539 
f 540/540/540 538/538/538 539/539/539 
f 541/541/541 542/542/542 543/543/543 
f 543/543/543 542/542/542 544/544/544 
f 543/543/543 544/544/544 545/545/545 
f 546/546/546 541/541/541 547/547/547 
f 548/548/548 549/549/549 550/550/550 
f 551/551/551 552/552/552 553/553/553 
f 554/554/554 551/551/551 555/555/555 
f 551/551/551 556/556/556 557/557/557 
f 551/551/551 558/558/558 556/556/556 
f 551/551/551 553/553/553 558/558/558 
f 553/553/553 559/559/559 558/558/558 
f 558/558/558 559/559/559 560/560/560 
f 559/559/559 561/561/561 560/560/560 
f 559/559/559 562/562/562 561/561/561 
f 562/562/562 563/563/563 561/561/561 
f 562/562/562 564/564/564 563/563/563 
f 565/565/565 562/562/562 559/559/559 
f 553/553/553 565/565/565 559/559/559 
f 566/566/566 564/564/564 562/562/562 
f 553/553/553 567/567/567 565/565/565 
f 553/553/553 568/568/568 567/567/567 
f 565/565/565 567/567/567 569/569/569 
f 565/565/565 569/569/569 566/566/566 
f 566/566/566 569/569/569 570/570/570 
f 566/566/566 570/570/570 571/571/571 
f 566/566/566 571/571/571 564/564/564 
f 572/572/572 564/564/564 571/571/571 
f 572/572/572 573/573/573 564/564/564 
f 572/572/572 571/571/571 574/574/574 
f 572/572/572 575/575/575 573/573/573 
f 574/574/574 576/576/576 577/577/577 
f 578/578/578 572/572/572 574/574/574 
f 579/579/579 578/578/578 574/574/574 
f 575/575/575 572/572/572 580/580/580 
f 578/578/578 580/580/580 572/572/572 
f 575/575/575 580/580/580 581/581/581 
f 582/582/582 580/580/580 578/578/578 
f 582/582/582 583/583/583 580/580/580 
f 584/584/584 585/585/585 586/586/586 
f 587/587/587 586/586/586 588/588/588 
f 589/589/589 590/590/590 588/588/588 
f 591/591/591 592/592/592 593/593/593 
f 594/594/594 595/595/595 596/596/596 
f 595/595/595 597/597/597 596/596/596 
f 595/595/595 598/598/598 597/597/597 
f 599/599/599 594/594/594 600/600/600 
f 601/601/601 602/602/602 603/603/603 
f 601/601/601 603/603/603 604/604/604 
f 605/605/605 602/602/602 601/601/601 
f 606/606/606 607/607/607 603/603/603 
f 605/605/605 608/608/608 602/602/602 
f 609/609/609 610/610/610 604/604/604 
f 611/611/611 608/608/608 605/605/605 
f 611/611/611 612/612/612 608/608/608 
f 613/613/613 608/608/608 612/612/612 
f 614/614/614 613/613/613 612/612/612 
f 615/615/615 612/612/612 611/611/611 
f 615/615/615 611/611/611 616/616/616 
f 611/611/611 617/617/617 616/616/616 
f 618/618/618 615/615/615 616/616/616 
f 619/619/619 620/620/620 618/618/618 
f 618/618/618 621/621/621 615/615/615 
f 622/622/622 615/615/615 621/621/621 
f 623/623/623 621/621/621 618/618/618 
f 624/624/624 622/622/622 621/621/621 
f 624/624/624 621/621/621 625/625/625 
f 623/623/623 625/625/625 621/621/621 
f 626/626/626 624/624/624 625/625/625 
f 627/627/627 625/625/625 623/623/623 
f 627/627/627 623/623/623 628/628/628 
f 629/629/629 627/627/627 628/628/628 
f 630/630/630 631/631/631 632/632/632 
f 630/630/630 632/632/632 633/633/633 
f 634/634/634 635/635/635 636/636/636 
f 637/637/637 638/638/638 639/639/639 
f 637/637/637 639/639/639 640/640/640 
f 638/638/638 641/641/641 639/639/639 
f 640/640/640 639/639/639 642/642/642 
f 640/640/640 642/642/642 643/643/643 
f 639/639/639 644/644/644 642/642/642 
f 645/645/645 644/644/644 641/641/641 
f 645/645/645 641/641/641 646/646/646 
f 646/646/646 641/641/641 647/647/647 
f 646/646/646 647/647/647 648/648/648 
f 649/649/649 644/644/644 650/650/650 
f 649/649/649 651/651/651 644/644/644 
f 652/652/652 651/651/651 649/649/649 
f 652/652/652 653/653/653 651/651/651 
f 654/654/654 653/653/653 652/652/652 
f 642/642/642 651/651/651 655/655/655 
f 656/656/656 642/642/642 655/655/655 
f 656/656/656 655/655/655 657/657/657 
f 657/657/657 655/655/655 658/658/658 
f 654/654/654 659/659/659 653/653/653 
f 658/658/658 653/653/653 659/659/659 
f 657/657/657 658/658/658 660/660/660 
f 660/660/660 658/658/658 661/661/661 
f 658/658/658 659/659/659 661/661/661 
f 660/660/660 661/661/661 662/662/662 
f 663/663/663 661/661/661 659/659/659 
f 663/663/663 659/659/659 664/664/664 
f 665/665/665 666/666/666 667/667/667 
f 667/667/667 666/666/666 668/668/668 
f 667/667/667 668/668/668 669/669/669 
f 668/668/668 670/670/670 671/671/671 
f 672/672/672 673/673/673 671/671/671 
f 672/672/672 674/674/674 673/673/673 
f 675/675/675 676/676/676 677/677/677 
f 677/677/677 676/676/676 678/678/678 
f 679/679/679 678/678/678 676/676/676 
f 680/680/680 679/679/679 676/676/676 
f 680/680/680 676/676/676 675/675/675 
f 681/681/681 680/680/680 675/675/675 
f 677/677/677 678/678/678 682/682/682 
f 682/682/682 678/678/678 683/683/683 
f 682/682/682 683/683/683 684/684/684 
f 675/675/675 677/677/677 685/685/685 
f 686/686/686 685/685/685 677/677/677 
f 687/687/687 675/675/675 685/685/685 
f 688/688/688 687/687/687 685/685/685 
f 687/687/687 689/689/689 675/675/675 
f 690/690/690 689/689/689 687/687/687 
f 690/690/690 691/691/691 689/689/689 
f 692/692/692 691/691/691 690/690/690 
f 687/687/687 693/693/693 690/690/690 
f 687/687/687 694/694/694 693/693/693 
f 693/693/693 695/695/695 690/690/690 
f 692/692/692 690/690/690 695/695/695 
f 696/696/696 692/692/692 695/695/695 
f 696/696/696 695/695/695 697/697/697 
f 698/698/698 699/699/699 697/697/697 
f 700/700/700 697/697/697 699/699/699 
f 700/700/700 696/696/696 697/697/697 
f 701/701/701 696/696/696 700/700/700 
f 701/701/701 702/702/702 696/696/696 
f 703/703/703 704/704/704 705/705/705 
f 706/706/706 703/703/703 705/705/705 
f 706/706/706 705/705/705 707/707/707 
f 708/708/708 709/709/709 704/704/704 
f 710/710/710 711/711/711 709/709/709 
f 710/710/710 712/712/712 711/711/711 
f 712/712/712 713/713/713 711/711/711 
f 712/712/712 714/714/714 713/713/713 
f 715/715/715 716/716/716 713/713/713 
f 715/715/715 717/717/717 716/716/716 
f 717/717/717 718/718/718 716/716/716 
f 717/717/717 719/719/719 718/718/718 
f 718/718/718 719/719/719 720/720/720 
f 718/718/718 720/720/720 721/721/721 
f 720/720/720 722/722/722 721/721/721 
f 720/720/720 723/723/723 722/722/722 
f 724/724/724 722/722/722 725/725/725 
f 726/726/726 450/450/450 454/454/454 
f 437/437/437 450/450/450 726/726/726 
f 454/454/454 453/453/453 727/727/727 
f 726/726/726 454/454/454 728/728/728 
f 728/728/728 454/454/454 727/727/727 
f 729/729/729 726/726/726 728/728/728 
f 437/437/437 726/726/726 729/729/729 
f 437/437/437 729/729/729 730/730/730 
f 730/730/730 729/729/729 731/731/731 
f 729/729/729 728/728/728 731/731/731 
f 730/730/730 731/731/731 732/732/732 
f 733/733/733 727/727/727 453/453/453 
f 452/452/452 733/733/733 453/453/453 
f 728/728/728 727/727/727 734/734/734 
f 731/731/731 728/728/728 734/734/734 
f 733/733/733 735/735/735 727/727/727 
f 734/734/734 727/727/727 735/735/735 
f 736/736/736 733/733/733 452/452/452 
f 737/737/737 735/735/735 733/733/733 
f 737/737/737 733/733/733 736/736/736 
f 734/734/734 735/735/735 738/738/738 
f 738/738/738 735/735/735 737/737/737 
f 731/731/731 734/734/734 739/739/739 
f 739/739/739 734/734/734 738/738/738 
f 731/731/731 739/739/739 740/740/740 
f 732/732/732 731/731/731 740/740/740 
f 732/732/732 740/740/740 741/741/741 
f 742/742/742 732/732/732 741/741/741 
f 739/739/739 743/743/743 740/740/740 
f 741/741/741 740/740/740 743/743/743 
f 744/744/744 742/742/742 741/741/741 
f 741/741/741 743/743/743 744/744/744 
f 744/744/744 745/745/745 742/742/742 
f 746/746/746 745/745/745 744/744/744 
f 739/739/739 747/747/747 743/743/743 
f 739/739/739 738/738/738 747/747/747 
f 744/744/744 743/743/743 748/748/748 
f 747/747/747 748/748/748 743/743/743 
f 746/746/746 744/744/744 749/749/749 
f 744/744/744 748/748/748 749/749/749 
f 750/750/750 746/746/746 749/749/749 
f 750/750/750 749/749/749 751/751/751 
f 749/749/749 752/752/752 751/751/751 
f 749/749/749 748/748/748 752/752/752 
f 753/753/753 752/752/752 748/748/748 
f 747/747/747 753/753/753 748/748/748 
f 753/753/753 754/754/754 752/752/752 
f 747/747/747 738/738/738 755/755/755 
f 747/747/747 755/755/755 753/753/753 
f 738/738/738 737/737/737 755/755/755 
f 753/753/753 756/756/756 754/754/754 
f 753/753/753 755/755/755 756/756/756 
f 750/750/750 754/754/754 757/757/757 
f 750/750/750 757/757/757 758/758/758 
f 758/758/758 759/759/759 760/760/760 
f 757/757/757 761/761/761 759/759/759 
f 754/754/754 762/762/762 757/757/757 
f 757/757/757 762/762/762 761/761/761 
f 754/754/754 756/756/756 762/762/762 
f 762/762/762 763/763/763 761/761/761 
f 762/762/762 764/764/764 763/763/763 
f 762/762/762 765/765/765 764/764/764 
f 756/756/756 765/765/765 762/762/762 
f 765/765/765 766/766/766 764/764/764 
f 765/765/765 767/767/767 766/766/766 
f 767/767/767 768/768/768 766/766/766 
f 765/765/765 769/769/769 767/767/767 
f 756/756/756 770/770/770 765/765/765 
f 765/765/765 770/770/770 769/769/769 
f 755/755/755 770/770/770 756/756/756 
f 770/770/770 771/771/771 769/769/769 
f 755/755/755 737/737/737 770/770/770 
f 770/770/770 737/737/737 771/771/771 
f 737/737/737 772/772/772 771/771/771 
f 737/737/737 736/736/736 772/772/772 
f 736/736/736 773/773/773 772/772/772 
f 736/736/736 774/774/774 773/773/773 
f 774/774/774 775/775/775 773/773/773 
f 736/736/736 452/452/452 774/774/774 
f 774/774/774 776/776/776 775/775/775 
f 776/776/776 777/777/777 775/775/775 
f 778/778/778 774/774/774 452/452/452 
f 778/778/778 452/452/452 451/451/451 
f 779/779/779 776/776/776 774/774/774 
f 779/779/779 774/774/774 778/778/778 
f 776/776/776 780/780/780 777/777/777 
f 780/780/780 781/781/781 777/777/777 
f 780/780/780 782/782/782 781/781/781 
f 783/783/783 782/782/782 780/780/780 
f 784/784/784 780/780/780 776/776/776 
f 783/783/783 780/780/780 784/784/784 
f 784/784/784 776/776/776 779/779/779 
f 783/783/783 784/784/784 785/785/785 
f 783/783/783 785/785/785 786/786/786 
f 784/784/784 787/787/787 785/785/785 
f 784/784/784 779/779/779 787/787/787 
f 779/779/779 788/788/788 787/787/787 
f 779/779/779 778/778/778 788/788/788 
f 778/778/778 789/789/789 788/788/788 
f 778/778/778 790/790/790 789/789/789 
f 790/790/790 791/791/791 789/789/789 
f 778/778/778 449/449/449 790/790/790 
f 778/778/778 451/451/451 449/449/449 
f 790/790/790 792/792/792 791/791/791 
f 792/792/792 790/790/790 449/449/449 
f 792/792/792 793/793/793 791/791/791 
f 792/792/792 449/449/449 794/794/794 
f 794/794/794 449/449/449 446/446/446 
f 792/792/792 795/795/795 793/793/793 
f 795/795/795 792/792/792 794/794/794 
f 795/795/795 796/796/796 793/793/793 
f 794/794/794 446/446/446 797/797/797 
f 795/795/795 794/794/794 797/797/797 
f 797/797/797 446/446/446 443/443/443 
f 795/795/795 798/798/798 796/796/796 
f 797/797/797 443/443/443 799/799/799 
f 795/795/795 797/797/797 799/799/799 
f 799/799/799 443/443/443 445/445/445 
f 800/800/800 798/798/798 795/795/795 
f 800/800/800 795/795/795 799/799/799 
f 800/800/800 801/801/801 798/798/798 
f 799/799/799 445/445/445 802/802/802 
f 800/800/800 799/799/799 802/802/802 
f 802/802/802 445/445/445 437/437/437 
f 437/437/437 801/801/801 800/800/800 
f 800/800/800 802/802/802 437/437/437 
f 803/803/803 804/804/804 805/805/805 
f 806/806/806 807/807/807 808/808/808 
f 809/809/809 810/810/810 811/811/811 
f 810/810/810 812/812/812 811/811/811 
f 809/809/809 811/811/811 813/813/813 
f 811/811/811 814/814/814 813/813/813 
f 811/811/811 812/812/812 814/814/814 
f 813/813/813 814/814/814 815/815/815 
f 810/810/810 816/816/816 812/812/812 
f 809/809/809 813/813/813 817/817/817 
f 813/813/813 815/815/815 817/817/817 
f 809/809/809 818/818/818 810/810/810 
f 818/818/818 816/816/816 810/810/810 
f 812/812/812 819/819/819 814/814/814 
f 814/814/814 820/820/820 815/815/815 
f 814/814/814 819/819/819 820/820/820 
f 812/812/812 821/821/821 819/819/819 
f 816/816/816 821/821/821 812/812/812 
f 822/822/822 820/820/820 819/819/819 
f 818/818/818 823/823/823 816/816/816 
f 816/816/816 824/824/824 821/821/821 
f 823/823/823 824/824/824 816/816/816 
f 825/825/825 819/819/819 821/821/821 
f 825/825/825 822/822/822 819/819/819 
f 826/826/826 821/821/821 824/824/824 
f 826/826/826 825/825/825 821/821/821 
f 827/827/827 828/828/828 829/829/829 
f 827/827/827 829/829/829 830/830/830 
f 831/831/831 828/828/828 832/832/832 
f 831/831/831 833/833/833 828/828/828 
f 834/834/834 833/833/833 831/831/831 
f 834/834/834 835/835/835 833/833/833 
f 836/836/836 835/835/835 834/834/834 
f 836/836/836 837/837/837 835/835/835 
f 838/838/838 829/829/829 839/839/839 
f 838/838/838 839/839/839 840/840/840 
f 835/835/835 841/841/841 839/839/839 
f 840/840/840 839/839/839 841/841/841 
f 837/837/837 842/842/842 841/841/841 
f 840/840/840 841/841/841 843/843/843 
f 843/843/843 841/841/841 842/842/842 
f 843/843/843 842/842/842 844/844/844 
f 845/845/845 846/846/846 847/847/847 
f 845/845/845 847/847/847 848/848/848 
f 849/849/849 850/850/850 851/851/851 
f 851/851/851 850/850/850 852/852/852 
f 851/851/851 852/852/852 853/853/853 
f 852/852/852 854/854/854 853/853/853 
f 852/852/852 855/855/855 854/854/854 
f 854/854/854 855/855/855 856/856/856 
f 857/857/857 858/858/858 859/859/859 
f 858/858/858 860/860/860 859/859/859 
f 861/861/861 862/862/862 863/863/863 
f 861/861/861 863/863/863 864/864/864 
f 864/864/864 863/863/863 865/865/865 
f 866/866/866 865/865/865 863/863/863 
f 867/867/867 868/868/868 864/864/864 
f 867/867/867 864/864/864 869/869/869 
f 864/864/864 865/865/865 869/869/869 
f 869/869/869 865/865/865 870/870/870 
f 871/871/871 872/872/872 870/870/870 
f 872/872/872 873/873/873 870/870/870 
f 869/869/869 870/870/870 874/874/874 
f 873/873/873 874/874/874 870/870/870 
f 875/875/875 869/869/869 874/874/874 
f 873/873/873 876/876/876 874/874/874 
f 877/877/877 874/874/874 876/876/876 
f 878/878/878 876/876/876 873/873/873 
f 879/879/879 877/877/877 876/876/876 
f 878/878/878 880/880/880 876/876/876 
f 879/879/879 876/876/876 880/880/880 
f 881/881/881 880/880/880 878/878/878 
f 882/882/882 879/879/879 880/880/880 
f 882/882/882 880/880/880 883/883/883 
f 881/881/881 883/883/883 880/880/880 
f 884/884/884 882/882/882 883/883/883 
f 885/885/885 883/883/883 881/881/881 
f 881/881/881 886/886/886 885/885/885 
f 884/884/884 883/883/883 887/887/887 
f 885/885/885 887/887/887 883/883/883 
f 888/888/888 884/884/884 887/887/887 
f 889/889/889 887/887/887 885/885/885 
f 886/886/886 889/889/889 885/885/885 
f 888/888/888 890/890/890 884/884/884 
f 886/886/886 891/891/891 889/889/889 
f 891/891/891 892/892/892 889/889/889 
f 892/892/892 888/888/888 889/889/889 
f 891/891/891 893/893/893 892/892/892 
f 893/893/893 894/894/894 892/892/892 
f 895/895/895 890/890/890 888/888/888 
f 892/892/892 895/895/895 888/888/888 
f 895/895/895 896/896/896 890/890/890 
f 897/897/897 896/896/896 895/895/895 
f 898/898/898 895/895/895 892/892/892 
f 898/898/898 892/892/892 894/894/894 
f 899/899/899 898/898/898 894/894/894 
f 900/900/900 901/901/901 902/902/902 
f 902/902/902 901/901/901 903/903/903 
f 902/902/902 903/903/903 904/904/904 
f 905/905/905 906/906/906 907/907/907 
f 906/906/906 908/908/908 909/909/909 
f 906/906/906 909/909/909 910/910/910 
f 909/909/909 911/911/911 910/910/910 
f 909/909/909 912/912/912 911/911/911 
f 913/913/913 911/911/911 914/914/914 
f 915/915/915 916/916/916 917/917/917 
f 915/915/915 917/917/917 918/918/918 
f 918/918/918 919/919/919 920/920/920 
f 921/921/921 922/922/922 923/923/923 
f 924/924/924 925/925/925 926/926/926 
f 924/924/924 926/926/926 927/927/927 
f 925/925/925 928/928/928 929/929/929 
f 928/928/928 930/930/930 931/931/931 
f 930/930/930 932/932/932 933/933/933 
f 932/932/932 934/934/934 935/935/935 
f 823/823/823 936/936/936 824/824/824 
f 936/936/936 826/826/826 824/824/824 
f 937/937/937 823/823/823 818/818/818 
f 809/809/809 937/937/937 818/818/818 
f 937/937/937 938/938/938 823/823/823 
f 938/938/938 936/936/936 823/823/823 
f 939/939/939 938/938/938 937/937/937 
f 809/809/809 939/939/939 937/937/937 
f 939/939/939 940/940/940 938/938/938 
f 940/940/940 941/941/941 938/938/938 
f 938/938/938 941/941/941 936/936/936 
f 940/940/940 942/942/942 941/941/941 
f 942/942/942 943/943/943 941/941/941 
f 942/942/942 944/944/944 943/943/943 
f 941/941/941 943/943/943 945/945/945 
f 944/944/944 946/946/946 943/943/943 
f 945/945/945 943/943/943 946/946/946 
f 941/941/941 945/945/945 947/947/947 
f 941/941/941 947/947/947 936/936/936 
f 947/947/947 945/945/945 948/948/948 
f 944/944/944 949/949/949 946/946/946 
f 947/947/947 948/948/948 950/950/950 
f 946/946/946 950/950/950 948/948/948 
f 951/951/951 947/947/947 950/950/950 
f 946/946/946 951/951/951 950/950/950 
f 947/947/947 952/952/952 936/936/936 
f 951/951/951 952/952/952 947/947/947 
f 936/936/936 952/952/952 826/826/826 
f 952/952/952 953/953/953 826/826/826 
f 952/952/952 951/951/951 953/953/953 
f 953/953/953 825/825/825 826/826/826 
f 949/949/949 954/954/954 946/946/946 
f 949/949/949 955/955/955 954/954/954 
f 946/946/946 956/956/956 951/951/951 
f 946/946/946 954/954/954 956/956/956 
f 951/951/951 956/956/956 957/957/957 
f 951/951/951 957/957/957 953/953/953 
f 955/955/955 958/958/958 954/954/954 
f 955/955/955 959/959/959 958/958/958 
f 958/958/958 959/959/959 960/960/960 
f 960/960/960 959/959/959 961/961/961 
f 960/960/960 961/961/961 962/962/962 
f 963/963/963 958/958/958 960/960/960 
f 954/954/954 958/958/958 964/964/964 
f 954/954/954 964/964/964 956/956/956 
f 964/964/964 963/963/963 965/965/965 
f 956/956/956 964/964/964 966/966/966 
f 966/966/966 964/964/964 965/965/965 
f 956/956/956 966/966/966 957/957/957 
f 966/966/966 965/965/965 967/967/967 
f 957/957/957 966/966/966 968/968/968 
f 957/957/957 968/968/968 969/969/969 
f 953/953/953 957/957/957 969/969/969 
f 953/953/953 969/969/969 970/970/970 
f 971/971/971 953/953/953 970/970/970 
f 971/971/971 972/972/972 953/953/953 
f 953/953/953 972/972/972 825/825/825 
f 972/972/972 822/822/822 825/825/825 
f 973/973/973 972/972/972 971/971/971 
f 972/972/972 973/973/973 822/822/822 
f 973/973/973 971/971/971 974/974/974 
f 975/975/975 973/973/973 974/974/974 
f 975/975/975 974/974/974 976/976/976 
f 977/977/977 822/822/822 973/973/973 
f 978/978/978 973/973/973 975/975/975 
f 978/978/978 977/977/977 973/973/973 
f 979/979/979 975/975/975 976/976/976 
f 979/979/979 976/976/976 980/980/980 
f 981/981/981 979/979/979 980/980/980 
f 981/981/981 980/980/980 982/982/982 
f 983/983/983 979/979/979 981/981/981 
f 984/984/984 975/975/975 979/979/979 
f 983/983/983 984/984/984 979/979/979 
f 984/984/984 978/978/978 975/975/975 
f 984/984/984 983/983/983 985/985/985 
f 984/984/984 985/985/985 986/986/986 
f 978/978/978 984/984/984 986/986/986 
f 978/978/978 986/986/986 987/987/987 
f 977/977/977 978/978/978 987/987/987 
f 977/977/977 987/987/987 988/988/988 
f 989/989/989 977/977/977 988/988/988 
f 989/989/989 988/988/988 990/990/990 
f 991/991/991 989/989/989 990/990/990 
f 991/991/991 990/990/990 992/992/992 
f 977/977/977 989/989/989 993/993/993 
f 991/991/991 993/993/993 989/989/989 
f 977/977/977 993/993/993 994/994/994 
f 977/977/977 994/994/994 822/822/822 
f 822/822/822 994/994/994 820/820/820 
f 994/994/994 995/995/995 820/820/820 
f 994/994/994 993/993/993 995/995/995 
f 815/815/815 820/820/820 995/995/995 
f 991/991/991 996/996/996 993/993/993 
f 996/996/996 995/995/995 993/993/993 
f 997/997/997 991/991/991 992/992/992 
f 997/997/997 996/996/996 991/991/991 
f 997/997/997 992/992/992 998/998/998 
f 996/996/996 999/999/999 995/995/995 
f 997/997/997 999/999/999 996/996/996 
f 815/815/815 995/995/995 1000/1000/1000 
f 999/999/999 1000/1000/1000 995/995/995 
f 817/817/817 815/815/815 1000/1000/1000 
f 1001/1001/1001 997/997/997 998/998/998 
f 1001/1001/1001 998/998/998 1002/1002/1002 
f 997/997/997 1003/1003/1003 999/999/999 
f 999/999/999 1003/1003/1003 1000/1000/1000 
f 1004/1004/1004 997/997/997 1001/1001/1001 
f 1004/1004/1004 1003/1003/1003 997/997/997 
f 1004/1004/1004 1001/1001/1001 1005/1005/1005 
f 809/809/809 1004/1004/1004 1005/1005/1005 
f 1004/1004/1004 1006/1006/1006 1003/1003/1003 
f 1004/1004/1004 809/809/809 1006/1006/1006 
f 1003/1003/1003 1007/1007/1007 1000/1000/1000 
f 1003/1003/1003 1006/1006/1006 1007/1007/1007 
f 1006/1006/1006 809/809/809 1007/1007/1007 
f 817/817/817 1000/1000/1000 1007/1007/1007 
f 809/809/809 817/817/817 1007/1007/1007 
f 1008/1008/1008 1009/1009/1009 1010/1010/1010 
f 1011/1011/1011 1010/1010/1010 1012/1012/1012 
f 1013/1013/1013 1012/1012/1012 1014/1014/1014 
f 1015/1015/1015 1014/1014/1014 1016/1016/1016 
f 1015/1015/1015 1016/1016/1016 1017/1017/1017 
f 1018/1018/1018 1019/1019/1019 1020/1020/1020 
f 1021/1021/1021 1019/1019/1019 1018/1018/1018 
f 1018/1018/1018 1020/1020/1020 1022/1022/1022 
f 1023/1023/1023 1024/1024/1024 1025/1025/1025 
f 1026/1026/1026 1027/1027/1027 1024/1024/1024 
f 1027/1027/1027 1028/1028/1028 1029/1029/1029 
f 1029/1029/1029 1030/1030/1030 1031/1031/1031 
f 1032/1032/1032 1031/1031/1031 1030/1030/1030 
f 1032/1032/1032 1033/1033/1033 1031/1031/1031 
f 1034/1034/1034 1033/1033/1033 1035/1035/1035 
f 1036/1036/1036 1037/1037/1037 1038/1038/1038 
f 1038/1038/1038 1037/1037/1037 1039/1039/1039 
f 1038/1038/1038 1039/1039/1039 1040/1040/1040 
f 1041/1041/1041 1042/1042/1042 1036/1036/1036 
f 1043/1043/1043 1044/1044/1044 1045/1045/1045 
f 1046/1046/1046 1047/1047/1047 1048/1048/1048 
f 1049/1049/1049 1046/1046/1046 1048/1048/1048 
f 1049/1049/1049 1048/1048/1048 1050/1050/1050 
f 1051/1051/1051 1052/1052/1052 1053/1053/1053 
f 1054/1054/1054 1055/1055/1055 1056/1056/1056 
f 1054/1054/1054 1056/1056/1056 1057/1057/1057 
f 1058/1058/1058 1059/1059/1059 1056/1056/1056 
f 1058/1058/1058 1060/1060/1060 1059/1059/1059 
f 1060/1060/1060 1061/1061/1061 1059/1059/1059 
f 1062/1062/1062 1063/1063/1063 1064/1064/1064 
f 1065/1065/1065 1066/1066/1066 1067/1067/1067 
f 1068/1068/1068 1069/1069/1069 1070/1070/1070 
f 1069/1069/1069 1071/1071/1071 1072/1072/1072 
f 1073/1073/1073 1068/1068/1068 1074/1074/1074 
f 1073/1073/1073 1074/1074/1074 1075/1075/1075 
f 1076/1076/1076 1077/1077/1077 1078/1078/1078 
f 1076/1076/1076 1078/1078/1078 1079/1079/1079 
f 1080/1080/1080 1081/1081/1081 1082/1082/1082 
f 1083/1083/1083 1084/1084/1084 1085/1085/1085 
f 1086/1086/1086 1087/1087/1087 1088/1088/1088 
f 1089/1089/1089 1086/1086/1086 1088/1088/1088 
f 1089/1089/1089 1088/1088/1088 1090/1090/1090 
f 1091/1091/1091 1089/1089/1089 1090/1090/1090 
f 1092/1092/1092 1093/1093/1093 1087/1087/1087 
f 1094/1094/1094 1095/1095/1095 1093/1093/1093 
f 1094/1094/1094 1096/1096/1096 1095/1095/1095 
f 1096/1096/1096 1097/1097/1097 1095/1095/1095 
f 1096/1096/1096 1098/1098/1098 1097/1097/1097 
f 1098/1098/1098 1099/1099/1099 1097/1097/1097 
f 1098/1098/1098 1100/1100/1100 1099/1099/1099 
f 1099/1099/1099 1100/1100/1100 1101/1101/1101 
f 1102/1102/1102 1103/1103/1103 1104/1104/1104 
f 1105/1105/1105 1106/1106/1106 1107/1107/1107 
f 1108/1108/1108 1109/1109/1109 1110/1110/1110 
f 1108/1108/1108 1110/1110/1110 1111/1111/1111 
f 1112/1112/1112 1108/1108/1108 1111/1111/1111 
f 1112/1112/1112 1111/1111/1111 1113/1113/1113 
f 1114/1114/1114 1115/1115/1115 1113/1113/1113 
f 1116/1116/1116 1114/1114/1114 1117/1117/1117 
f 1118/1118/1118 1119/1119/1119 1110/1110/1110 
f 1118/1118/1118 1120/1120/1120 1119/1119/1119 
f 1121/1121/1121 1122/1122/1122 1123/1123/1123 
f 1124/1124/1124 1123/1123/1123 1125/1125/1125 
f 1126/1126/1126 1127/1127/1127 1128/1128/1128 
f 1127/1127/1127 1126/1126/1126 1129/1129/1129 
f 1127/1127/1127 1129/1129/1129 1130/1130/1130 
f 1130/1130/1130 1129/1129/1129 1131/1131/1131 
f 1132/1132/1132 1127/1127/1127 1130/1130/1130 
f 1130/1130/1130 1131/1131/1131 1133/1133/1133 
f 1132/1132/1132 1130/1130/1130 1134/1134/1134 
f 1134/1134/1134 1130/1130/1130 1133/1133/1133 
f 1135/1135/1135 1132/1132/1132 1134/1134/1134 
f 1134/1134/1134 1133/1133/1133 1136/1136/1136 
f 1135/1135/1135 1134/1134/1134 1137/1137/1137 
f 1137/1137/1137 1134/1134/1134 1136/1136/1136 
f 1138/1138/1138 1135/1135/1135 1137/1137/1137 
f 1137/1137/1137 1136/1136/1136 1139/1139/1139 
f 1138/1138/1138 1137/1137/1137 1140/1140/1140 
f 1140/1140/1140 1137/1137/1137 1139/1139/1139 
f 1141/1141/1141 1138/1138/1138 1140/1140/1140 
f 1140/1140/1140 1139/1139/1139 1142/1142/1142 
f 1141/1141/1141 1140/1140/1140 1143/1143/1143 
f 1143/1143/1143 1140/1140/1140 1142/1142/1142 
f 1144/1144/1144 1141/1141/1141 1143/1143/1143 
f 1143/1143/1143 1142/1142/1142 1145/1145/1145 
f 1144/1144/1144 1143/1143/1143 1146/1146/1146 
f 1146/1146/1146 1143/1143/1143 1145/1145/1145 
f 1147/1147/1147 1144/1144/1144 1146/1146/1146 
f 1146/1146/1146 1145/1145/1145 1148/1148/1148 
f 1147/1147/1147 1146/1146/1146 1149/1149/1149 
f 1149/1149/1149 1146/1146/1146 1148/1148/1148 
f 1150/1150/1150 1147/1147/1147 1149/1149/1149 
f 1149/1149/1149 1148/1148/1148 1151/1151/1151 
f 1150/1150/1150 1149/1149/1149 1152/1152/1152 
f 1152/1152/1152 1149/1149/1149 1151/1151/1151 
f 1152/1152/1152 1151/1151/1151 1153/1153/1153 
f 1154/1154/1154 1150/1150/1150 1152/1152/1152 
f 1155/1155/1155 1152/1152/1152 1153/1153/1153 
f 1154/1154/1154 1152/1152/1152 1155/1155/1155 
f 1156/1156/1156 1154/1154/1154 1155/1155/1155 
f 1156/1156/1156 1155/1155/1155 1157/1157/1157 
f 1157/1157/1157 1155/1155/1155 1158/1158/1158 
f 1159/1159/1159 1156/1156/1156 1157/1157/1157 
f 1157/1157/1157 1158/1158/1158 1160/1160/1160 
f 1159/1159/1159 1157/1157/1157 1161/1161/1161 
f 1161/1161/1161 1157/1157/1157 1160/1160/1160 
f 1161/1161/1161 1160/1160/1160 1162/1162/1162 
f 1163/1163/1163 1159/1159/1159 1161/1161/1161 
f 1164/1164/1164 1161/1161/1161 1162/1162/1162 
f 1163/1163/1163 1161/1161/1161 1164/1164/1164 
f 1165/1165/1165 1163/1163/1163 1164/1164/1164 
f 1165/1165/1165 1164/1164/1164 1166/1166/1166 
f 1166/1166/1166 1164/1164/1164 1167/1167/1167 
f 1168/1168/1168 1165/1165/1165 1166/1166/1166 
f 1166/1166/1166 1167/1167/1167 1169/1169/1169 
f 1168/1168/1168 1166/1166/1166 1170/1170/1170 
f 1170/1170/1170 1166/1166/1166 1169/1169/1169 
f 1170/1170/1170 1169/1169/1169 1171/1171/1171 
f 1172/1172/1172 1168/1168/1168 1170/1170/1170 
f 1173/1173/1173 1170/1170/1170 1171/1171/1171 
f 1172/1172/1172 1170/1170/1170 1173/1173/1173 
f 1174/1174/1174 1172/1172/1172 1173/1173/1173 
f 1174/1174/1174 1173/1173/1173 1175/1175/1175 
f 1175/1175/1175 1173/1173/1173 1176/1176/1176 
f 1177/1177/1177 1174/1174/1174 1175/1175/1175 
f 1175/1175/1175 1176/1176/1176 1178/1178/1178 
f 1177/1177/1177 1175/1175/1175 1179/1179/1179 
f 1179/1179/1179 1175/1175/1175 1178/1178/1178 
f 1180/1180/1180 1177/1177/1177 1179/1179/1179 
f 1179/1179/1179 1178/1178/1178 1181/1181/1181 
f 1180/1180/1180 1179/1179/1179 1182/1182/1182 
f 1182/1182/1182 1179/1179/1179 1181/1181/1181 
f 1182/1182/1182 1181/1181/1181 1183/1183/1183 
f 1184/1184/1184 1185/1185/1185 1186/1186/1186 
f 1187/1187/1187 1184/1184/1184 1188/1188/1188 
f 1189/1189/1189 1190/1190/1190 1191/1191/1191 
f 1192/1192/1192 1193/1193/1193 1190/1190/1190 
f 1194/1194/1194 1195/1195/1195 1191/1191/1191 
f 1194/1194/1194 1191/1191/1191 1196/1196/1196 
f 1197/1197/1197 1198/1198/1198 1196/1196/1196 
f 1199/1199/1199 1197/1197/1197 1200/1200/1200 
f 1193/1193/1193 1201/1201/1201 1202/1202/1202 
f 1193/1193/1193 1203/1203/1203 1201/1201/1201 
f 1204/1204/1204 1205/1205/1205 1206/1206/1206 
f 1207/1207/1207 1208/1208/1208 1206/1206/1206 
f 1209/1209/1209 1210/1210/1210 1211/1211/1211 
f 1212/1212/1212 1210/1210/1210 1209/1209/1209 
f 1212/1212/1212 1213/1213/1213 1210/1210/1210 
f 1209/1209/1209 1211/1211/1211 1214/1214/1214 
f 1214/1214/1214 1211/1211/1211 1215/1215/1215 
f 1214/1214/1214 1215/1215/1215 1216/1216/1216 
f 1217/1217/1217 1218/1218/1218 1219/1219/1219 
f 1220/1220/1220 1218/1218/1218 1217/1217/1217 
f 1221/1221/1221 1222/1222/1222 1223/1223/1223 
f 1224/1224/1224 1225/1225/1225 1226/1226/1226 
f 1225/1225/1225 1227/1227/1227 1226/1226/1226 
f 1225/1225/1225 1228/1228/1228 1227/1227/1227 
f 1228/1228/1228 1229/1229/1229 1227/1227/1227 
f 1224/1224/1224 1226/1226/1226 1230/1230/1230 
f 1231/1231/1231 1224/1224/1224 1230/1230/1230 
f 1231/1231/1231 1230/1230/1230 1232/1232/1232 
f 1233/1233/1233 1234/1234/1234 1235/1235/1235 
f 1236/1236/1236 1237/1237/1237 1238/1238/1238 
f 1239/1239/1239 1240/1240/1240 1241/1241/1241 
f 1242/1242/1242 1243/1243/1243 1244/1244/1244 
f 1245/1245/1245 1246/1246/1246 1247/1247/1247 
f 1248/1248/1248 1247/1247/1247 1249/1249/1249 
f 1250/1250/1250 1251/1251/1251 1252/1252/1252 
f 1253/1253/1253 1254/1254/1254 1255/1255/1255 
f 1253/1253/1253 1255/1255/1255 1256/1256/1256 
f 1256/1256/1256 1255/1255/1255 1257/1257/1257 
f 1258/1258/1258 1253/1253/1253 1256/1256/1256 
f 1254/1254/1254 1259/1259/1259 1255/1255/1255 
f 1255/1255/1255 1259/1259/1259 1260/1260/1260 
f 1259/1259/1259 1261/1261/1261 1260/1260/1260 
f 1254/1254/1254 1262/1262/1262 1259/1259/1259 
f 1259/1259/1259 1263/1263/1263 1261/1261/1261 
f 1262/1262/1262 1263/1263/1263 1259/1259/1259 
f 1262/1262/1262 1264/1264/1264 1263/1263/1263 
f 1258/1258/1258 1256/1256/1256 1265/1265/1265 
f 1265/1265/1265 1256/1256/1256 1266/1266/1266 
f 1265/1265/1265 1266/1266/1266 1267/1267/1267 
f 1268/1268/1268 1258/1258/1258 1265/1265/1265 
f 1269/1269/1269 1265/1265/1265 1267/1267/1267 
f 1268/1268/1268 1265/1265/1265 1269/1269/1269 
f 1270/1270/1270 1268/1268/1268 1269/1269/1269 
f 1270/1270/1270 1269/1269/1269 1271/1271/1271 
f 1271/1271/1271 1269/1269/1269 1272/1272/1272 
f 1273/1273/1273 1270/1270/1270 1271/1271/1271 
f 1273/1273/1273 1271/1271/1271 1274/1274/1274 
f 1274/1274/1274 1271/1271/1271 1275/1275/1275 
f 1274/1274/1274 1275/1275/1275 1276/1276/1276 
f 1277/1277/1277 1273/1273/1273 1274/1274/1274 
f 1278/1278/1278 1274/1274/1274 1276/1276/1276 
f 1277/1277/1277 1274/1274/1274 1278/1278/1278 
f 1279/1279/1279 1277/1277/1277 1278/1278/1278 
f 1279/1279/1279 1278/1278/1278 1280/1280/1280 
f 1280/1280/1280 1278/1278/1278 1281/1281/1281 
f 1282/1282/1282 1279/1279/1279 1280/1280/1280 
f 1280/1280/1280 1281/1281/1281 1283/1283/1283 
f 1282/1282/1282 1280/1280/1280 1284/1284/1284 
f 1284/1284/1284 1280/1280/1280 1283/1283/1283 
f 1285/1285/1285 1282/1282/1282 1284/1284/1284 
f 1284/1284/1284 1283/1283/1283 1286/1286/1286 
f 1285/1285/1285 1284/1284/1284 1287/1287/1287 
f 1287/1287/1287 1284/1284/1284 1286/1286/1286 
f 1288/1288/1288 1285/1285/1285 1287/1287/1287 
f 1287/1287/1287 1286/1286/1286 1289/1289/1289 
f 1288/1288/1288 1287/1287/1287 1290/1290/1290 
f 1290/1290/1290 1287/1287/1287 1289/1289/1289 
f 1290/1290/1290 1289/1289/1289 1291/1291/1291 
f 1292/1292/1292 1293/1293/1293 1294/1294/1294 
f 1295/1295/1295 1294/1294/1294 1296/1296/1296 
f 1297/1297/1297 1298/1298/1298 1299/1299/1299 
f 1298/1298/1298 1300/1300/1300 1301/1301/1301 
f 1264/1264/1264 1302/1302/1302 1303/1303/1303 
f 1264/1264/1264 1303/1303/1303 1263/1263/1263 
f 1263/1263/1263 1303/1303/1303 1304/1304/1304 
f 1303/1303/1303 1305/1305/1305 1304/1304/1304 
f 1302/1302/1302 1306/1306/1306 1303/1303/1303 
f 1303/1303/1303 1306/1306/1306 1305/1305/1305 
f 1302/1302/1302 1307/1307/1307 1306/1306/1306 
f 1306/1306/1306 1308/1308/1308 1305/1305/1305 
f 1307/1307/1307 1309/1309/1309 1306/1306/1306 
f 1306/1306/1306 1309/1309/1309 1308/1308/1308 
f 1307/1307/1307 1310/1310/1310 1309/1309/1309 
f 1309/1309/1309 1311/1311/1311 1308/1308/1308 
f 1310/1310/1310 1312/1312/1312 1309/1309/1309 
f 1309/1309/1309 1312/1312/1312 1311/1311/1311 
f 1310/1310/1310 1313/1313/1313 1312/1312/1312 
f 1312/1312/1312 1314/1314/1314 1311/1311/1311 
f 1313/1313/1313 1315/1315/1315 1312/1312/1312 
f 1312/1312/1312 1315/1315/1315 1314/1314/1314 
f 1315/1315/1315 1316/1316/1316 1314/1314/1314 
f 1313/1313/1313 1317/1317/1317 1315/1315/1315 
f 1315/1315/1315 1318/1318/1318 1316/1316/1316 
f 1317/1317/1317 1318/1318/1318 1315/1315/1315 
f 1317/1317/1317 1319/1319/1319 1318/1318/1318 
f 1320/1320/1320 1321/1321/1321 707/707/707 
f 1320/1320/1320 707/707/707 1322/1322/1322 
f 1323/1323/1323 1320/1320/1320 1322/1322/1322 
f 1323/1323/1323 1322/1322/1322 1324/1324/1324 
f 1325/1325/1325 1324/1324/1324 1326/1326/1326 
f 1327/1327/1327 1328/1328/1328 1329/1329/1329 
f 1328/1328/1328 1330/1330/1330 1331/1331/1331 
f 1330/1330/1330 1332/1332/1332 1333/1333/1333 
f 1334/1334/1334 1335/1335/1335 1336/1336/1336 
f 1335/1335/1335 1337/1337/1337 1336/1336/1336 
f 1334/1334/1334 1336/1336/1336 1338/1338/1338 
f 1339/1339/1339 1334/1334/1334 1338/1338/1338 
f 1339/1339/1339 1340/1340/1340 1334/1334/1334 
f 1341/1341/1341 1342/1342/1342 1343/1343/1343 
f 1342/1342/1342 1344/1344/1344 1345/1345/1345 
f 1342/1342/1342 1346/1346/1346 1344/1344/1344 
f 1347/1347/1347 1348/1348/1348 1349/1349/1349 
f 1350/1350/1350 1351/1351/1351 1352/1352/1352 
f 1350/1350/1350 1352/1352/1352 1353/1353/1353 
f 1350/1350/1350 1354/1354/1354 1355/1355/1355 
f 1355/1355/1355 1356/1356/1356 1357/1357/1357 
f 1357/1357/1357 1356/1356/1356 1358/1358/1358 
f 1357/1357/1357 1358/1358/1358 1359/1359/1359 
f 1359/1359/1359 1358/1358/1358 1360/1360/1360 
f 1359/1359/1359 1360/1360/1360 1361/1361/1361 
f 1361/1361/1361 1360/1360/1360 1362/1362/1362 
f 1361/1361/1361 1362/1362/1362 1363/1363/1363 
f 1364/1364/1364 1365/1365/1365 1366/1366/1366 
f 1364/1364/1364 1366/1366/1366 1367/1367/1367 
f 1365/1365/1365 1368/1368/1368 1366/1366/1366 
f 1365/1365/1365 1369/1369/1369 1368/1368/1368 
f 1369/1369/1369 1370/1370/1370 1368/1368/1368 
f 1369/1369/1369 1371/1371/1371 1370/1370/1370 
f 1371/1371/1371 1372/1372/1372 1373/1373/1373 
f 1374/1374/1374 1373/1373/1373 1372/1372/1372 
f 1374/1374/1374 1375/1375/1375 1373/1373/1373 
f 1376/1376/1376 1375/1375/1375 1374/1374/1374 
f 1376/1376/1376 1374/1374/1374 1377/1377/1377 
f 1378/1378/1378 1379/1379/1379 1380/1380/1380 
f 1381/1381/1381 1382/1382/1382 1383/1383/1383 
f 1384/1384/1384 1382/1382/1382 1381/1381/1381 
f 1385/1385/1385 1386/1386/1386 1384/1384/1384 
f 1387/1387/1387 1388/1388/1388 1389/1389/1389 
f 1390/1390/1390 1391/1391/1391 1392/1392/1392 
f 1393/1393/1393 1394/1394/1394 1391/1391/1391 
f 1393/1393/1393 1395/1395/1395 1394/1394/1394 
f 1395/1395/1395 1396/1396/1396 1394/1394/1394 
f 1395/1395/1395 1397/1397/1397 1396/1396/1396 
f 1397/1397/1397 1398/1398/1398 1396/1396/1396 
f 1397/1397/1397 1399/1399/1399 1398/1398/1398 
f 1399/1399/1399 1400/1400/1400 1398/1398/1398 
f 1399/1399/1399 1401/1401/1401 1400/1400/1400 
f 1402/1402/1402 1403/1403/1403 1404/1404/1404 
f 1405/1405/1405 1406/1406/1406 1407/1407/1407 
f 1406/1406/1406 1408/1408/1408 1407/1407/1407 
f 1406/1406/1406 1409/1409/1409 1408/1408/1408 
f 1410/1410/1410 1408/1408/1408 1409/1409/1409 
f 1410/1410/1410 1409/1409/1409 1411/1411/1411 
f 1412/1412/1412 1410/1410/1410 1411/1411/1411 
f 1412/1412/1412 1411/1411/1411 1413/1413/1413 
f 1414/1414/1414 1412/1412/1412 1413/1413/1413 
f 1414/1414/1414 1413/1413/1413 1415/1415/1415 
f 1416/1416/1416 1414/1414/1414 1415/1415/1415 
f 1416/1416/1416 1415/1415/1415 1417/1417/1417 
f 1418/1418/1418 1416/1416/1416 1417/1417/1417 
f 1419/1419/1419 1420/1420/1420 1418/1418/1418 
f 1419/1419/1419 1421/1421/1421 1420/1420/1420 
f 1422/1422/1422 1421/1421/1421 1419/1419/1419 
f 1422/1422/1422 1423/1423/1423 1421/1421/1421 
f 1424/1424/1424 1425/1425/1425 1426/1426/1426 
f 1427/1427/1427 1425/1425/1425 1424/1424/1424 
f 1424/1424/1424 1426/1426/1426 1428/1428/1428 
f 1426/1426/1426 1429/1429/1429 1428/1428/1428 
f 1427/1427/1427 1424/1424/1424 1430/1430/1430 
f 1431/1431/1431 1427/1427/1427 1430/1430/1430 
f 1431/1431/1431 1430/1430/1430 1432/1432/1432 
f 1433/1433/1433 1431/1431/1431 1432/1432/1432 
f 1433/1433/1433 1434/1434/1434 1431/1431/1431 
f 1435/1435/1435 1434/1434/1434 1433/1433/1433 
f 1435/1435/1435 1436/1436/1436 1434/1434/1434 
f 1437/1437/1437 1436/1436/1436 1435/1435/1435 
f 1437/1437/1437 1438/1438/1438 1436/1436/1436 
f 1439/1439/1439 1440/1440/1440 1441/1441/1441 
f 1439/1439/1439 1441/1441/1441 1442/1442/1442 
f 1441/1441/1441 1443/1443/1443 1442/1442/1442 
f 1441/1441/1441 1444/1444/1444 1443/1443/1443 
f 1443/1443/1443 1444/1444/1444 1445/1445/1445 
f 1443/1443/1443 1445/1445/1445 1446/1446/1446 
f 1445/1445/1445 1447/1447/1447 1446/1446/1446 
f 1445/1445/1445 1448/1448/1448 1447/1447/1447 
f 1447/1447/1447 1448/1448/1448 1449/1449/1449 
f 1447/1447/1447 1449/1449/1449 1450/1450/1450 
f 1451/1451/1451 1450/1450/1450 1449/1449/1449 
f 1451/1451/1451 1449/1449/1449 1452/1452/1452 
f 1453/1453/1453 1451/1451/1451 1452/1452/1452 
f 1453/1453/1453 1452/1452/1452 1454/1454/1454 
f 1455/1455/1455 1456/1456/1456 1457/1457/1457 
f 1455/1455/1455 1457/1457/1457 1458/1458/1458 
f 1459/1459/1459 1455/1455/1455 1458/1458/1458 
f 1459/1459/1459 1458/1458/1458 1460/1460/1460 
f 1461/1461/1461 1459/1459/1459 1460/1460/1460 
f 1461/1461/1461 1462/1462/1462 1459/1459/1459 
f 1463/1463/1463 1462/1462/1462 1461/1461/1461 
f 1463/1463/1463 1464/1464/1464 1462/1462/1462 
f 1465/1465/1465 1464/1464/1464 1463/1463/1463 
f 1465/1465/1465 1463/1463/1463 1466/1466/1466 
f 1467/1467/1467 1465/1465/1465 1466/1466/1466 
f 1467/1467/1467 1466/1466/1466 1468/1468/1468 
f 1469/1469/1469 1467/1467/1467 1468/1468/1468 
f 1469/1469/1469 1470/1470/1470 1467/1467/1467 
f 1471/1471/1471 1472/1472/1472 1473/1473/1473 
f 1471/1471/1471 1473/1473/1473 1474/1474/1474 
f 1474/1474/1474 1473/1473/1473 1475/1475/1475 
f 1474/1474/1474 1475/1475/1475 1476/1476/1476 
f 1477/1477/1477 1476/1476/1476 1475/1475/1475 
f 1477/1477/1477 1478/1478/1478 1476/1476/1476 
f 1479/1479/1479 1478/1478/1478 1477/1477/1477 
f 1479/1479/1479 1480/1480/1480 1478/1478/1478 
f 1481/1481/1481 1480/1480/1480 1479/1479/1479 
f 1482/1482/1482 1481/1481/1481 1483/1483/1483 
f 1482/1482/1482 1483/1483/1483 1484/1484/1484 
f 1485/1485/1485 1482/1482/1482 1484/1484/1484 
f 1485/1485/1485 1484/1484/1484 1486/1486/1486 
f 1487/1487/1487 1488/1488/1488 1489/1489/1489 
f 1488/1488/1488 1490/1490/1490 1489/1489/1489 
f 1487/1487/1487 1489/1489/1489 1491/1491/1491 
f 1488/1488/1488 1492/1492/1492 1490/1490/1490 
f 1493/1493/1493 1487/1487/1487 1491/1491/1491 
f 1492/1492/1492 1494/1494/1494 1490/1490/1490 
f 1493/1493/1493 1491/1491/1491 1495/1495/1495 
f 1496/1496/1496 1493/1493/1493 1495/1495/1495 
f 1496/1496/1496 1495/1495/1495 1497/1497/1497 
f 1492/1492/1492 1498/1498/1498 1494/1494/1494 
f 1494/1494/1494 1498/1498/1498 1499/1499/1499 
f 1494/1494/1494 1499/1499/1499 1500/1500/1500 
f 1501/1501/1501 1502/1502/1502 1503/1503/1503 
f 1504/1504/1504 1501/1501/1501 1505/1505/1505 
f 1506/1506/1506 1507/1507/1507 1508/1508/1508 
f 1509/1509/1509 1506/1506/1506 1508/1508/1508 
f 1509/1509/1509 1508/1508/1508 1510/1510/1510 
f 1511/1511/1511 1512/1512/1512 1507/1507/1507 
f 1512/1512/1512 1513/1513/1513 1514/1514/1514 
f 1512/1512/1512 1515/1515/1515 1513/1513/1513 
f 1516/1516/1516 1517/1517/1517 1518/1518/1518 
f 1516/1516/1516 1518/1518/1518 1519/1519/1519 
f 1520/1520/1520 1517/1517/1517 1516/1516/1516 
f 1520/1520/1520 1521/1521/1521 1517/1517/1517 
f 1522/1522/1522 1521/1521/1521 1520/1520/1520 
f 1522/1522/1522 1523/1523/1523 1521/1521/1521 
f 1524/1524/1524 1523/1523/1523 1522/1522/1522 
f 1524/1524/1524 1525/1525/1525 1523/1523/1523 
f 1526/1526/1526 1525/1525/1525 1524/1524/1524 
f 1526/1526/1526 1527/1527/1527 1525/1525/1525 
f 1528/1528/1528 1527/1527/1527 1526/1526/1526 
f 1528/1528/1528 1529/1529/1529 1527/1527/1527 
f 1530/1530/1530 1529/1529/1529 1528/1528/1528 
f 1530/1530/1530 1531/1531/1531 1529/1529/1529 
f 1532/1532/1532 1531/1531/1531 1530/1530/1530 
f 1532/1532/1532 1533/1533/1533 1531/1531/1531 
f 1534/1534/1534 1535/1535/1535 1536/1536/1536 
f 1534/1534/1534 1536/1536/1536 1537/1537/1537 
f 1538/1538/1538 1534/1534/1534 1537/1537/1537 
f 1538/1538/1538 1537/1537/1537 1539/1539/1539 
f 1540/1540/1540 1538/1538/1538 1539/1539/1539 
f 1540/1540/1540 1541/1541/1541 1538/1538/1538 
f 1542/1542/1542 1541/1541/1541 1540/1540/1540 
f 1542/1542/1542 1540/1540/1540 1543/1543/1543 
f 1544/1544/1544 1542/1542/1542 1543/1543/1543 
f 1544/1544/1544 1543/1543/1543 1545/1545/1545 
f 1546/1546/1546 1544/1544/1544 1545/1545/1545 
f 1546/1546/1546 1547/1547/1547 1544/1544/1544 
f 1548/1548/1548 1549/1549/1549 1550/1550/1550 
f 1548/1548/1548 1550/1550/1550 1551/1551/1551 
f 1552/1552/1552 1549/1549/1549 1548/1548/1548 
f 1552/1552/1552 1553/1553/1553 1549/1549/1549 
f 1554/1554/1554 1553/1553/1553 1552/1552/1552 
f 1554/1554/1554 1552/1552/1552 1555/1555/1555 
f 1556/1556/1556 1554/1554/1554 1555/1555/1555 
f 1556/1556/1556 1555/1555/1555 1557/1557/1557 
f 1558/1558/1558 1556/1556/1556 1557/1557/1557 
f 1558/1558/1558 1559/1559/1559 1556/1556/1556 
f 1560/1560/1560 1559/1559/1559 1558/1558/1558 
f 1560/1560/1560 1558/1558/1558 1561/1561/1561 
f 1562/1562/1562 1563/1563/1563 1564/1564/1564 
f 1562/1562/1562 1564/1564/1564 1565/1565/1565 
f 1563/1563/1563 1566/1566/1566 1564/1564/1564 
f 1563/1563/1563 1567/1567/1567 1566/1566/1566 
f 1566/1566/1566 1567/1567/1567 1568/1568/1568 
f 1566/1566/1566 1568/1568/1568 1569/1569/1569 
f 1568/1568/1568 1570/1570/1570 1569/1569/1569 
f 1568/1568/1568 1571/1571/1571 1570/1570/1570 
f 1572/1572/1572 1570/1570/1570 1571/1571/1571 
f 1572/1572/1572 1573/1573/1573 1570/1570/1570 
f 1574/1574/1574 1573/1573/1573 1572/1572/1572 
f 1574/1574/1574 1575/1575/1575 1573/1573/1573 
f 1576/1576/1576 1575/1575/1575 1574/1574/1574 
f 1576/1576/1576 1577/1577/1577 1575/1575/1575 
f 1578/1578/1578 1579/1579/1579 1580/1580/1580 
f 1581/1581/1581 1582/1582/1582 1583/1583/1583 
f 1584/1584/1584 1582/1582/1582 1581/1581/1581 
f 1581/1581/1581 1583/1583/1583 1585/1585/1585 
f 1586/1586/1586 1587/1587/1587 1588/1588/1588 
f 1589/1589/1589 1586/1586/1586 1590/1590/1590 
f 1589/1589/1589 1591/1591/1591 1586/1586/1586 
f 1592/1592/1592 1591/1591/1591 1589/1589/1589 
f 1592/1592/1592 1589/1589/1589 1593/1593/1593 
f 1594/1594/1594 1595/1595/1595 1593/1593/1593 
f 1594/1594/1594 1596/1596/1596 1595/1595/1595 
f 1597/1597/1597 1596/1596/1596 1594/1594/1594 
f 1597/1597/1597 1594/1594/1594 1598/1598/1598 
f 1599/1599/1599 1597/1597/1597 1598/1598/1598 
f 1599/1599/1599 1600/1600/1600 1597/1597/1597 
f 1601/1601/1601 1600/1600/1600 1599/1599/1599 
f 1601/1601/1601 1599/1599/1599 1602/1602/1602 
f 1603/1603/1603 1601/1601/1601 1602/1602/1602 
f 1603/1603/1603 1602/1602/1602 1604/1604/1604 
f 1605/1605/1605 1606/1606/1606 1604/1604/1604 
f 1607/1607/1607 1608/1608/1608 1609/1609/1609 
f 1607/1607/1607 1609/1609/1609 1610/1610/1610 
f 1611/1611/1611 1607/1607/1607 1610/1610/1610 
f 1611/1611/1611 1610/1610/1610 1612/1612/1612 
f 1613/1613/1613 1611/1611/1611 1612/1612/1612 
f 1613/1613/1613 1612/1612/1612 1614/1614/1614 
f 1615/1615/1615 1613/1613/1613 1614/1614/1614 
f 1615/1615/1615 1614/1614/1614 1616/1616/1616 
f 1616/1616/1616 1617/1617/1617 1615/1615/1615 
f 1616/1616/1616 1618/1618/1618 1617/1617/1617 
f 1619/1619/1619 1620/1620/1620 1621/1621/1621 
f 1619/1619/1619 1621/1621/1621 1622/1622/1622 
f 1623/1623/1623 1619/1619/1619 1622/1622/1622 
f 1623/1623/1623 1622/1622/1622 1624/1624/1624 
f 1625/1625/1625 1623/1623/1623 1624/1624/1624 
f 1625/1625/1625 1624/1624/1624 1626/1626/1626 
f 1627/1627/1627 1625/1625/1625 1626/1626/1626 
f 1627/1627/1627 1626/1626/1626 1628/1628/1628 
f 1628/1628/1628 1629/1629/1629 1627/1627/1627 
f 1628/1628/1628 1630/1630/1630 1629/1629/1629 
f 1630/1630/1630 1631/1631/1631 1629/1629/1629 
f 1630/1630/1630 1632/1632/1632 1631/1631/1631 
f 1633/1633/1633 1634/1634/1634 1635/1635/1635 
f 1634/1634/1634 1633/1633/1633 1636/1636/1636 
f 1633/1633/1633 1635/1635/1635 1637/1637/1637 
f 1637/1637/1637 1635/1635/1635 1638/1638/1638 
f 1637/1637/1637 1638/1638/1638 1639/1639/1639 
f 1634/1634/1634 1636/1636/1636 1640/1640/1640 
f 1641/1641/1641 1640/1640/1640 1636/1636/1636 
f 1641/1641/1641 1642/1642/1642 1640/1640/1640 
f 1643/1643/1643 1642/1642/1642 1641/1641/1641 
f 1643/1643/1643 1644/1644/1644 1642/1642/1642 
f 1645/1645/1645 1646/1646/1646 1647/1647/1647 
f 1648/1648/1648 1646/1646/1646 1645/1645/1645 
f 1648/1648/1648 1649/1649/1649 1646/1646/1646 
f 1645/1645/1645 1647/1647/1647 1650/1650/1650 
f 1650/1650/1650 1647/1647/1647 1651/1651/1651 
f 1650/1650/1650 1651/1651/1651 1652/1652/1652 
f 1652/1652/1652 1651/1651/1651 1653/1653/1653 
f 1652/1652/1652 1653/1653/1653 1654/1654/1654 
f 1654/1654/1654 1653/1653/1653 1655/1655/1655 
f 1654/1654/1654 1655/1655/1655 1656/1656/1656 
f 1656/1656/1656 1655/1655/1655 1657/1657/1657 
f 1656/1656/1656 1657/1657/1657 1658/1658/1658 
f 1658/1658/1658 1659/1659/1659 1660/1660/1660 
f 1661/1661/1661 1662/1662/1662 1663/1663/1663 
f 1661/1661/1661 1663/1663/1663 1664/1664/1664 
f 1664/1664/1664 1663/1663/1663 1665/1665/1665 
f 1664/1664/1664 1665/1665/1665 1666/1666/1666 
f 1667/1667/1667 1668/1668/1668 1669/1669/1669 
f 1670/1670/1670 1671/1671/1671 1672/1672/1672 
f 1671/1671/1671 1673/1673/1673 1672/1672/1672 
f 1671/1671/1671 1674/1674/1674 1673/1673/1673 
f 1670/1670/1670 1672/1672/1672 1675/1675/1675 
f 1675/1675/1675 1676/1676/1676 1670/1670/1670 
f 1675/1675/1675 1677/1677/1677 1676/1676/1676 
f 1677/1677/1677 1678/1678/1678 1676/1676/1676 
f 1677/1677/1677 1679/1679/1679 1678/1678/1678 
f 1680/1680/1680 1678/1678/1678 1679/1679/1679 
f 1680/1680/1680 1679/1679/1679 1681/1681/1681 
f 1682/1682/1682 1680/1680/1680 1681/1681/1681 
f 1683/1683/1683 1684/1684/1684 1685/1685/1685 
f 1683/1683/1683 1685/1685/1685 1686/1686/1686 
f 1684/1684/1684 1687/1687/1687 1685/1685/1685 
f 1684/1684/1684 1688/1688/1688 1687/1687/1687 
f 1687/1687/1687 1688/1688/1688 1689/1689/1689 
f 1687/1687/1687 1689/1689/1689 1690/1690/1690 
f 1689/1689/1689 1691/1691/1691 1690/1690/1690 
f 1689/1689/1689 1692/1692/1692 1691/1691/1691 
f 1693/1693/1693 1694/1694/1694 1695/1695/1695 
f 1693/1693/1693 1695/1695/1695 1696/1696/1696 
f 1696/1696/1696 1695/1695/1695 1697/1697/1697 
f 1696/1696/1696 1697/1697/1697 1698/1698/1698 
f 1697/1697/1697 1699/1699/1699 1698/1698/1698 
f 1697/1697/1697 1700/1700/1700 1699/1699/1699 
f 1699/1699/1699 1700/1700/1700 1701/1701/1701 
f 1702/1702/1702 1703/1703/1703 1704/1704/1704 
f 1702/1702/1702 1704/1704/1704 1705/1705/1705 
f 1703/1703/1703 1706/1706/1706 1704/1704/1704 
f 1703/1703/1703 1707/1707/1707 1706/1706/1706 
f 1708/1708/1708 1709/1709/1709 1710/1710/1710 
f 1711/1711/1711 1712/1712/1712 1713/1713/1713 

g Rig1

v -2.98019 3.0365 -2.98422 
v -3.01339 3.0365 -2.95708 
v -3.01333 3.00298 -2.98425 
v -3.66795 3.0365 -2.95708 
v -3.70158 3.0365 -2.98421 
v -3.66797 3.00298 -2.98432 
v -3.66795 3.0365 -2.95708 
v -3.66796 3.47479 -2.95706 
v -3.70158 3.0365 -2.98421 
v -3.70158 3.4748 -2.98419 
v -2.98019 3.0365 -2.98422 
v -3.01337 3.47479 -2.95706 
v -3.01339 3.0365 -2.95708 
v -2.9802 3.47479 -2.98423 
v -3.01339 3.0365 -2.95708 
v -3.66796 3.47479 -2.95706 
v -3.66795 3.0365 -2.95708 
v -3.01337 3.47479 -2.95706 
v -3.01339 3.0365 -2.95708 
v -3.66797 3.00298 -2.98432 
v -3.01333 3.00298 -2.98425 
v -3.66795 3.0365 -2.95708 
v -3.06737 3.61488 -3.03994 
v -3.66796 3.47479 -2.95706 
v -3.01337 3.47479 -2.95706 
v -3.614 3.61488 -3.03994 
v -3.10666 3.72036 -3.11459 
v -3.57475 3.72036 -3.11459 
v -3.1338 3.79938 -3.23785 
v -3.54764 3.79938 -3.23785 
v -3.1407 3.82305 -3.37539 
v -3.54075 3.82305 -3.37539 
v -3.54764 3.80063 -3.53037 
v -3.1338 3.80063 -3.53037 
v -3.57475 3.72124 -3.6592 
v -3.10665 3.72124 -3.6592 
v -2.98019 3.03664 -3.78267 
v -3.01333 3.00298 -2.98425 
v -3.01339 3.00302 -3.81068 
v -2.98019 3.0365 -2.98422 
v -3.70158 3.03654 -3.78267 
v -3.66797 3.00298 -2.98432 
v -3.70158 3.0365 -2.98421 
v -3.66795 3.00302 -3.81067 
v -3.65247 3.60581 -3.06176 
v -3.70158 3.4748 -2.98419 
v -3.614 3.61488 -3.03994 
v -3.6169 3.7028 -3.1336 
v -3.57475 3.72036 -3.11459 
v -3.54764 3.79938 -3.23785 
v -3.59045 3.7783 -3.24746 
v -3.54075 3.82305 -3.37539 
v -3.58213 3.79848 -3.37577 
v -3.59045 3.77949 -3.52232 
v -3.54764 3.80063 -3.53037 
v -3.6169 3.70405 -3.64166 
v -3.57475 3.72124 -3.6592 
v -3.614 3.61528 -3.73487 
v -3.65247 3.60645 -3.71417 
v -3.66796 3.47411 -3.81065 
v -3.70158 3.47478 -3.78265 
v -3.65247 3.60581 -3.06176 
v -3.65247 3.60645 -3.71417 
v -3.06485 3.70405 -3.64163 
v -3.09961 3.79848 -3.37577 
v -3.06485 3.7028 -3.1336 
v -3.09129 3.77949 -3.5223 
v -3.09129 3.7783 -3.24746 
v -3.02927 3.60645 -3.71412 
v -3.02927 3.60581 -3.06176 
v -3.6169 3.70405 -3.64166 
v -3.58213 3.79848 -3.37577 
v -3.59045 3.77949 -3.52232 
v -3.6169 3.7028 -3.1336 
v -3.59045 3.7783 -3.24746 
v -3.65247 3.60645 -3.71417 
v -3.65247 3.60581 -3.06176 
v -3.04448 3.00303 -3.97766 
v -2.98021 3.03655 -3.90456 
v -3.01445 3.00302 -3.89254 
v -3.01445 3.00302 -3.81067 
v -2.98019 3.03654 -3.78267 
v -3.01339 3.03655 -3.99347 
v -3.09103 3.00303 -4.05706 
v -3.06482 3.03656 -4.07796 
v -3.12241 3.03656 -4.13171 
v -3.14315 3.00304 -4.1081 
v -3.19146 3.03656 -4.16834 
v -3.20565 3.00304 -4.14202 
v -3.26683 3.03656 -4.19055 
v -3.27386 3.00304 -4.16315 
v -3.34085 3.03656 -4.20008 
v -3.34085 3.00304 -4.17186 
v -3.40783 3.00304 -4.16315 
v -3.41486 3.03656 -4.19055 
v -3.47605 3.00304 -4.14202 
v -3.49023 3.03656 -4.16834 
v -3.53854 3.00304 -4.1081 
v -3.55928 3.03656 -4.13171 
v -3.59066 3.00303 -4.05706 
v -3.61687 3.03656 -4.07796 
v -3.66831 3.03655 -3.99347 
v -3.63721 3.00303 -3.97766 
v -3.70149 3.03655 -3.90456 
v -3.66724 3.00302 -3.89254 
v -3.66724 3.00302 -3.81067 
v -3.7015 3.03654 -3.78267 
v -3.70158 3.47478 -3.78265 
v -3.70158 3.0365 -2.98421 
v -3.70158 3.4748 -2.98419 
v -3.70158 3.03654 -3.78267 
v -2.98019 3.03664 -3.78267 
v -2.9802 3.47479 -2.98423 
v -2.98019 3.0365 -2.98422 
v -2.9802 3.47479 -3.78263 
v -2.98021 3.08161 -3.89368 
v -2.98019 3.03654 -3.78267 
v -2.98021 3.03655 -3.90456 
v -2.98021 3.11562 -3.87001 
v -2.98021 3.14351 -3.82889 
v -2.98019 3.14915 -3.78267 
v -3.70149 3.08161 -3.89368 
v -3.70149 3.03655 -3.90456 
v -3.7015 3.03654 -3.78267 
v -3.70149 3.11562 -3.87001 
v -3.70149 3.14351 -3.82889 
v -3.7015 3.14915 -3.78267 
v -3.66795 3.00302 -3.81067 
v -3.01339 3.00302 -3.81068 
v -3.66797 3.00298 -2.98432 
v -3.01333 3.00298 -2.98425 
v -3.01445 3.00302 -3.89254 
v -3.34085 3.00302 -3.81067 
v -3.04448 3.00303 -3.97766 
v -3.01445 3.00302 -3.81067 
v -3.09103 3.00303 -4.05706 
v -3.14315 3.00304 -4.1081 
v -3.20565 3.00304 -4.14202 
v -3.27386 3.00304 -4.16315 
v -3.34085 3.00304 -4.17186 
v -3.40783 3.00304 -4.16315 
v -3.47605 3.00304 -4.14202 
v -3.53854 3.00304 -4.1081 
v -3.59066 3.00303 -4.05706 
v -3.63721 3.00303 -3.97766 
v -3.66724 3.00302 -3.89254 
v -3.66724 3.00302 -3.81067 
v -2.9802 3.47479 -3.78263 
v -2.98019 3.03664 -3.78267 
v -3.01338 3.47411 -3.81065 
v -3.01339 3.00302 -3.81068 
v -3.66796 3.47411 -3.81065 
v -3.70158 3.03654 -3.78267 
v -3.70158 3.47478 -3.78265 
v -3.66795 3.00302 -3.81067 
v -3.614 3.61528 -3.73487 
v -3.06735 3.61528 -3.73487 
v -3.01338 3.47411 -3.81065 
v -3.02927 3.60645 -3.71412 
v -2.9802 3.47479 -3.78263 
v -3.06735 3.61528 -3.73487 
v -3.06485 3.70405 -3.64163 
v -3.10665 3.72124 -3.6592 
v -3.1338 3.80063 -3.53037 
v -3.09129 3.77949 -3.5223 
v -3.1407 3.82305 -3.37539 
v -3.09961 3.79848 -3.37577 
v -3.09129 3.7783 -3.24746 
v -3.1338 3.79938 -3.23785 
v -3.06485 3.7028 -3.1336 
v -3.10666 3.72036 -3.11459 
v -3.02927 3.60581 -3.06176 
v -3.06737 3.61488 -3.03994 
v -2.9802 3.47479 -2.98423 
v -3.02927 3.60581 -3.06176 
v -3.02927 3.60645 -3.71412 
v -3.01339 3.11705 -3.97746 
v -2.98021 3.03655 -3.90456 
v -3.01339 3.03655 -3.99347 
v -2.98021 3.08161 -3.89368 
v -3.06482 3.03656 -4.07796 
v -2.98021 3.11562 -3.87001 
v -3.06482 3.14939 -4.05551 
v -3.12241 3.03656 -4.13171 
v -3.01339 3.18529 -3.93185 
v -2.98021 3.14351 -3.82889 
v -3.06482 3.24503 -3.99159 
v -3.12241 3.16903 -4.10442 
v -3.19146 3.03656 -4.16834 
v -3.12241 3.28192 -4.02964 
v -3.19146 3.18398 -4.13901 
v -3.26683 3.03656 -4.19055 
v -3.01339 3.23089 -3.86361 
v -3.01339 3.2469 -3.78267 
v -2.98019 3.14915 -3.78267 
v -3.06482 3.33138 -3.78267 
v -3.06482 3.30894 -3.89593 
v -3.12241 3.38343 -3.78266 
v -3.12241 3.35786 -3.91674 
v -3.19146 3.42177 -3.78266 
v -3.19146 3.39245 -3.93052 
v -3.26683 3.44375 -3.78266 
v -3.19146 3.30895 -4.0555 
v -3.26683 3.41491 -3.93968 
v -3.34085 3.45351 -3.78266 
v -3.26683 3.19296 -4.1598 
v -3.34085 3.03656 -4.20008 
v -3.26683 3.32422 -4.07245 
v -3.34085 3.19613 -4.16833 
v -3.34085 3.3314 -4.07794 
v -3.34085 3.42177 -3.94266 
v -3.41486 3.32422 -4.07245 
v -3.41486 3.19296 -4.1598 
v -3.41486 3.03656 -4.19055 
v -3.41486 3.41491 -3.93968 
v -3.41486 3.44375 -3.78266 
v -3.49023 3.30895 -4.0555 
v -3.49023 3.18398 -4.13901 
v -3.49023 3.03656 -4.16834 
v -3.49023 3.39245 -3.93052 
v -3.49023 3.42177 -3.78266 
v -3.55928 3.28192 -4.02964 
v -3.55928 3.16903 -4.10442 
v -3.55928 3.03656 -4.13171 
v -3.55928 3.35786 -3.91674 
v -3.55928 3.38343 -3.78266 
v -3.61687 3.14939 -4.05551 
v -3.61687 3.03656 -4.07796 
v -3.61687 3.24503 -3.99159 
v -3.61687 3.30894 -3.89593 
v -3.61687 3.33138 -3.78267 
v -3.66831 3.11705 -3.97746 
v -3.66831 3.03655 -3.99347 
v -3.70149 3.03655 -3.90456 
v -3.70149 3.08161 -3.89368 
v -3.70149 3.11562 -3.87001 
v -3.66831 3.18529 -3.93185 
v -3.70149 3.14351 -3.82889 
v -3.66831 3.23089 -3.86361 
v -3.66831 3.2469 -3.78267 
v -3.7015 3.14915 -3.78267 
v -3.66796 3.47411 -3.81065 
v -3.01338 3.47411 -3.81065 
v -3.01339 3.00302 -3.81068 
v -3.66795 3.00302 -3.81067 

vn 0.535433 -0.527559 0.653543 
vn 0.535433 -0.527559 0.653543 
vn 0.535433 -0.527559 0.653543 
vn -0.527559 -0.535433 0.661417 
vn -0.527559 -0.535433 0.661417 
vn -0.527559 -0.535433 0.661417 
vn -0.629921 0 0.779528 
vn -0.629921 0 0.779528 
vn -0.629921 0 0.779528 
vn -0.629921 0 0.779528 
vn 0.629921 0 0.771654 
vn 0.629921 0 0.771654 
vn 0.629921 0 0.771654 
vn 0.629921 0 0.771654 
vn 0 0 1 
vn 0 0 1 
vn 0 0 1 
vn 0 0 1 
vn 0 -0.629921 0.779528 
vn 0 -0.629921 0.779528 
vn 0 -0.629921 0.779528 
vn 0 -0.629921 0.779528 
vn 0 0.433071 0.905512 
vn -0.173228 0.905512 0.393701 
vn 0.181102 0.905512 0.393701 
vn 0 0.433071 0.905512 
vn 0 0.724409 0.692913 
vn 0 0.724409 0.692913 
vn 0 0.929134 0.362205 
vn 0 0.929134 0.362205 
vn 0 1 0.015748 
vn 0 1 0.015748 
vn 0 0.937008 -0.338583 
vn 0 0.937008 -0.338583 
vn 0 0.732283 -0.685039 
vn 0 0.732283 -0.685039 
vn 0.708661 -0.700787 0 
vn 0.708661 -0.700787 0 
vn 0.708661 -0.700787 0 
vn 0.708661 -0.700787 0 
vn -0.708661 -0.708661 0 
vn -0.708661 -0.708661 0 
vn -0.708661 -0.708661 0 
vn -0.708661 -0.708661 0 
vn -0.653543 0.330709 0.685039 
vn -0.370079 0.905512 0.19685 
vn -0.653543 0.322835 0.685039 
vn -0.653543 0.551181 0.519685 
vn -0.653543 0.543307 0.527559 
vn -0.645669 0.708661 0.275591 
vn -0.645669 0.716535 0.275591 
vn -0.637795 0.771654 0.00787402 
vn -0.637795 0.771654 0.00787402 
vn -0.637795 0.724409 -0.259843 
vn -0.637795 0.724409 -0.259843 
vn -0.637795 0.566929 -0.527559 
vn -0.637795 0.566929 -0.527559 
vn -0.629921 0.322835 -0.700787 
vn -0.629921 0.330709 -0.700787 
vn -0.181102 0.889764 -0.417323 
vn -0.377953 0.905512 -0.204724 
vn -1 0 0 
vn -1 0 0 
vn 1 0 0 
vn 1 0 0 
vn 1 0 0 
vn 1 0 0 
vn 1 0 0 
vn 1 0 0 
vn 1 0 0 
vn -1 0 0 
vn -1 0 0 
vn -1 0 0 
vn -1 0 0 
vn -1 0 0 
vn -1 0 0 
vn -1 0 0 
vn 0.622047 -0.724409 -0.299213 
vn 0.677165 -0.724409 -0.125984 
vn 0.677165 -0.724409 -0.110236 
vn 0.700787 -0.716535 0 
vn 0.700787 -0.716535 0 
vn 0.622047 -0.724409 -0.299213 
vn 0.551181 -0.708661 -0.440945 
vn 0.551181 -0.708661 -0.440945 
vn 0.433071 -0.685039 -0.590551 
vn 0.425197 -0.685039 -0.590551 
vn 0.291339 -0.661417 -0.692913 
vn 0.283465 -0.661417 -0.692913 
vn 0.15748 -0.645669 -0.748031 
vn 0.15748 -0.645669 -0.748031 
vn 0 -0.645669 -0.76378 
vn 0 -0.645669 -0.76378 
vn -0.15748 -0.645669 -0.748031 
vn -0.15748 -0.645669 -0.748031 
vn -0.283465 -0.661417 -0.692913 
vn -0.291339 -0.661417 -0.692913 
vn -0.425197 -0.685039 -0.590551 
vn -0.433071 -0.685039 -0.590551 
vn -0.551181 -0.708661 -0.440945 
vn -0.551181 -0.708661 -0.440945 
vn -0.622047 -0.724409 -0.299213 
vn -0.622047 -0.724409 -0.299213 
vn -0.677165 -0.724409 -0.125984 
vn -0.677165 -0.724409 -0.110236 
vn -0.700787 -0.716535 0 
vn -0.700787 -0.716535 0 
vn -1 0 0 
vn -1 0 0 
vn -1 0 0 
vn -1 0 0 
vn 1 0 0 
vn 1 0 0 
vn 1 0 0 
vn 1 0 0 
vn 0.984252 0.0787402 -0.181102 
vn 1 0 0 
vn 0.976378 0.0472441 -0.204724 
vn 0.984252 0.133858 -0.133858 
vn 0.984252 0.181102 -0.0708661 
vn 0.984252 0.181102 -0.0314961 
vn -0.984252 0.0787402 -0.181102 
vn -0.976378 0.0472441 -0.204724 
vn -1 0 0 
vn -0.984252 0.133858 -0.133858 
vn -0.984252 0.181102 -0.0708661 
vn -0.984252 0.181102 -0.0314961 
vn 0 -1 0 
vn 0 -1 0 
vn 0 -1 0 
vn 0 -1 0 
vn 0 -1 0 
vn 0 -1 0 
vn 0 -1 0 
vn 0 -1 0 
vn 0 -1 0 
vn 0 -1 0 
vn 0 -1 0 
vn 0 -1 0 
vn 0 -1 0 
vn 0 -1 0 
vn 0 -1 0 
vn 0 -1 0 
vn 0 -1 0 
vn 0 -1 0 
vn 0 -1 0 
vn 0 -1 0 
vn 0.645669 0 -0.76378 
vn 0.645669 0 -0.76378 
vn 0.645669 0 -0.76378 
vn 0.645669 0 -0.76378 
vn -0.637795 0 -0.771654 
vn -0.637795 0 -0.771654 
vn -0.637795 0 -0.771654 
vn -0.637795 0 -0.771654 
vn 0 0.417323 -0.905512 
vn 0 0.417323 -0.905512 
vn 0.181102 0.889764 -0.417323 
vn 0.637795 0.322835 -0.692913 
vn 0.377953 0.905512 -0.204724 
vn 0.637795 0.322835 -0.700787 
vn 0.637795 0.566929 -0.519685 
vn 0.637795 0.559055 -0.527559 
vn 0.645669 0.716535 -0.259843 
vn 0.645669 0.724409 -0.259843 
vn 0.637795 0.771654 0.00787402 
vn 0.637795 0.771654 0.00787402 
vn 0.653543 0.708661 0.267717 
vn 0.653543 0.708661 0.275591 
vn 0.653543 0.551181 0.519685 
vn 0.661417 0.543307 0.519685 
vn 0.653543 0.330709 0.677165 
vn 0.653543 0.322835 0.685039 
vn 0.370079 0.905512 0.19685 
vn 1 0 0 
vn 1 0 0 
vn 0.897638 0.173228 -0.409449 
vn 0.976378 0.0472441 -0.204724 
vn 0.889764 0.0866142 -0.440945 
vn 0.984252 0.0787402 -0.181102 
vn 0.755906 0.125984 -0.637795 
vn 0.984252 0.133858 -0.133858 
vn 0.76378 0.244094 -0.598425 
vn 0.566929 0.165354 -0.811024 
vn 0.897638 0.314961 -0.314961 
vn 0.984252 0.181102 -0.0708661 
vn 0.76378 0.456693 -0.456693 
vn 0.574803 0.314961 -0.755906 
vn 0.370079 0.181102 -0.913386 
vn 0.574803 0.574803 -0.582677 
vn 0.377953 0.354331 -0.858268 
vn 0.19685 0.188976 -0.96063 
vn 0.897638 0.401575 -0.165354 
vn 0.897638 0.433071 -0.0787402 
vn 0.984252 0.181102 -0.0314961 
vn 0.755906 0.637795 -0.125984 
vn 0.76378 0.598425 -0.244094 
vn 0.566929 0.811024 -0.15748 
vn 0.574803 0.755906 -0.314961 
vn 0.377953 0.905512 -0.173228 
vn 0.385827 0.850394 -0.354331 
vn 0.19685 0.96063 -0.181102 
vn 0.385827 0.653543 -0.653543 
vn 0.204724 0.905512 -0.370079 
vn 0 0.984252 -0.188976 
vn 0.204724 0.377953 -0.905512 
vn 0 0.19685 -0.984252 
vn 0.204724 0.692913 -0.692913 
vn 0 0.377953 -0.92126 
vn 0 0.708661 -0.708661 
vn 0 0.92126 -0.377953 
vn -0.204724 0.692913 -0.692913 
vn -0.204724 0.377953 -0.905512 
vn -0.19685 0.188976 -0.96063 
vn -0.204724 0.905512 -0.370079 
vn -0.19685 0.96063 -0.181102 
vn -0.385827 0.653543 -0.653543 
vn -0.377953 0.354331 -0.858268 
vn -0.370079 0.181102 -0.913386 
vn -0.385827 0.850394 -0.354331 
vn -0.377953 0.905512 -0.173228 
vn -0.574803 0.574803 -0.582677 
vn -0.574803 0.314961 -0.755906 
vn -0.566929 0.165354 -0.811024 
vn -0.574803 0.755906 -0.314961 
vn -0.566929 0.811024 -0.15748 
vn -0.76378 0.244094 -0.598425 
vn -0.755906 0.125984 -0.637795 
vn -0.76378 0.456693 -0.456693 
vn -0.76378 0.598425 -0.244094 
vn -0.755906 0.637795 -0.125984 
vn -0.897638 0.173228 -0.409449 
vn -0.889764 0.0866142 -0.440945 
vn -0.976378 0.0472441 -0.204724 
vn -0.984252 0.0787402 -0.181102 
vn -0.984252 0.133858 -0.133858 
vn -0.897638 0.314961 -0.314961 
vn -0.984252 0.181102 -0.0708661 
vn -0.897638 0.401575 -0.165354 
vn -0.897638 0.433071 -0.0787402 
vn -0.984252 0.181102 -0.0314961 
vn 0 0 -1 
vn 0 0 -1 
vn 0 0 -1 
vn 0 0 -1 

vt 0.997359 0.0077799 
vt 0.997359 0.00398934 
vt 0.993307 0.0077799 
vt 0.92869 0.00398934 
vt 0.92869 0.0077799 
vt 0.932641 0.0077799 
vt 0.780073 0.0531733 
vt 0.780073 0.0804041 
vt 0.78358 0.0531733 
vt 0.78358 0.0804041 
vt 0.714282 0.0531733 
vt 0.718219 0.0804041 
vt 0.718219 0.0531733 
vt 0.714282 0.0804041 
vt 0.718219 0.0531733 
vt 0.780073 0.0804041 
vt 0.780073 0.0531733 
vt 0.718219 0.0804041 
vt 0.997359 0.00398934 
vt 0.932641 0.0077799 
vt 0.993307 0.0077799 
vt 0.92869 0.00398934 
vt 0.919382 0.0750502 
vt 0.890476 0.0804086 
vt 0.921749 0.0804085 
vt 0.892841 0.0750502 
vt 0.919382 0.0702246 
vt 0.892841 0.0702246 
vt 0.919382 0.0622567 
vt 0.892841 0.0622567 
vt 0.919383 0.0533652 
vt 0.892841 0.0533652 
vt 0.892841 0.0433474 
vt 0.919383 0.0433474 
vt 0.892841 0.0350202 
vt 0.919383 0.0350202 
vt 0.997359 0.0790311 
vt 0.993307 0.0077799 
vt 0.993307 0.0790311 
vt 0.997359 0.0077799 
vt 0.928624 0.0790311 
vt 0.932641 0.0077799 
vt 0.92869 0.0077799 
vt 0.932641 0.0790311 
vt 0.891478 0.0736397 
vt 0.888869 0.0786545 
vt 0.892841 0.0750502 
vt 0.891478 0.068996 
vt 0.892841 0.0702246 
vt 0.892841 0.0622567 
vt 0.891478 0.0616355 
vt 0.892841 0.0533652 
vt 0.891478 0.0533413 
vt 0.891478 0.0438682 
vt 0.892841 0.0433474 
vt 0.891478 0.0361539 
vt 0.892841 0.0350202 
vt 0.892841 0.0301292 
vt 0.891478 0.0314672 
vt 0.890476 0.0252309 
vt 0.888869 0.0270406 
vt 0.891478 0.0736397 
vt 0.891478 0.0314672 
vt 0.920728 0.0361559 
vt 0.920728 0.0533413 
vt 0.920728 0.0689959 
vt 0.920728 0.0438691 
vt 0.920728 0.0616355 
vt 0.920728 0.0314702 
vt 0.920728 0.0736396 
vt 0.891478 0.0361539 
vt 0.891478 0.0533413 
vt 0.891478 0.0438682 
vt 0.891478 0.068996 
vt 0.891478 0.0616355 
vt 0.891478 0.0314672 
vt 0.891478 0.0736397 
vt 0.993137 0.0983604 
vt 0.997359 0.0900827 
vt 0.993137 0.0887353 
vt 0.993252 0.0790311 
vt 0.997359 0.0790311 
vt 0.997359 0.101512 
vt 0.993137 0.111869 
vt 0.997359 0.115539 
vt 0.98832 0.115539 
vt 0.985293 0.111869 
vt 0.980332 0.115539 
vt 0.978266 0.111869 
vt 0.971566 0.115539 
vt 0.970598 0.111869 
vt 0.963004 0.115539 
vt 0.963141 0.111869 
vt 0.955454 0.111869 
vt 0.954441 0.115539 
vt 0.947621 0.111869 
vt 0.945581 0.115539 
vt 0.940639 0.111869 
vt 0.937647 0.115539 
vt 0.932757 0.111869 
vt 0.928624 0.115539 
vt 0.928624 0.101603 
vt 0.932757 0.0983703 
vt 0.928624 0.0901618 
vt 0.932757 0.0888278 
vt 0.932634 0.0790311 
vt 0.928624 0.0790311 
vt 0.783922 0.114997 
vt 0.714684 0.088975 
vt 0.714684 0.114997 
vt 0.783922 0.088975 
vt 0.853539 0.088975 
vt 0.922888 0.114997 
vt 0.922888 0.0889751 
vt 0.853539 0.114997 
vt 0.849531 0.0914476 
vt 0.853539 0.088975 
vt 0.849531 0.088975 
vt 0.85059 0.0937641 
vt 0.852322 0.0957381 
vt 0.853539 0.0958895 
vt 0.787646 0.0914476 
vt 0.787646 0.088975 
vt 0.783922 0.088975 
vt 0.78722 0.0937641 
vt 0.786152 0.0957381 
vt 0.783922 0.0958895 
vt 0.932641 0.0790311 
vt 0.993307 0.0790311 
vt 0.932641 0.0077799 
vt 0.993307 0.0077799 
vt 0.993137 0.0887353 
vt 0.962938 0.0790311 
vt 0.993137 0.0983604 
vt 0.993252 0.0790311 
vt 0.993137 0.111869 
vt 0.985293 0.111869 
vt 0.978266 0.111869 
vt 0.970598 0.111869 
vt 0.963141 0.111869 
vt 0.955454 0.111869 
vt 0.947621 0.111869 
vt 0.940639 0.111869 
vt 0.932757 0.111869 
vt 0.932757 0.0983703 
vt 0.932757 0.0888278 
vt 0.932634 0.0790311 
vt 0.853539 0.114997 
vt 0.853539 0.088975 
vt 0.849531 0.114997 
vt 0.849531 0.088975 
vt 0.787646 0.114997 
vt 0.783922 0.088975 
vt 0.783922 0.114997 
vt 0.787646 0.088975 
vt 0.892841 0.0301292 
vt 0.919383 0.0301292 
vt 0.921749 0.0252308 
vt 0.920728 0.0314702 
vt 0.923335 0.0270419 
vt 0.919383 0.0301292 
vt 0.920728 0.0361559 
vt 0.919383 0.0350202 
vt 0.919383 0.0433474 
vt 0.920728 0.0438691 
vt 0.919383 0.0533652 
vt 0.920728 0.0533413 
vt 0.920728 0.0616355 
vt 0.919382 0.0622567 
vt 0.920728 0.0689959 
vt 0.919382 0.0702246 
vt 0.920728 0.0736396 
vt 0.919382 0.0750502 
vt 0.923335 0.0786523 
vt 0.920728 0.0736396 
vt 0.920728 0.0314702 
vt 0.844763 0.0932356 
vt 0.849531 0.088975 
vt 0.844763 0.088975 
vt 0.849531 0.0914476 
vt 0.839358 0.088975 
vt 0.85059 0.0937641 
vt 0.839358 0.0937833 
vt 0.834472 0.088975 
vt 0.844763 0.0970428 
vt 0.852322 0.0957381 
vt 0.839358 0.0979059 
vt 0.834472 0.0942433 
vt 0.829502 0.088975 
vt 0.834472 0.0984102 
vt 0.829502 0.0945481 
vt 0.824219 0.088975 
vt 0.844763 0.101063 
vt 0.844763 0.105949 
vt 0.853539 0.0958895 
vt 0.839358 0.110841 
vt 0.839358 0.10401 
vt 0.834472 0.112843 
vt 0.834472 0.104929 
vt 0.829502 0.113878 
vt 0.829502 0.105635 
vt 0.824219 0.114555 
vt 0.829502 0.0988973 
vt 0.824219 0.105972 
vt 0.819181 0.114729 
vt 0.824219 0.0945953 
vt 0.819181 0.088975 
vt 0.824219 0.0993226 
vt 0.819181 0.0946194 
vt 0.819181 0.0993419 
vt 0.819181 0.106101 
vt 0.813705 0.0992936 
vt 0.813705 0.094602 
vt 0.813705 0.088975 
vt 0.813705 0.105915 
vt 0.813705 0.11451 
vt 0.808452 0.0988365 
vt 0.808452 0.0945673 
vt 0.808452 0.088975 
vt 0.808452 0.105505 
vt 0.808452 0.113786 
vt 0.803289 0.0983158 
vt 0.803289 0.0942732 
vt 0.803289 0.088975 
vt 0.803289 0.104741 
vt 0.803289 0.112701 
vt 0.798065 0.0938247 
vt 0.798065 0.088975 
vt 0.798065 0.0977806 
vt 0.798065 0.103728 
vt 0.798065 0.110617 
vt 0.792805 0.092978 
vt 0.792805 0.088975 
vt 0.787646 0.088975 
vt 0.787646 0.0914476 
vt 0.78722 0.0937641 
vt 0.792805 0.0968692 
vt 0.786152 0.0957381 
vt 0.792805 0.100583 
vt 0.792805 0.105601 
vt 0.783922 0.0958895 
vt 0.787646 0.114997 
vt 0.849531 0.114997 
vt 0.849531 0.088975 
vt 0.787646 0.088975 

usemtl Rig1Mtl

f 1714/1714/1714 1715/1715/1715 1716/1716/1716 
f 1717/1717/1717 1718/1718/1718 1719/1719/1719 
f 1720/1720/1720 1721/1721/1721 1722/1722/1722 
f 1722/1722/1722 1721/1721/1721 1723/1723/1723 
f 1724/1724/1724 1725/1725/1725 1726/1726/1726 
f 1725/1725/1725 1724/1724/1724 1727/1727/1727 
f 1728/1728/1728 1729/1729/1729 1730/1730/1730 
f 1729/1729/1729 1728/1728/1728 1731/1731/1731 
f 1732/1732/1732 1733/1733/1733 1734/1734/1734 
f 1733/1733/1733 1732/1732/1732 1735/1735/1735 
f 1736/1736/1736 1737/1737/1737 1738/1738/1738 
f 1737/1737/1737 1736/1736/1736 1739/1739/1739 
f 1740/1740/1740 1739/1739/1739 1736/1736/1736 
f 1739/1739/1739 1740/1740/1740 1741/1741/1741 
f 1742/1742/1742 1741/1741/1741 1740/1740/1740 
f 1742/1742/1742 1743/1743/1743 1741/1741/1741 
f 1744/1744/1744 1743/1743/1743 1742/1742/1742 
f 1744/1744/1744 1745/1745/1745 1743/1743/1743 
f 1744/1744/1744 1746/1746/1746 1745/1745/1745 
f 1746/1746/1746 1744/1744/1744 1747/1747/1747 
f 1747/1747/1747 1748/1748/1748 1746/1746/1746 
f 1748/1748/1748 1747/1747/1747 1749/1749/1749 
f 1750/1750/1750 1751/1751/1751 1752/1752/1752 
f 1751/1751/1751 1750/1750/1750 1753/1753/1753 
f 1754/1754/1754 1755/1755/1755 1756/1756/1756 
f 1755/1755/1755 1754/1754/1754 1757/1757/1757 
f 1758/1758/1758 1759/1759/1759 1737/1737/1737 
f 1737/1737/1737 1760/1760/1760 1758/1758/1758 
f 1760/1760/1760 1761/1761/1761 1758/1758/1758 
f 1761/1761/1761 1760/1760/1760 1762/1762/1762 
f 1763/1763/1763 1761/1761/1761 1762/1762/1762 
f 1761/1761/1761 1763/1763/1763 1764/1764/1764 
f 1765/1765/1765 1764/1764/1764 1763/1763/1763 
f 1764/1764/1764 1765/1765/1765 1766/1766/1766 
f 1765/1765/1765 1767/1767/1767 1766/1766/1766 
f 1767/1767/1767 1765/1765/1765 1768/1768/1768 
f 1769/1769/1769 1767/1767/1767 1768/1768/1768 
f 1769/1769/1769 1768/1768/1768 1770/1770/1770 
f 1771/1771/1771 1769/1769/1769 1770/1770/1770 
f 1769/1769/1769 1771/1771/1771 1772/1772/1772 
f 1773/1773/1773 1772/1772/1772 1771/1771/1771 
f 1772/1772/1772 1773/1773/1773 1774/1774/1774 
f 1774/1774/1774 1775/1775/1775 1776/1776/1776 
f 1775/1775/1775 1774/1774/1774 1759/1759/1759 
f 1777/1777/1777 1778/1778/1778 1779/1779/1779 
f 1778/1778/1778 1777/1777/1777 1780/1780/1780 
f 1779/1779/1779 1778/1778/1778 1781/1781/1781 
f 1779/1779/1779 1782/1782/1782 1777/1777/1777 
f 1783/1783/1783 1782/1782/1782 1779/1779/1779 
f 1784/1784/1784 1785/1785/1785 1786/1786/1786 
f 1785/1785/1785 1784/1784/1784 1787/1787/1787 
f 1785/1785/1785 1787/1787/1787 1788/1788/1788 
f 1787/1787/1787 1784/1784/1784 1789/1789/1789 
f 1789/1789/1789 1790/1790/1790 1787/1787/1787 
f 1791/1791/1791 1792/1792/1792 1793/1793/1793 
f 1792/1792/1792 1794/1794/1794 1793/1793/1793 
f 1794/1794/1794 1792/1792/1792 1795/1795/1795 
f 1792/1792/1792 1791/1791/1791 1796/1796/1796 
f 1791/1791/1791 1797/1797/1797 1796/1796/1796 
f 1798/1798/1798 1796/1796/1796 1797/1797/1797 
f 1797/1797/1797 1799/1799/1799 1798/1798/1798 
f 1799/1799/1799 1797/1797/1797 1800/1800/1800 
f 1800/1800/1800 1801/1801/1801 1799/1799/1799 
f 1801/1801/1801 1800/1800/1800 1802/1802/1802 
f 1803/1803/1803 1801/1801/1801 1802/1802/1802 
f 1803/1803/1803 1802/1802/1802 1804/1804/1804 
f 1805/1805/1805 1803/1803/1803 1804/1804/1804 
f 1805/1805/1805 1804/1804/1804 1806/1806/1806 
f 1807/1807/1807 1805/1805/1805 1806/1806/1806 
f 1805/1805/1805 1807/1807/1807 1808/1808/1808 
f 1809/1809/1809 1808/1808/1808 1807/1807/1807 
f 1808/1808/1808 1809/1809/1809 1810/1810/1810 
f 1811/1811/1811 1810/1810/1810 1809/1809/1809 
f 1812/1812/1812 1810/1810/1810 1811/1811/1811 
f 1813/1813/1813 1812/1812/1812 1811/1811/1811 
f 1812/1812/1812 1813/1813/1813 1814/1814/1814 
f 1813/1813/1813 1815/1815/1815 1814/1814/1814 
f 1815/1815/1815 1813/1813/1813 1816/1816/1816 
f 1816/1816/1816 1817/1817/1817 1815/1815/1815 
f 1817/1817/1817 1816/1816/1816 1818/1818/1818 
f 1819/1819/1819 1817/1817/1817 1818/1818/1818 
f 1817/1817/1817 1819/1819/1819 1820/1820/1820 
f 1821/1821/1821 1822/1822/1822 1823/1823/1823 
f 1822/1822/1822 1821/1821/1821 1824/1824/1824 
f 1825/1825/1825 1826/1826/1826 1827/1827/1827 
f 1826/1826/1826 1825/1825/1825 1828/1828/1828 
f 1829/1829/1829 1830/1830/1830 1831/1831/1831 
f 1832/1832/1832 1830/1830/1830 1829/1829/1829 
f 1833/1833/1833 1830/1830/1830 1832/1832/1832 
f 1834/1834/1834 1830/1830/1830 1833/1833/1833 
f 1835/1835/1835 1836/1836/1836 1837/1837/1837 
f 1838/1838/1838 1835/1835/1835 1837/1837/1837 
f 1839/1839/1839 1838/1838/1838 1837/1837/1837 
f 1840/1840/1840 1839/1839/1839 1837/1837/1837 
f 1841/1841/1841 1842/1842/1842 1843/1843/1843 
f 1842/1842/1842 1844/1844/1844 1843/1843/1843 
f 1845/1845/1845 1846/1846/1846 1847/1847/1847 
f 1848/1848/1848 1846/1846/1846 1845/1845/1845 
f 1847/1847/1847 1846/1846/1846 1849/1849/1849 
f 1849/1849/1849 1846/1846/1846 1850/1850/1850 
f 1850/1850/1850 1846/1846/1846 1851/1851/1851 
f 1851/1851/1851 1846/1846/1846 1852/1852/1852 
f 1852/1852/1852 1846/1846/1846 1853/1853/1853 
f 1853/1853/1853 1846/1846/1846 1854/1854/1854 
f 1854/1854/1854 1846/1846/1846 1855/1855/1855 
f 1855/1855/1855 1846/1846/1846 1856/1856/1856 
f 1856/1856/1856 1846/1846/1846 1857/1857/1857 
f 1857/1857/1857 1846/1846/1846 1858/1858/1858 
f 1858/1858/1858 1846/1846/1846 1859/1859/1859 
f 1859/1859/1859 1846/1846/1846 1860/1860/1860 
f 1861/1861/1861 1862/1862/1862 1863/1863/1863 
f 1863/1863/1863 1862/1862/1862 1864/1864/1864 
f 1865/1865/1865 1866/1866/1866 1867/1867/1867 
f 1866/1866/1866 1865/1865/1865 1868/1868/1868 
f 1749/1749/1749 1869/1869/1869 1748/1748/1748 
f 1869/1869/1869 1749/1749/1749 1870/1870/1870 
f 1870/1870/1870 1773/1773/1773 1869/1869/1869 
f 1773/1773/1773 1870/1870/1870 1871/1871/1871 
f 1871/1871/1871 1872/1872/1872 1873/1873/1873 
f 1872/1872/1872 1871/1871/1871 1874/1874/1874 
f 1875/1875/1875 1872/1872/1872 1874/1874/1874 
f 1875/1875/1875 1874/1874/1874 1876/1876/1876 
f 1876/1876/1876 1877/1877/1877 1875/1875/1875 
f 1875/1875/1875 1877/1877/1877 1878/1878/1878 
f 1879/1879/1879 1878/1878/1878 1877/1877/1877 
f 1878/1878/1878 1879/1879/1879 1880/1880/1880 
f 1879/1879/1879 1881/1881/1881 1880/1880/1880 
f 1881/1881/1881 1879/1879/1879 1882/1882/1882 
f 1882/1882/1882 1883/1883/1883 1881/1881/1881 
f 1882/1882/1882 1884/1884/1884 1883/1883/1883 
f 1884/1884/1884 1885/1885/1885 1883/1883/1883 
f 1885/1885/1885 1884/1884/1884 1886/1886/1886 
f 1738/1738/1738 1885/1885/1885 1886/1886/1886 
f 1885/1885/1885 1738/1738/1738 1887/1887/1887 
f 1887/1887/1887 1873/1873/1873 1888/1888/1888 
f 1888/1888/1888 1873/1873/1873 1889/1889/1889 
f 1890/1890/1890 1891/1891/1891 1892/1892/1892 
f 1891/1891/1891 1890/1890/1890 1893/1893/1893 
f 1894/1894/1894 1890/1890/1890 1892/1892/1892 
f 1890/1890/1890 1895/1895/1895 1893/1893/1893 
f 1890/1890/1890 1894/1894/1894 1896/1896/1896 
f 1897/1897/1897 1896/1896/1896 1894/1894/1894 
f 1895/1895/1895 1890/1890/1890 1898/1898/1898 
f 1898/1898/1898 1899/1899/1899 1895/1895/1895 
f 1900/1900/1900 1890/1890/1890 1896/1896/1896 
f 1890/1890/1890 1900/1900/1900 1898/1898/1898 
f 1896/1896/1896 1897/1897/1897 1901/1901/1901 
f 1901/1901/1901 1897/1897/1897 1902/1902/1902 
f 1896/1896/1896 1901/1901/1901 1903/1903/1903 
f 1900/1900/1900 1896/1896/1896 1903/1903/1903 
f 1902/1902/1902 1904/1904/1904 1901/1901/1901 
f 1904/1904/1904 1903/1903/1903 1901/1901/1901 
f 1905/1905/1905 1904/1904/1904 1902/1902/1902 
f 1899/1899/1899 1898/1898/1898 1906/1906/1906 
f 1900/1900/1900 1906/1906/1906 1898/1898/1898 
f 1899/1899/1899 1906/1906/1906 1907/1907/1907 
f 1899/1899/1899 1907/1907/1907 1908/1908/1908 
f 1906/1906/1906 1909/1909/1909 1907/1907/1907 
f 1909/1909/1909 1906/1906/1906 1910/1910/1910 
f 1906/1906/1906 1900/1900/1900 1910/1910/1910 
f 1910/1910/1910 1911/1911/1911 1909/1909/1909 
f 1910/1910/1910 1900/1900/1900 1912/1912/1912 
f 1911/1911/1911 1910/1910/1910 1912/1912/1912 
f 1903/1903/1903 1912/1912/1912 1900/1900/1900 
f 1912/1912/1912 1913/1913/1913 1911/1911/1911 
f 1914/1914/1914 1913/1913/1913 1912/1912/1912 
f 1903/1903/1903 1914/1914/1914 1912/1912/1912 
f 1914/1914/1914 1915/1915/1915 1913/1913/1913 
f 1916/1916/1916 1914/1914/1914 1903/1903/1903 
f 1903/1903/1903 1904/1904/1904 1916/1916/1916 
f 1917/1917/1917 1915/1915/1915 1914/1914/1914 
f 1916/1916/1916 1917/1917/1917 1914/1914/1914 
f 1917/1917/1917 1918/1918/1918 1915/1915/1915 
f 1919/1919/1919 1916/1916/1916 1904/1904/1904 
f 1904/1904/1904 1905/1905/1905 1919/1919/1919 
f 1920/1920/1920 1919/1919/1919 1905/1905/1905 
f 1916/1916/1916 1919/1919/1919 1921/1921/1921 
f 1921/1921/1921 1917/1917/1917 1916/1916/1916 
f 1919/1919/1919 1920/1920/1920 1922/1922/1922 
f 1922/1922/1922 1921/1921/1921 1919/1919/1919 
f 1921/1921/1921 1922/1922/1922 1923/1923/1923 
f 1921/1921/1921 1924/1924/1924 1917/1917/1917 
f 1923/1923/1923 1924/1924/1924 1921/1921/1921 
f 1924/1924/1924 1918/1918/1918 1917/1917/1917 
f 1922/1922/1922 1925/1925/1925 1923/1923/1923 
f 1925/1925/1925 1924/1924/1924 1923/1923/1923 
f 1920/1920/1920 1926/1926/1926 1922/1922/1922 
f 1925/1925/1925 1922/1922/1922 1926/1926/1926 
f 1926/1926/1926 1920/1920/1920 1927/1927/1927 
f 1928/1928/1928 1918/1918/1918 1924/1924/1924 
f 1924/1924/1924 1925/1925/1925 1928/1928/1928 
f 1918/1918/1918 1928/1928/1928 1929/1929/1929 
f 1925/1925/1925 1926/1926/1926 1930/1930/1930 
f 1930/1930/1930 1928/1928/1928 1925/1925/1925 
f 1926/1926/1926 1927/1927/1927 1931/1931/1931 
f 1930/1930/1930 1926/1926/1926 1931/1931/1931 
f 1931/1931/1931 1927/1927/1927 1932/1932/1932 
f 1933/1933/1933 1929/1929/1929 1928/1928/1928 
f 1928/1928/1928 1930/1930/1930 1933/1933/1933 
f 1929/1929/1929 1933/1933/1933 1934/1934/1934 
f 1935/1935/1935 1930/1930/1930 1931/1931/1931 
f 1935/1935/1935 1933/1933/1933 1930/1930/1930 
f 1931/1931/1931 1932/1932/1932 1936/1936/1936 
f 1935/1935/1935 1931/1931/1931 1936/1936/1936 
f 1936/1936/1936 1932/1932/1932 1937/1937/1937 
f 1934/1934/1934 1933/1933/1933 1938/1938/1938 
f 1933/1933/1933 1935/1935/1935 1938/1938/1938 
f 1938/1938/1938 1939/1939/1939 1934/1934/1934 
f 1936/1936/1936 1937/1937/1937 1940/1940/1940 
f 1940/1940/1940 1935/1935/1935 1936/1936/1936 
f 1940/1940/1940 1937/1937/1937 1941/1941/1941 
f 1942/1942/1942 1938/1938/1938 1935/1935/1935 
f 1935/1935/1935 1940/1940/1940 1942/1942/1942 
f 1943/1943/1943 1939/1939/1939 1938/1938/1938 
f 1938/1938/1938 1942/1942/1942 1943/1943/1943 
f 1939/1939/1939 1943/1943/1943 1944/1944/1944 
f 1941/1941/1941 1945/1945/1945 1940/1940/1940 
f 1942/1942/1942 1940/1940/1940 1945/1945/1945 
f 1945/1945/1945 1941/1941/1941 1946/1946/1946 
f 1947/1947/1947 1945/1945/1945 1946/1946/1946 
f 1945/1945/1945 1947/1947/1947 1948/1948/1948 
f 1949/1949/1949 1945/1945/1945 1948/1948/1948 
f 1950/1950/1950 1945/1945/1945 1949/1949/1949 
f 1950/1950/1950 1942/1942/1942 1945/1945/1945 
f 1951/1951/1951 1950/1950/1950 1949/1949/1949 
f 1952/1952/1952 1942/1942/1942 1950/1950/1950 
f 1950/1950/1950 1951/1951/1951 1952/1952/1952 
f 1952/1952/1952 1943/1943/1943 1942/1942/1942 
f 1952/1952/1952 1944/1944/1944 1943/1943/1943 
f 1952/1952/1952 1953/1953/1953 1944/1944/1944 
f 1951/1951/1951 1953/1953/1953 1952/1952/1952 
f 1953/1953/1953 1951/1951/1951 1954/1954/1954 
f 1955/1955/1955 1956/1956/1956 1957/1957/1957 
f 1955/1955/1955 1957/1957/1957 1958/1958/1958 

g Rig2

v -3.01337 3.47477 -2.95706 
v -2.9802 4.0426 -2.98419 
v -3.01337 4.0426 -2.95702 
v -2.9802 3.47477 -2.98422 
v -3.70158 3.47477 -2.98418 
v -3.66796 4.0426 -2.95703 
v -3.70158 4.0426 -2.98416 
v -3.66796 3.47477 -2.95706 
v -3.70158 3.47481 -3.78266 
v -3.70158 4.04254 -3.78263 
v -3.66796 4.04179 -3.81062 
v -3.66796 3.47421 -3.81065 
v -3.01337 4.04179 -3.81062 
v -2.9802 3.47481 -3.78264 
v -3.01338 3.47421 -3.81065 
v -2.9802 4.04254 -3.7826 
v -3.63714 3.2301 -3.65573 
v -3.05983 3.15109 -3.53247 
v -3.62154 3.15109 -3.53247 
v -3.06291 3.12742 -3.39492 
v -3.04422 3.2301 -3.65573 
v -3.03135 3.17098 -3.24802 
v -3.05982 3.14984 -3.23995 
v -3.01416 3.24642 -3.12869 
v -3.03135 3.17217 -3.52286 
v -3.03475 3.15199 -3.39455 
v -3.01416 3.24767 -3.63672 
v -2.99987 3.34466 -3.70855 
v -2.99987 3.34402 -3.0562 
v -3.03122 3.33518 -3.03545 
v -3.02198 3.4432 -2.97545 
v -2.98969 3.44321 -3.00151 
v -3.01337 3.47477 -2.95706 
v -2.9802 3.47477 -2.98422 
v -2.98969 3.44325 -3.76655 
v -3.02201 3.44241 -3.79339 
v -3.01338 3.47421 -3.81065 
v -2.9802 3.47481 -3.78264 
v -2.9802 3.47481 -3.78264 
v -2.9802 3.47477 -2.98422 
v -3.66796 4.0426 -2.95703 
v -3.01337 4.0426 -2.95702 
v -3.03603 4.07585 -2.9734 
v -3.00513 4.07499 -3.00047 
v -2.9802 4.0426 -2.98419 
v -2.9802 4.04254 -3.7826 
v -3.02088 4.17359 -3.06173 
v -3.00513 4.07503 -3.77205 
v -3.01337 4.04179 -3.81062 
v -3.036 4.07504 -3.79834 
v -3.64532 4.07504 -3.79834 
v -3.02088 4.17423 -3.71409 
v -3.66796 4.04179 -3.81062 
v -3.0503 4.18306 -3.73483 
v -3.03475 4.27058 -3.13357 
v -3.67662 4.07503 -3.77212 
v -3.70158 4.04254 -3.78263 
v -3.63104 4.18306 -3.73484 
v -3.66087 4.17423 -3.71414 
v -3.67662 4.07499 -3.00047 
v -3.70158 4.0426 -2.98416 
v -3.66087 4.17359 -3.06173 
v -3.64532 4.07585 -2.9734 
v -3.05032 4.18266 -3.03991 
v -3.63104 4.18266 -3.03991 
v -3.06292 4.28815 -3.11456 
v -3.61846 4.28815 -3.11456 
v -3.64699 4.27058 -3.13356 
v -3.61846 4.36716 -3.23782 
v -3.06292 4.36716 -3.23781 
v -3.64699 4.34608 -3.24743 
v -3.61846 4.39083 -3.37536 
v -3.03475 4.34608 -3.24743 
v -3.64699 4.36626 -3.37574 
v -3.06291 4.39083 -3.37536 
v -3.64699 4.34727 -3.52229 
v -3.64699 4.27183 -3.64163 
v -3.61846 4.36841 -3.53034 
v -3.61846 4.28902 -3.65917 
v -3.06291 4.36841 -3.53034 
v -3.03475 4.34727 -3.52227 
v -3.0629 4.28902 -3.65917 
v -3.03475 4.27183 -3.6416 
v -3.03475 4.36626 -3.37574 
v -3.01338 3.47421 -3.81065 
v -3.65932 3.44241 -3.79338 
v -3.66796 3.47421 -3.81065 
v -3.03125 3.33559 -3.73038 
v -3.6501 3.33559 -3.73038 
v -3.68188 3.34466 -3.70856 
v -3.69206 3.44325 -3.76655 
v -3.66796 3.47421 -3.81065 
v -3.70158 3.47481 -3.78266 
v -3.69206 3.44321 -3.00145 
v -3.70158 3.47481 -3.78266 
v -3.70158 3.47477 -2.98418 
v -3.66759 3.24767 -3.63672 
v -3.66796 3.47477 -2.95706 
v -3.70158 3.47477 -2.98418 
v -3.65932 3.4432 -2.97545 
v -3.68188 3.34402 -3.05615 
v -3.01337 3.47477 -2.95706 
v -3.66796 3.47477 -2.95706 
v -3.6501 3.33518 -3.03545 
v -3.66759 3.24642 -3.12866 
v -3.0442 3.22923 -3.11112 
v -3.63714 3.22923 -3.11112 
v -3.62154 3.14984 -3.23995 
v -3.65039 3.17098 -3.248 
v -3.64699 3.15199 -3.39455 
v -3.61846 3.12742 -3.39492 
v -3.65039 3.17217 -3.52286 
v -3.66796 3.47477 -2.95706 
v -3.01337 4.0426 -2.95702 
v -3.66796 4.0426 -2.95703 
v -3.01337 3.47477 -2.95706 
v -3.66796 4.04179 -3.81062 
v -3.01338 3.47421 -3.81065 
v -3.66796 3.47421 -3.81065 
v -3.01337 4.04179 -3.81062 
v -3.69206 3.44321 -3.00145 
v -3.68188 3.34466 -3.70856 
v -3.68188 3.34402 -3.05615 
v -3.70158 4.04254 -3.78263 
v -3.70158 3.47481 -3.78266 
v -3.70158 3.47477 -2.98418 
v -3.70158 4.0426 -2.98416 
v -2.9802 4.04254 -3.7826 
v -2.9802 3.47477 -2.98422 
v -2.9802 3.47481 -3.78264 
v -2.9802 4.0426 -2.98419 

vn 0.629921 0 0.771654 
vn 0.629921 0 0.771654 
vn 0.629921 0 0.771654 
vn 0.629921 0 0.771654 
vn -0.629921 0 0.779528 
vn -0.629921 0 0.779528 
vn -0.629921 0 0.779528 
vn -0.629921 0 0.779528 
vn -0.637795 0 -0.771654 
vn -0.637795 0 -0.771654 
vn -0.637795 0 -0.771654 
vn -0.637795 0 -0.771654 
vn 0.645669 0 -0.76378 
vn 0.645669 0 -0.76378 
vn 0.645669 0 -0.76378 
vn 0.645669 0 -0.76378 
vn -0.0393701 -0.724409 -0.692913 
vn 0.0314961 -0.929134 -0.370079 
vn -0.0314961 -0.929134 -0.370079 
vn 0.0393701 -1 -0.00787402 
vn 0.0393701 -0.724409 -0.692913 
vn 0.944882 -0.322835 0.0393701 
vn 0.0314961 -0.937008 0.346457 
vn 0.976378 -0.212598 0.0551181 
vn 0.952756 -0.314961 -0.0393701 
vn 0.952756 -0.314961 0 
vn 0.976378 -0.212598 -0.0551181 
vn 0.992126 -0.141732 -0.0472441 
vn 0.992126 -0.141732 0.0472441 
vn 0.0314961 -0.535433 0.84252 
vn 0.0314961 -0.496063 0.866142 
vn 0.976378 -0.204724 0.0551181 
vn 0.535433 -0.527559 0.661417 
vn 0.535433 -0.527559 0.661417 
vn 0.976378 -0.212598 -0.0551181 
vn 0.0314961 -0.503937 -0.866142 
vn 0.559055 -0.503937 -0.653543 
vn 0.559055 -0.503937 -0.653543 
vn 0.96063 -0.291339 0 
vn 0.96063 -0.291339 0 
vn -0.0629921 0.472441 0.88189 
vn 0.0629921 0.472441 0.88189 
vn 0.0314961 0.511811 0.858268 
vn 0.913386 0.401575 0.0551181 
vn 0.787402 0.622047 0.0393701 
vn 0.787402 0.614173 -0.0314961 
vn 0.984252 0.181102 0.0393701 
vn 0.92126 0.385827 -0.0551181 
vn 0.0629921 0.385827 -0.92126 
vn 0.0314961 0.464567 -0.88189 
vn -0.0314961 0.464567 -0.88189 
vn 0.984252 0.181102 -0.0472441 
vn -0.0629921 0.385827 -0.92126 
vn 0.0314961 0.543307 -0.834646 
vn 0.984252 0.173228 0.0551181 
vn -0.92126 0.385827 -0.0551181 
vn -0.787402 0.614173 -0.0314961 
vn -0.0314961 0.543307 -0.834646 
vn -0.984252 0.181102 -0.0472441 
vn -0.913386 0.401575 0.0551181 
vn -0.787402 0.622047 0.0393701 
vn -0.984252 0.181102 0.0472441 
vn -0.0314961 0.511811 0.858268 
vn 0.0393701 0.551181 0.834646 
vn -0.0393701 0.551181 0.834646 
vn 0.0393701 0.724409 0.685039 
vn -0.0393701 0.724409 0.685039 
vn -0.984252 0.173228 0.0551181 
vn -0.0393701 0.929134 0.362205 
vn 0.0393701 0.929134 0.362205 
vn -0.992126 0.125984 0.0472441 
vn -0.0393701 1 0.00787402 
vn 0.992126 0.11811 0.0472441 
vn -0.992126 0.125984 0 
vn 0.0393701 1 0.00787402 
vn -0.992126 0.133858 -0.0472441 
vn -0.984252 0.181102 -0.0551181 
vn -0.0393701 0.937008 -0.338583 
vn -0.0314961 0.732283 -0.677165 
vn 0.0393701 0.937008 -0.338583 
vn 0.992126 0.133858 -0.0472441 
vn 0.0314961 0.732283 -0.677165 
vn 0.984252 0.181102 -0.0551181 
vn 0.992126 0.125984 0 
vn 0 -0.480315 -0.88189 
vn -0.0314961 -0.503937 -0.866142 
vn 0 -0.480315 -0.88189 
vn 0.0393701 -0.543307 -0.834646 
vn -0.0393701 -0.543307 -0.834646 
vn -0.992126 -0.141732 -0.0472441 
vn -0.976378 -0.212598 -0.0551181 
vn -0.559055 -0.503937 -0.661417 
vn -0.559055 -0.503937 -0.661417 
vn -0.976378 -0.204724 0.0551181 
vn -0.96063 -0.291339 0 
vn -0.96063 -0.291339 0 
vn -0.976378 -0.212598 -0.0551181 
vn -0.527559 -0.527559 0.661417 
vn -0.527559 -0.527559 0.661417 
vn -0.0314961 -0.496063 0.866142 
vn -0.992126 -0.141732 0.0472441 
vn 0 -0.503937 0.866142 
vn 0 -0.503937 0.866142 
vn -0.0314961 -0.535433 0.84252 
vn -0.976378 -0.212598 0.0551181 
vn 0.0314961 -0.732283 0.677165 
vn -0.0314961 -0.732283 0.677165 
vn -0.0314961 -0.937008 0.346457 
vn -0.944882 -0.322835 0.0393701 
vn -0.952756 -0.314961 0 
vn -0.0393701 -1 -0.00787402 
vn -0.944882 -0.314961 -0.0472441 
vn 0 0 1 
vn 0 0 1 
vn 0 0 1 
vn 0 0 1 
vn 0 0 -1 
vn 0 0 -1 
vn 0 0 -1 
vn 0 0 -1 
vn -0.976378 -0.204724 0.0551181 
vn -0.992126 -0.141732 -0.0472441 
vn -0.992126 -0.141732 0.0472441 
vn -1 0 0 
vn -1 0 0 
vn -1 0 0 
vn -1 0 0 
vn 1 0 0 
vn 1 0 0 
vn 1 0 0 
vn 1 0 0 

vt 0.989236 0.187905 
vt 0.99257 0.270524 
vt 0.989236 0.270524 
vt 0.99257 0.187905 
vt 0.923497 0.187905 
vt 0.927103 0.270524 
vt 0.923497 0.270524 
vt 0.927103 0.187905 
vt 0.854375 0.187905 
vt 0.854375 0.270586 
vt 0.850706 0.270669 
vt 0.850706 0.187905 
vt 0.788697 0.270524 
vt 0.784452 0.187905 
vt 0.788697 0.187905 
vt 0.784452 0.270524 
vt 0.784073 0.168966 
vt 0.757799 0.160965 
vt 0.784073 0.160965 
vt 0.757799 0.152036 
vt 0.757799 0.168966 
vt 0.756467 0.142499 
vt 0.757799 0.141975 
vt 0.756467 0.134753 
vt 0.756467 0.160341 
vt 0.756467 0.152012 
vt 0.756467 0.167732 
vt 0.756467 0.172396 
vt 0.756467 0.130048 
vt 0.757799 0.128701 
vt 0.757798 0.126942 
vt 0.756467 0.128498 
vt 0.755456 0.123613 
vt 0.753887 0.125376 
vt 0.756467 0.174165 
vt 0.7578 0.175768 
vt 0.755457 0.179024 
vt 0.753887 0.177205 
vt 0.753887 0.177205 
vt 0.753887 0.125376 
vt 0.747026 0.179145 
vt 0.716006 0.179145 
vt 0.718354 0.175702 
vt 0.717019 0.174092 
vt 0.714433 0.177372 
vt 0.714433 0.125285 
vt 0.717019 0.172313 
vt 0.717019 0.128196 
vt 0.716006 0.123457 
vt 0.718352 0.126632 
vt 0.74468 0.126632 
vt 0.717019 0.129754 
vt 0.747026 0.123457 
vt 0.718352 0.128401 
vt 0.717019 0.167626 
vt 0.746032 0.128192 
vt 0.748619 0.125283 
vt 0.74468 0.128401 
vt 0.746032 0.129751 
vt 0.746032 0.174092 
vt 0.748619 0.177374 
vt 0.746032 0.172313 
vt 0.74468 0.175702 
vt 0.718354 0.173737 
vt 0.74468 0.173737 
vt 0.718353 0.168867 
vt 0.74468 0.168867 
vt 0.746032 0.167627 
vt 0.74468 0.160825 
vt 0.718353 0.160825 
vt 0.746032 0.160198 
vt 0.74468 0.151851 
vt 0.717019 0.160198 
vt 0.746032 0.151827 
vt 0.718353 0.151851 
vt 0.746032 0.142267 
vt 0.746032 0.134481 
vt 0.74468 0.141741 
vt 0.74468 0.133337 
vt 0.718353 0.141741 
vt 0.717019 0.142268 
vt 0.718353 0.133337 
vt 0.717019 0.134483 
vt 0.717019 0.151827 
vt 0.755457 0.179024 
vt 0.784073 0.175768 
vt 0.786414 0.179024 
vt 0.7578 0.173812 
vt 0.784073 0.173812 
vt 0.785422 0.172396 
vt 0.785422 0.174165 
vt 0.786414 0.179024 
vt 0.788004 0.177206 
vt 0.785422 0.128494 
vt 0.788004 0.177206 
vt 0.788004 0.125373 
vt 0.785422 0.167732 
vt 0.786414 0.123613 
vt 0.788004 0.125373 
vt 0.784073 0.126942 
vt 0.785422 0.130045 
vt 0.755456 0.123613 
vt 0.786414 0.123613 
vt 0.784073 0.128701 
vt 0.785422 0.134751 
vt 0.757799 0.133613 
vt 0.784073 0.133613 
vt 0.784073 0.141975 
vt 0.785422 0.142498 
vt 0.785422 0.152012 
vt 0.784073 0.152036 
vt 0.785422 0.160341 
vt 0.927103 0.187905 
vt 0.989236 0.270524 
vt 0.927103 0.270524 
vt 0.989236 0.187905 
vt 0.850706 0.270669 
vt 0.788697 0.187905 
vt 0.850706 0.187905 
vt 0.788697 0.270524 
vt 0.785422 0.128494 
vt 0.785422 0.172396 
vt 0.785422 0.130045 
vt 0.854375 0.270524 
vt 0.854375 0.187905 
vt 0.92348 0.187905 
vt 0.92348 0.270524 
vt 0.784452 0.270524 
vt 0.714573 0.187905 
vt 0.784452 0.187905 
vt 0.714573 0.270524 

usemtl Rig1Mtl

f 1959/1959/1959 1960/1960/1960 1961/1961/1961 
f 1960/1960/1960 1959/1959/1959 1962/1962/1962 
f 1963/1963/1963 1964/1964/1964 1965/1965/1965 
f 1964/1964/1964 1963/1963/1963 1966/1966/1966 
f 1967/1967/1967 1968/1968/1968 1969/1969/1969 
f 1969/1969/1969 1970/1970/1970 1967/1967/1967 
f 1971/1971/1971 1972/1972/1972 1973/1973/1973 
f 1972/1972/1972 1971/1971/1971 1974/1974/1974 
f 1975/1975/1975 1976/1976/1976 1977/1977/1977 
f 1977/1977/1977 1976/1976/1976 1978/1978/1978 
f 1975/1975/1975 1979/1979/1979 1976/1976/1976 
f 1978/1978/1978 1980/1980/1980 1981/1981/1981 
f 1980/1980/1980 1982/1982/1982 1981/1981/1981 
f 1983/1983/1983 1978/1978/1978 1976/1976/1976 
f 1980/1980/1980 1978/1978/1978 1984/1984/1984 
f 1978/1978/1978 1983/1983/1983 1984/1984/1984 
f 1984/1984/1984 1982/1982/1982 1980/1980/1980 
f 1985/1985/1985 1983/1983/1983 1976/1976/1976 
f 1985/1985/1985 1984/1984/1984 1983/1983/1983 
f 1976/1976/1976 1979/1979/1979 1985/1985/1985 
f 1982/1982/1982 1984/1984/1984 1985/1985/1985 
f 1979/1979/1979 1986/1986/1986 1985/1985/1985 
f 1985/1985/1985 1987/1987/1987 1982/1982/1982 
f 1986/1986/1986 1987/1987/1987 1985/1985/1985 
f 1988/1988/1988 1982/1982/1982 1987/1987/1987 
f 1987/1987/1987 1989/1989/1989 1988/1988/1988 
f 1989/1989/1989 1987/1987/1987 1990/1990/1990 
f 1986/1986/1986 1990/1990/1990 1987/1987/1987 
f 1990/1990/1990 1991/1991/1991 1989/1989/1989 
f 1991/1991/1991 1990/1990/1990 1992/1992/1992 
f 1993/1993/1993 1990/1990/1990 1986/1986/1986 
f 1986/1986/1986 1994/1994/1994 1993/1993/1993 
f 1995/1995/1995 1993/1993/1993 1994/1994/1994 
f 1996/1996/1996 1993/1993/1993 1995/1995/1995 
f 1990/1990/1990 1993/1993/1993 1997/1997/1997 
f 1997/1997/1997 1998/1998/1998 1990/1990/1990 
f 1999/1999/1999 2000/2000/2000 2001/2001/2001 
f 2000/2000/2000 2002/2002/2002 2001/2001/2001 
f 2000/2000/2000 2003/2003/2003 2002/2002/2002 
f 2004/2004/2004 2002/2002/2002 2003/2003/2003 
f 2005/2005/2005 2001/2001/2001 2002/2002/2002 
f 2002/2002/2002 2004/2004/2004 2006/2006/2006 
f 2006/2006/2006 2005/2005/2005 2002/2002/2002 
f 2007/2007/2007 2006/2006/2006 2004/2004/2004 
f 2006/2006/2006 2007/2007/2007 2008/2008/2008 
f 2007/2007/2007 2009/2009/2009 2008/2008/2008 
f 2008/2008/2008 2010/2010/2010 2006/2006/2006 
f 2010/2010/2010 2005/2005/2005 2006/2006/2006 
f 2007/2007/2007 2011/2011/2011 2009/2009/2009 
f 2010/2010/2010 2008/2008/2008 2012/2012/2012 
f 2008/2008/2008 2009/2009/2009 2012/2012/2012 
f 2005/2005/2005 2010/2010/2010 2013/2013/2013 
f 2009/2009/2009 2011/2011/2011 2014/2014/2014 
f 2011/2011/2011 2015/2015/2015 2014/2014/2014 
f 2016/2016/2016 2012/2012/2012 2009/2009/2009 
f 2017/2017/2017 2009/2009/2009 2014/2014/2014 
f 2009/2009/2009 2017/2017/2017 2016/2016/2016 
f 2018/2018/2018 2014/2014/2014 2015/2015/2015 
f 2015/2015/2015 2019/2019/2019 2018/2018/2018 
f 1999/1999/1999 2018/2018/2018 2019/2019/2019 
f 2020/2020/2020 2014/2014/2014 2018/2018/2018 
f 2014/2014/2014 2020/2020/2020 2017/2017/2017 
f 2018/2018/2018 1999/1999/1999 2021/2021/2021 
f 2021/2021/2021 2020/2020/2020 2018/2018/2018 
f 1999/1999/1999 2001/2001/2001 2021/2021/2021 
f 2022/2022/2022 2021/2021/2021 2001/2001/2001 
f 2001/2001/2001 2005/2005/2005 2022/2022/2022 
f 2020/2020/2020 2021/2021/2021 2023/2023/2023 
f 2021/2021/2021 2022/2022/2022 2023/2023/2023 
f 2005/2005/2005 2024/2024/2024 2022/2022/2022 
f 2023/2023/2023 2022/2022/2022 2024/2024/2024 
f 2024/2024/2024 2005/2005/2005 2013/2013/2013 
f 2025/2025/2025 2020/2020/2020 2023/2023/2023 
f 2023/2023/2023 2024/2024/2024 2025/2025/2025 
f 2020/2020/2020 2025/2025/2025 2026/2026/2026 
f 2017/2017/2017 2020/2020/2020 2026/2026/2026 
f 2024/2024/2024 2027/2027/2027 2025/2025/2025 
f 2027/2027/2027 2026/2026/2026 2025/2025/2025 
f 2027/2027/2027 2024/2024/2024 2028/2028/2028 
f 2028/2028/2028 2024/2024/2024 2013/2013/2013 
f 2026/2026/2026 2027/2027/2027 2029/2029/2029 
f 2028/2028/2028 2030/2030/2030 2027/2027/2027 
f 2030/2030/2030 2029/2029/2029 2027/2027/2027 
f 2028/2028/2028 2013/2013/2013 2031/2031/2031 
f 2032/2032/2032 2026/2026/2026 2029/2029/2029 
f 2029/2029/2029 2030/2030/2030 2032/2032/2032 
f 2030/2030/2030 2028/2028/2028 2033/2033/2033 
f 2031/2031/2031 2033/2033/2033 2028/2028/2028 
f 2030/2030/2030 2034/2034/2034 2032/2032/2032 
f 2032/2032/2032 2035/2035/2035 2026/2026/2026 
f 2035/2035/2035 2032/2032/2032 2034/2034/2034 
f 2026/2026/2026 2035/2035/2035 2017/2017/2017 
f 2034/2034/2034 2030/2030/2030 2036/2036/2036 
f 2035/2035/2035 2034/2034/2034 2036/2036/2036 
f 2033/2033/2033 2036/2036/2036 2030/2030/2030 
f 2037/2037/2037 2017/2017/2017 2035/2035/2035 
f 2036/2036/2036 2037/2037/2037 2035/2035/2035 
f 2017/2017/2017 2037/2037/2037 2016/2016/2016 
f 2036/2036/2036 2033/2033/2033 2038/2038/2038 
f 2038/2038/2038 2037/2037/2037 2036/2036/2036 
f 2033/2033/2033 2039/2039/2039 2038/2038/2038 
f 2040/2040/2040 2016/2016/2016 2037/2037/2037 
f 2037/2037/2037 2038/2038/2038 2040/2040/2040 
f 2016/2016/2016 2040/2040/2040 2012/2012/2012 
f 2040/2040/2040 2010/2010/2010 2012/2012/2012 
f 2040/2040/2040 2038/2038/2038 2041/2041/2041 
f 2010/2010/2010 2040/2040/2040 2041/2041/2041 
f 2041/2041/2041 2038/2038/2038 2039/2039/2039 
f 2013/2013/2013 2010/2010/2010 2041/2041/2041 
f 2039/2039/2039 2033/2033/2033 2042/2042/2042 
f 2042/2042/2042 2041/2041/2041 2039/2039/2039 
f 2041/2041/2041 2042/2042/2042 2013/2013/2013 
f 2033/2033/2033 2031/2031/2031 2042/2042/2042 
f 2013/2013/2013 2042/2042/2042 2031/2031/2031 
f 2043/2043/2043 2044/2044/2044 2045/2045/2045 
f 2044/2044/2044 2043/2043/2043 1994/1994/1994 
f 2046/2046/2046 2044/2044/2044 1994/1994/1994 
f 1994/1994/1994 1986/1986/1986 2046/2046/2046 
f 2044/2044/2044 2046/2046/2046 2047/2047/2047 
f 1979/1979/1979 2047/2047/2047 2046/2046/2046 
f 1986/1986/1986 1979/1979/1979 2046/2046/2046 
f 2048/2048/2048 2044/2044/2044 2047/2047/2047 
f 2047/2047/2047 1979/1979/1979 1975/1975/1975 
f 1975/1975/1975 2048/2048/2048 2047/2047/2047 
f 2044/2044/2044 2048/2048/2048 2049/2049/2049 
f 2049/2049/2049 2050/2050/2050 2044/2044/2044 
f 2050/2050/2050 2049/2049/2049 2051/2051/2051 
f 2048/2048/2048 2052/2052/2052 2049/2049/2049 
f 2052/2052/2052 2053/2053/2053 2049/2049/2049 
f 2053/2053/2053 2052/2052/2052 2054/2054/2054 
f 2048/2048/2048 1975/1975/1975 2055/2055/2055 
f 2056/2056/2056 2057/2057/2057 2052/2052/2052 
f 2052/2052/2052 2058/2058/2058 2056/2056/2056 
f 2055/2055/2055 2059/2059/2059 2048/2048/2048 
f 2059/2059/2059 2058/2058/2058 2052/2052/2052 
f 2060/2060/2060 2061/2061/2061 2058/2058/2058 
f 2060/2060/2060 2058/2058/2058 1989/1989/1989 
f 2058/2058/2058 2059/2059/2059 2062/2062/2062 
f 1989/1989/1989 2058/2058/2058 1988/1988/1988 
f 2062/2062/2062 1988/1988/1988 2058/2058/2058 
f 2062/2062/2062 2059/2059/2059 2063/2063/2063 
f 2059/2059/2059 2055/2055/2055 2063/2063/2063 
f 2062/2062/2062 2064/2064/2064 1988/1988/1988 
f 2064/2064/2064 2062/2062/2062 2065/2065/2065 
f 2065/2065/2065 2062/2062/2062 2063/2063/2063 
f 1982/1982/1982 1988/1988/1988 2064/2064/2064 
f 2065/2065/2065 1981/1981/1981 2064/2064/2064 
f 1981/1981/1981 1982/1982/1982 2064/2064/2064 
f 2066/2066/2066 2065/2065/2065 2063/2063/2063 
f 1981/1981/1981 2065/2065/2065 2066/2066/2066 
f 2066/2066/2066 2063/2063/2063 2067/2067/2067 
f 2063/2063/2063 2068/2068/2068 2067/2067/2067 
f 2068/2068/2068 2063/2063/2063 2055/2055/2055 
f 2067/2067/2067 2069/2069/2069 2066/2066/2066 
f 2069/2069/2069 2067/2067/2067 2068/2068/2068 
f 2070/2070/2070 2069/2069/2069 2068/2068/2068 
f 2068/2068/2068 2055/2055/2055 2070/2070/2070 
f 2070/2070/2070 2055/2055/2055 1977/1977/1977 
f 2069/2069/2069 2070/2070/2070 1977/1977/1977 
f 1975/1975/1975 1977/1977/1977 2055/2055/2055 
f 1978/1978/1978 2066/2066/2066 2069/2069/2069 
f 1977/1977/1977 1978/1978/1978 2069/2069/2069 
f 2066/2066/2066 1978/1978/1978 1981/1981/1981 
f 2071/2071/2071 2072/2072/2072 2073/2073/2073 
f 2072/2072/2072 2071/2071/2071 2074/2074/2074 
f 2075/2075/2075 2076/2076/2076 2077/2077/2077 
f 2076/2076/2076 2075/2075/2075 2078/2078/2078 
f 2079/2079/2079 2080/2080/2080 2081/2081/2081 
f 2082/2082/2082 2083/2083/2083 2084/2084/2084 
f 2082/2082/2082 2084/2084/2084 2085/2085/2085 
f 2086/2086/2086 2087/2087/2087 2088/2088/2088 
f 2087/2087/2087 2086/2086/2086 2089/2089/2089 

g Rig3

v -3.76096 5.38868 -3.24155 
v -3.76096 5.31237 -3.11631 
v -3.72615 5.40815 -3.23305 
v -3.72615 5.32739 -3.10003 
v -3.72615 5.43652 -3.38521 
v -3.72615 5.20652 -3.01384 
v -3.76096 5.41548 -3.38522 
v -3.76096 5.19832 -3.03512 
v -3.72611 5.06394 -2.98309 
v -3.76096 5.06392 -3.00853 
v -3.76096 5.38865 -3.52869 
v -3.72615 5.40817 -3.53738 
v -3.76096 5.31238 -3.64665 
v -3.72615 5.32742 -3.66236 
v -3.72615 5.20656 -3.74857 
v -3.76096 5.19838 -3.72786 
v -3.72611 5.06398 -3.78379 
v -3.76096 5.06396 -3.75813 
v -2.98713 4.00996 -2.99222 
v -3.01336 4.0426 -2.95703 
v -3.01966 4.00996 -2.96825 
v -2.9802 4.0426 -2.98423 
v -3.00414 3.9108 -3.03794 
v -3.0351 3.90197 -3.0172 
v -3.04733 3.79601 -3.1105 
v -3.0176 3.8132 -3.12807 
v -3.06003 3.71662 -3.23933 
v -3.03158 3.73776 -3.2474 
v -3.06291 3.6942 -3.39431 
v -3.03475 3.71877 -3.39394 
v -3.02814 3.73895 -3.52224 
v -3.05691 3.71787 -3.53186 
v -3.0176 3.81445 -3.6361 
v -3.04734 3.79689 -3.65511 
v -3.00414 3.91144 -3.72512 
v -3.03513 3.90238 -3.74695 
v -3.01969 4.00922 -3.79616 
v -2.98713 4.01 -3.77147 
v -3.01339 4.04179 -3.81062 
v -2.9802 4.04265 -3.78261 
v -3.03369 5.40815 -3.23305 
v -3.00411 5.31237 -3.11631 
v -3.00411 5.38868 -3.24154 
v -3.03369 5.32739 -3.10003 
v -3.03369 5.43652 -3.38521 
v -3.03369 5.20652 -3.01384 
v -3.00411 5.41548 -3.38521 
v -3.00411 5.19832 -3.03512 
v -3.03373 5.06394 -2.98309 
v -3.00411 5.06392 -3.00861 
v -3.0041 5.38865 -3.52869 
v -3.03369 5.40817 -3.53738 
v -3.0041 5.31238 -3.64665 
v -3.03369 5.32742 -3.66236 
v -3.03369 5.20656 -3.74856 
v -3.0041 5.19838 -3.72786 
v -3.03373 5.06398 -3.78379 
v -3.0041 5.06396 -3.75812 
v -3.03369 5.40815 -3.23305 
v -3.72615 5.40815 -3.23305 
v -3.72615 5.32739 -3.10003 
v -3.72615 5.43652 -3.38521 
v -3.03369 5.32739 -3.10003 
v -3.03369 5.43652 -3.38521 
v -3.03369 5.20652 -3.01384 
v -3.72615 5.40817 -3.53738 
v -3.72615 5.20652 -3.01384 
v -3.72611 5.06394 -2.98309 
v -3.03373 5.06394 -2.98309 
v -3.03369 5.40817 -3.53738 
v -3.72615 5.32742 -3.66236 
v -3.03369 5.32742 -3.66236 
v -3.03369 5.20656 -3.74856 
v -3.72615 5.20656 -3.74857 
v -3.72611 5.06398 -3.78379 
v -3.03373 5.06398 -3.78379 
v -3.01339 4.04179 -3.81062 
v -3.66164 4.00922 -3.79616 
v -3.66796 4.04179 -3.81062 
v -3.01969 4.00922 -3.79616 
v -3.03513 3.90238 -3.74695 
v -3.64622 3.90238 -3.74695 
v -3.04734 3.79689 -3.65511 
v -3.63402 3.79689 -3.65511 
v -3.05691 3.71787 -3.53186 
v -3.62445 3.71787 -3.53186 
v -3.06291 3.6942 -3.39431 
v -3.61846 3.6942 -3.39431 
v -3.62134 3.71662 -3.23933 
v -3.06003 3.71662 -3.23933 
v -3.63402 3.79601 -3.1105 
v -3.04733 3.79601 -3.1105 
v -3.64622 3.90197 -3.0172 
v -3.0351 3.90197 -3.0172 
v -3.66164 4.00996 -2.96825 
v -3.01966 4.00996 -2.96825 
v -3.01336 4.0426 -2.95703 
v -3.66796 4.0426 -2.95702 
v -3.72611 5.06398 -3.78379 
v -3.72611 5.03156 -3.81057 
v -3.76096 5.06396 -3.75813 
v -3.76096 5.03155 -3.78257 
v -3.72611 5.0315 -2.95697 
v -3.76096 5.06392 -3.00853 
v -3.76096 5.03152 -2.98407 
v -3.72611 5.06394 -2.98309 
v -3.66796 4.04179 -3.81062 
v -3.69461 4.01 -3.77148 
v -3.70158 4.04265 -3.78261 
v -3.66164 4.00922 -3.79616 
v -3.6776 3.91144 -3.72512 
v -3.64622 3.90238 -3.74695 
v -3.63402 3.79689 -3.65511 
v -3.66415 3.81445 -3.63611 
v -3.62445 3.71787 -3.53186 
v -3.6536 3.73895 -3.52224 
v -3.61846 3.6942 -3.39431 
v -3.64699 3.71877 -3.39394 
v -3.65017 3.73776 -3.24739 
v -3.62134 3.71662 -3.23933 
v -3.66415 3.8132 -3.12804 
v -3.63402 3.79601 -3.1105 
v -3.6776 3.9108 -3.03789 
v -3.64622 3.90197 -3.0172 
v -3.66164 4.00996 -2.96825 
v -3.69461 4.00996 -2.99216 
v -3.66796 4.0426 -2.95702 
v -3.70158 4.0426 -2.98416 
v -3.0041 5.06396 -3.75812 
v -3.01336 5.03156 -3.81057 
v -3.03373 5.06398 -3.78379 
v -2.9802 5.03155 -3.78257 
v -3.00411 5.06392 -3.00861 
v -3.01334 5.0315 -2.95697 
v -2.9802 5.03152 -2.98416 
v -3.03373 5.06394 -2.98309 
v -3.01336 5.03156 -3.81057 
v -3.72611 5.03156 -3.81057 
v -3.03373 5.06398 -3.78379 
v -3.72611 5.06398 -3.78379 
v -3.72611 5.0315 -2.95697 
v -3.03373 5.06394 -2.98309 
v -3.72611 5.06394 -2.98309 
v -3.01334 5.0315 -2.95697 
v -3.00411 5.06394 -3.38523 
v -2.9802 5.03155 -3.78257 
v -3.0041 5.06396 -3.75812 
v -2.9802 5.03152 -2.98416 
v -3.00411 5.06394 -3.38523 
v -3.00411 5.06392 -3.00861 
v -2.9802 5.03152 -2.98416 
v -3.7261 4.80579 -3.81058 
v -3.76096 4.47234 -3.78259 
v -3.76096 4.80579 -3.78258 
v -3.7261 4.47234 -3.8106 
v -3.76096 5.03155 -3.78257 
v -3.7261 4.80579 -3.81058 
v -3.76096 4.80579 -3.78258 
v -3.72611 5.03156 -3.81057 
v -3.7261 4.4723 -2.957 
v -3.7261 4.80571 -2.95698 
v -3.76096 4.47231 -2.98408 
v -3.76096 4.80571 -2.98407 
v -3.7261 4.80571 -2.95698 
v -3.72611 5.0315 -2.95697 
v -3.76096 4.80571 -2.98407 
v -3.76096 5.03152 -2.98407 
v -3.01339 4.47234 -3.8106 
v -2.9802 4.47234 -3.78259 
v -2.9802 4.42348 -3.78259 
v -3.01339 4.42348 -3.8106 
v -2.98019 4.80584 -3.78257 
v -2.9802 4.47234 -3.78259 
v -3.01338 4.80584 -3.81058 
v -3.01339 4.47234 -3.8106 
v -3.01338 4.80584 -3.81058 
v -3.01336 5.03156 -3.81057 
v -2.9802 5.03155 -3.78257 
v -2.98019 4.80584 -3.78257 
v -2.9802 4.04265 -3.78261 
v -3.01339 4.42348 -3.8106 
v -2.9802 4.42348 -3.78259 
v -3.01339 4.04179 -3.81062 
v -2.9802 4.42344 -2.98423 
v -3.01334 4.4723 -2.957 
v -3.01335 4.42343 -2.957 
v -2.9802 4.47231 -2.98423 
v -2.9802 4.80571 -2.9842 
v -3.01334 4.4723 -2.957 
v -2.9802 4.47231 -2.98423 
v -3.01334 4.8057 -2.95698 
v -2.9802 4.80571 -2.9842 
v -3.01334 5.0315 -2.95697 
v -3.01334 4.8057 -2.95698 
v -2.9802 5.03152 -2.98416 
v -2.9802 4.0426 -2.98423 
v -3.01335 4.42343 -2.957 
v -3.01336 4.0426 -2.95703 
v -2.9802 4.42344 -2.98423 
v -3.66797 4.42348 -3.8106 
v -3.70158 4.04265 -3.78261 
v -3.70158 4.42348 -3.78259 
v -3.66796 4.04179 -3.81062 
v -3.66796 4.0426 -2.95702 
v -3.66797 4.42343 -2.957 
v -3.70158 4.0426 -2.98416 
v -3.70158 4.42344 -2.98414 
v -3.7261 4.4723 -2.957 
v -3.70158 4.42344 -2.98414 
v -3.66797 4.42343 -2.957 
v -3.76096 4.47231 -2.98408 
v -3.70158 4.42348 -3.78259 
v -3.76096 4.47234 -3.78259 
v -3.7261 4.47234 -3.8106 
v -3.66797 4.42348 -3.8106 
v -2.98713 4.01 -3.77147 
v -2.9802 4.0426 -2.98423 
v -2.98713 4.00996 -2.99222 
v -2.9802 4.04265 -3.78261 
v -3.00414 3.91144 -3.72512 
v -3.00414 3.9108 -3.03794 
v -3.0176 3.81445 -3.6361 
v -3.0176 3.8132 -3.12807 
v -3.03475 3.71877 -3.39394 
v -3.02814 3.73895 -3.52224 
v -3.03158 3.73776 -3.2474 
v -3.01339 4.47234 -3.8106 
v -3.7261 4.80579 -3.81058 
v -3.01338 4.80584 -3.81058 
v -3.7261 4.47234 -3.8106 
v -3.66797 4.42348 -3.8106 
v -3.01339 4.42348 -3.8106 
v -3.72611 5.03156 -3.81057 
v -3.01336 5.03156 -3.81057 
v -3.01338 4.80584 -3.81058 
v -3.7261 4.80579 -3.81058 
v -3.01339 4.42348 -3.8106 
v -3.66796 4.04179 -3.81062 
v -3.66797 4.42348 -3.8106 
v -3.01339 4.04179 -3.81062 
v -3.01334 4.4723 -2.957 
v -3.66797 4.42343 -2.957 
v -3.01335 4.42343 -2.957 
v -3.7261 4.4723 -2.957 
v -3.01334 4.8057 -2.95698 
v -3.7261 4.4723 -2.957 
v -3.01334 4.4723 -2.957 
v -3.7261 4.80571 -2.95698 
v -3.01334 5.0315 -2.95697 
v -3.7261 4.80571 -2.95698 
v -3.01334 4.8057 -2.95698 
v -3.72611 5.0315 -2.95697 
v -3.01336 4.0426 -2.95703 
v -3.66797 4.42343 -2.957 
v -3.66796 4.0426 -2.95702 
v -3.01335 4.42343 -2.957 
v -3.69461 4.01 -3.77148 
v -3.70158 4.0426 -2.98416 
v -3.70158 4.04265 -3.78261 
v -3.69461 4.00996 -2.99216 
v -3.6776 3.91144 -3.72512 
v -3.6776 3.9108 -3.03789 
v -3.66415 3.81445 -3.63611 
v -3.66415 3.8132 -3.12804 
v -3.64699 3.71877 -3.39394 
v -3.65017 3.73776 -3.24739 
v -3.6536 3.73895 -3.52224 
v -3.76096 4.80579 -3.78258 
v -3.76096 5.03152 -2.98407 
v -3.76096 5.03155 -3.78257 
v -3.76096 4.80571 -2.98407 
v -3.76096 4.47234 -3.78259 
v -3.76096 4.80571 -2.98407 
v -3.76096 4.80579 -3.78258 
v -3.76096 4.47231 -2.98408 
v -3.76096 5.03155 -3.78257 
v -3.76096 5.06394 -3.38524 
v -3.76096 5.06396 -3.75813 
v -3.76096 5.03152 -2.98407 
v -3.76096 5.38868 -3.24155 
v -3.76096 5.06394 -3.38524 
v -3.76096 5.31237 -3.11631 
v -3.76096 5.19832 -3.03512 
v -3.76096 5.06392 -3.00853 
v -3.76096 5.41548 -3.38522 
v -3.76096 5.38865 -3.52869 
v -3.76096 5.31238 -3.64665 
v -3.76096 5.19838 -3.72786 
v -3.76096 5.06396 -3.75813 
v -3.76096 5.03152 -2.98407 
v -3.76096 5.06392 -3.00853 
v -3.76096 5.06394 -3.38524 
v -2.9802 4.47234 -3.78259 
v -2.9802 4.80571 -2.9842 
v -2.9802 4.47231 -2.98423 
v -2.98019 4.80584 -3.78257 
v -2.9802 4.47234 -3.78259 
v -2.9802 4.42344 -2.98423 
v -2.9802 4.42348 -3.78259 
v -2.9802 4.47231 -2.98423 
v -2.9802 4.80571 -2.9842 
v -2.98019 4.80584 -3.78257 
v -2.9802 5.03155 -3.78257 
v -2.9802 5.03152 -2.98416 
v -2.9802 4.04265 -3.78261 
v -2.9802 4.42344 -2.98423 
v -2.9802 4.0426 -2.98423 
v -2.9802 4.42348 -3.78259 
v -3.00411 5.31237 -3.11631 
v -3.00411 5.06394 -3.38523 
v -3.00411 5.38868 -3.24154 
v -3.00411 5.41548 -3.38521 
v -3.00411 5.19832 -3.03512 
v -3.00411 5.06392 -3.00861 
v -3.0041 5.38865 -3.52869 
v -3.0041 5.31238 -3.64665 
v -3.0041 5.19838 -3.72786 
v -3.0041 5.06396 -3.75812 
v -3.70158 4.42348 -3.78259 
v -3.70158 4.0426 -2.98416 
v -3.70158 4.42344 -2.98414 
v -3.70158 4.04265 -3.78261 
v -3.70158 4.42344 -2.98414 
v -3.76096 4.47234 -3.78259 
v -3.70158 4.42348 -3.78259 
v -3.76096 4.47231 -2.98408 

vn -0.519685 0.795276 0.307087 
vn -0.535433 0.622047 0.566929 
vn -0.519685 0.795276 0.307087 
vn -0.535433 0.614173 0.574803 
vn -0.519685 0.858268 0 
vn -0.559055 0.330709 0.76378 
vn -0.519685 0.858268 0 
vn -0.559055 0.338583 0.755906 
vn -0.559055 0.165354 0.811024 
vn -0.559055 0.165354 0.811024 
vn -0.519685 0.795276 -0.307087 
vn -0.519685 0.795276 -0.314961 
vn -0.527559 0.614173 -0.582677 
vn -0.527559 0.614173 -0.590551 
vn -0.551181 0.346457 -0.76378 
vn -0.551181 0.346457 -0.755906 
vn -0.559055 0.188976 -0.80315 
vn -0.559055 0.188976 -0.80315 
vn 0.566929 -0.393701 0.724409 
vn 0.582677 -0.338583 0.740157 
vn 0.566929 -0.393701 0.724409 
vn 0.582677 -0.338583 0.740157 
vn 0.582677 -0.503937 0.629921 
vn 0.582677 -0.503937 0.637795 
vn 0.614173 -0.637795 0.464567 
vn 0.614173 -0.637795 0.464567 
vn 0.629921 -0.740157 0.228346 
vn 0.629921 -0.740157 0.23622 
vn 0.637795 -0.771654 0.00787402 
vn 0.637795 -0.771654 0 
vn 0.637795 -0.724409 -0.251969 
vn 0.637795 -0.724409 -0.251969 
vn 0.629921 -0.622047 -0.464567 
vn 0.629921 -0.622047 -0.472441 
vn 0.598425 -0.503937 -0.622047 
vn 0.598425 -0.496063 -0.622047 
vn 0.582677 -0.409449 -0.700787 
vn 0.574803 -0.409449 -0.700787 
vn 0.582677 -0.393701 -0.708661 
vn 0.582677 -0.393701 -0.708661 
vn 0.582677 0.755906 0.291339 
vn 0.598425 0.590551 0.543307 
vn 0.582677 0.755906 0.291339 
vn 0.598425 0.582677 0.543307 
vn 0.582677 0.811024 0 
vn 0.622047 0.314961 0.716535 
vn 0.582677 0.811024 0 
vn 0.622047 0.314961 0.716535 
vn 0.622047 0.15748 0.76378 
vn 0.622047 0.15748 0.76378 
vn 0.582677 0.755906 -0.299213 
vn 0.582677 0.755906 -0.299213 
vn 0.590551 0.582677 -0.551181 
vn 0.590551 0.582677 -0.559055 
vn 0.614173 0.322835 -0.724409 
vn 0.614173 0.330709 -0.716535 
vn 0.622047 0.181102 -0.76378 
vn 0.622047 0.181102 -0.76378 
vn 0 0.937008 0.354331 
vn 0 0.937008 0.354331 
vn 0 0.740157 0.677165 
vn 0 1 0 
vn 0 0.740157 0.677165 
vn 0 1 0 
vn 0 0.409449 0.913386 
vn 0 0.929134 -0.362205 
vn 0 0.409449 0.913386 
vn 0 0.212598 0.976378 
vn 0 0.212598 0.976378 
vn 0 0.929134 -0.362205 
vn 0 0.724409 -0.692913 
vn 0 0.724409 -0.692913 
vn 0 0.417323 -0.905512 
vn 0 0.417323 -0.905512 
vn 0 0.23622 -0.968504 
vn 0 0.23622 -0.968504 
vn 0 -0.409449 -0.913386 
vn 0 -0.417323 -0.913386 
vn 0 -0.409449 -0.913386 
vn 0 -0.417323 -0.913386 
vn 0 -0.543307 -0.84252 
vn 0 -0.543307 -0.84252 
vn 0 -0.755906 -0.661417 
vn 0 -0.755906 -0.661417 
vn 0 -0.929134 -0.377953 
vn 0 -0.929134 -0.377953 
vn 0 -1 -0.00787402 
vn 0 -1 -0.00787402 
vn 0 -0.937008 0.346457 
vn 0 -0.937008 0.346457 
vn 0 -0.76378 0.645669 
vn 0 -0.76378 0.645669 
vn 0 -0.543307 0.84252 
vn 0 -0.543307 0.84252 
vn 0 -0.385827 0.92126 
vn 0 -0.385827 0.92126 
vn 0 -0.322835 0.944882 
vn 0 -0.322835 0.944882 
vn -0.519685 0.527559 -0.669291 
vn -0.519685 0.527559 -0.669291 
vn -0.519685 0.527559 -0.669291 
vn -0.519685 0.527559 -0.669291 
vn -0.511811 0.527559 0.677165 
vn -0.511811 0.527559 0.677165 
vn -0.511811 0.527559 0.677165 
vn -0.511811 0.527559 0.677165 
vn -0.574803 -0.401575 -0.716535 
vn -0.574803 -0.417323 -0.708661 
vn -0.574803 -0.401575 -0.716535 
vn -0.574803 -0.409449 -0.708661 
vn -0.598425 -0.503937 -0.622047 
vn -0.598425 -0.503937 -0.622047 
vn -0.622047 -0.622047 -0.472441 
vn -0.622047 -0.622047 -0.472441 
vn -0.637795 -0.732283 -0.251969 
vn -0.637795 -0.732283 -0.251969 
vn -0.629921 -0.779528 0.00787402 
vn -0.629921 -0.779528 0 
vn -0.629921 -0.740157 0.23622 
vn -0.629921 -0.740157 0.228346 
vn -0.606299 -0.645669 0.464567 
vn -0.606299 -0.645669 0.464567 
vn -0.582677 -0.503937 0.637795 
vn -0.582677 -0.503937 0.637795 
vn -0.559055 -0.393701 0.724409 
vn -0.559055 -0.401575 0.724409 
vn -0.574803 -0.338583 0.748031 
vn -0.574803 -0.338583 0.748031 
vn 0.448819 0.724409 -0.527559 
vn 0.448819 0.724409 -0.527559 
vn 0.448819 0.724409 -0.527559 
vn 0.448819 0.724409 -0.527559 
vn 0.448819 0.716535 0.535433 
vn 0.448819 0.716535 0.535433 
vn 0.448819 0.716535 0.535433 
vn 0.448819 0.716535 0.535433 
vn 0 0.637795 -0.771654 
vn 0 0.637795 -0.771654 
vn 0 0.637795 -0.771654 
vn 0 0.637795 -0.771654 
vn 0 0.629921 0.779528 
vn 0 0.629921 0.779528 
vn 0 0.629921 0.779528 
vn 0 0.629921 0.779528 
vn 0.80315 0.590551 0 
vn 0.80315 0.590551 0 
vn 0.80315 0.590551 0 
vn 0.80315 0.590551 0 
vn 0.80315 0.590551 0 
vn 0.80315 0.590551 0 
vn 0.80315 0.590551 0 
vn -0.629921 0 -0.779528 
vn -0.629921 0 -0.779528 
vn -0.629921 0 -0.779528 
vn -0.629921 0 -0.779528 
vn -0.629921 0 -0.779528 
vn -0.629921 0 -0.779528 
vn -0.629921 0 -0.779528 
vn -0.629921 0 -0.779528 
vn -0.614173 0 0.787402 
vn -0.614173 0 0.787402 
vn -0.614173 0 0.787402 
vn -0.614173 0 0.787402 
vn -0.614173 0 0.787402 
vn -0.614173 0 0.787402 
vn -0.614173 0 0.787402 
vn -0.614173 0 0.787402 
vn 0.645669 0 -0.76378 
vn 0.645669 0 -0.76378 
vn 0.645669 0 -0.76378 
vn 0.645669 0 -0.76378 
vn 0.645669 0 -0.76378 
vn 0.645669 0 -0.76378 
vn 0.645669 0 -0.76378 
vn 0.645669 0 -0.76378 
vn 0.645669 0 -0.76378 
vn 0.645669 0 -0.76378 
vn 0.645669 0 -0.76378 
vn 0.645669 0 -0.76378 
vn 0.645669 0 -0.76378 
vn 0.645669 0 -0.76378 
vn 0.645669 0 -0.76378 
vn 0.645669 0 -0.76378 
vn 0.637795 0 0.771654 
vn 0.637795 0 0.771654 
vn 0.637795 0 0.771654 
vn 0.637795 0 0.771654 
vn 0.637795 0 0.771654 
vn 0.637795 0 0.771654 
vn 0.637795 0 0.771654 
vn 0.637795 0 0.771654 
vn 0.637795 0 0.771654 
vn 0.637795 0 0.771654 
vn 0.637795 0 0.771654 
vn 0.637795 0 0.771654 
vn 0.637795 0 0.771654 
vn 0.637795 0 0.771654 
vn 0.637795 0 0.771654 
vn 0.637795 0 0.771654 
vn -0.637795 0 -0.771654 
vn -0.637795 0 -0.771654 
vn -0.637795 0 -0.771654 
vn -0.637795 0 -0.771654 
vn -0.629921 0 0.779528 
vn -0.629921 0 0.779528 
vn -0.629921 0 0.779528 
vn -0.629921 0 0.779528 
vn -0.496063 -0.598425 0.629921 
vn -0.496063 -0.598425 0.629921 
vn -0.496063 -0.598425 0.629921 
vn -0.496063 -0.598425 0.629921 
vn -0.503937 -0.606299 -0.614173 
vn -0.503937 -0.606299 -0.614173 
vn -0.503937 -0.606299 -0.614173 
vn -0.503937 -0.606299 -0.614173 
vn 0.984252 -0.181102 0 
vn 0.976378 -0.204724 0 
vn 0.984252 -0.181102 0 
vn 0.976378 -0.204724 0 
vn 0.984252 -0.165354 0 
vn 0.984252 -0.165354 0 
vn 0.992126 -0.141732 0 
vn 0.992126 -0.141732 0 
vn 0.984252 -0.165354 0.00787402 
vn 0.984252 -0.165354 0.00787402 
vn 0.984252 -0.165354 0.00787402 
vn 0 0 -1 
vn 0 0 -1 
vn 0 0 -1 
vn 0 0 -1 
vn 0 0 -1 
vn 0 0 -1 
vn 0 0 -1 
vn 0 0 -1 
vn 0 0 -1 
vn 0 0 -1 
vn 0 0 -1 
vn 0 0 -1 
vn 0 0 -1 
vn 0 0 -1 
vn 0 0 1 
vn 0 0 1 
vn 0 0 1 
vn 0 0 1 
vn 0 0 1 
vn 0 0 1 
vn 0 0 1 
vn 0 0 1 
vn 0 0 1 
vn 0 0 1 
vn 0 0 1 
vn 0 0 1 
vn 0 0 1 
vn 0 0 1 
vn 0 0 1 
vn 0 0 1 
vn -0.984252 -0.181102 0 
vn -0.976378 -0.212598 0 
vn -0.976378 -0.212598 0 
vn -0.984252 -0.181102 0 
vn -0.984252 -0.165354 0 
vn -0.984252 -0.165354 0 
vn -0.992126 -0.141732 0 
vn -0.992126 -0.141732 0 
vn -0.984252 -0.165354 0.00787402 
vn -0.984252 -0.165354 0.00787402 
vn -0.984252 -0.165354 0.00787402 
vn -1 0 0 
vn -1 0 0 
vn -1 0 0 
vn -1 0 0 
vn -1 0 0 
vn -1 0 0 
vn -1 0 0 
vn -1 0 0 
vn -1 0 0 
vn -1 0 0 
vn -1 0 0 
vn -1 0 0 
vn -1 0 0 
vn -1 0 0 
vn -1 0 0 
vn -1 0 0 
vn -1 0 0 
vn -1 0 0 
vn -1 0 0 
vn -1 0 0 
vn -1 0 0 
vn -1 0 0 
vn -1 0 0 
vn -1 0 0 
vn -1 0 0 
vn 1 0 0 
vn 1 0 0 
vn 1 0 0 
vn 1 0 0 
vn 1 0 0 
vn 1 0 0 
vn 1 0 0 
vn 1 0 0 
vn 1 0 0 
vn 1 0 0 
vn 1 0 0 
vn 1 0 0 
vn 1 0 0 
vn 1 0 0 
vn 1 0 0 
vn 1 0 0 
vn 1 0 0 
vn 1 0 0 
vn 1 0 0 
vn 1 0 0 
vn 1 0 0 
vn 1 0 0 
vn 1 0 0 
vn 1 0 0 
vn 1 0 0 
vn 1 0 0 
vn -1 0 0 
vn -1 0 0 
vn -1 0 0 
vn -1 0 0 
vn -0.637795 -0.771654 0 
vn -0.637795 -0.771654 0 
vn -0.637795 -0.771654 0 
vn -0.637795 -0.771654 0 

vt 0.740557 0.468911 
vt 0.731905 0.468911 
vt 0.740285 0.46594 
vt 0.731905 0.46594 
vt 0.748968 0.46594 
vt 0.72411 0.46594 
vt 0.749092 0.468911 
vt 0.72411 0.468911 
vt 0.71644 0.46594 
vt 0.71644 0.468911 
vt 0.757192 0.468911 
vt 0.75741 0.46594 
vt 0.765183 0.468911 
vt 0.765183 0.46594 
vt 0.773082 0.46594 
vt 0.773082 0.468911 
vt 0.781173 0.46594 
vt 0.781173 0.468911 
vt 0.79105 0.396024 
vt 0.790024 0.391171 
vt 0.7924 0.394466 
vt 0.788434 0.392939 
vt 0.79105 0.397576 
vt 0.7924 0.396228 
vt 0.7924 0.401146 
vt 0.79105 0.402288 
vt 0.7924 0.409519 
vt 0.79105 0.410044 
vt 0.7924 0.419593 
vt 0.79105 0.419569 
vt 0.79105 0.427909 
vt 0.792401 0.428534 
vt 0.79105 0.43531 
vt 0.792401 0.436546 
vt 0.79105 0.43998 
vt 0.792401 0.441398 
vt 0.792401 0.443356 
vt 0.79105 0.441752 
vt 0.790026 0.446655 
vt 0.788434 0.444834 
vt 0.739977 0.415284 
vt 0.731905 0.412486 
vt 0.740143 0.412486 
vt 0.731905 0.415284 
vt 0.748263 0.415284 
vt 0.72411 0.415284 
vt 0.748144 0.412486 
vt 0.72411 0.412486 
vt 0.71644 0.415284 
vt 0.71644 0.412486 
vt 0.756476 0.412486 
vt 0.756745 0.415284 
vt 0.765183 0.412486 
vt 0.765183 0.415284 
vt 0.773082 0.415284 
vt 0.773082 0.412486 
vt 0.781173 0.415284 
vt 0.781173 0.412486 
vt 0.739977 0.415284 
vt 0.740285 0.46594 
vt 0.731905 0.46594 
vt 0.748968 0.46594 
vt 0.731905 0.415284 
vt 0.748263 0.415284 
vt 0.72411 0.415284 
vt 0.75741 0.46594 
vt 0.72411 0.46594 
vt 0.71644 0.46594 
vt 0.71644 0.415284 
vt 0.756745 0.415284 
vt 0.765183 0.46594 
vt 0.765183 0.415284 
vt 0.773082 0.415284 
vt 0.773082 0.46594 
vt 0.781173 0.46594 
vt 0.781173 0.415284 
vt 0.790026 0.446655 
vt 0.819039 0.443356 
vt 0.821412 0.446655 
vt 0.792401 0.443356 
vt 0.792401 0.441398 
vt 0.819039 0.441398 
vt 0.792401 0.436546 
vt 0.819039 0.436546 
vt 0.792401 0.428534 
vt 0.819039 0.428534 
vt 0.7924 0.419593 
vt 0.819039 0.419593 
vt 0.819039 0.409519 
vt 0.7924 0.409519 
vt 0.819039 0.401146 
vt 0.7924 0.401146 
vt 0.819039 0.396228 
vt 0.7924 0.396228 
vt 0.819039 0.394466 
vt 0.7924 0.394466 
vt 0.790024 0.391171 
vt 0.821412 0.391171 
vt 0.781173 0.46594 
vt 0.783366 0.46594 
vt 0.781173 0.468911 
vt 0.783366 0.468911 
vt 0.714252 0.46594 
vt 0.71644 0.468911 
vt 0.714252 0.468911 
vt 0.71644 0.46594 
vt 0.821412 0.446655 
vt 0.820407 0.441752 
vt 0.823024 0.444834 
vt 0.819039 0.443356 
vt 0.820407 0.43998 
vt 0.819039 0.441398 
vt 0.819039 0.436546 
vt 0.820407 0.43531 
vt 0.819039 0.428534 
vt 0.820407 0.427909 
vt 0.819039 0.419593 
vt 0.820407 0.419569 
vt 0.820407 0.410043 
vt 0.819039 0.409519 
vt 0.820407 0.402286 
vt 0.819039 0.401146 
vt 0.820407 0.397573 
vt 0.819039 0.396228 
vt 0.819039 0.394466 
vt 0.820407 0.39602 
vt 0.821412 0.391171 
vt 0.823024 0.392934 
vt 0.781173 0.412486 
vt 0.783366 0.415284 
vt 0.781173 0.415284 
vt 0.783366 0.412486 
vt 0.71644 0.412486 
vt 0.714252 0.415284 
vt 0.714252 0.412486 
vt 0.71644 0.415284 
vt 0.783366 0.415284 
vt 0.783366 0.46594 
vt 0.781173 0.415284 
vt 0.781173 0.46594 
vt 0.714252 0.46594 
vt 0.71644 0.415284 
vt 0.71644 0.46594 
vt 0.714252 0.415284 
vt 0.748082 0.386886 
vt 0.769583 0.383932 
vt 0.768299 0.386886 
vt 0.726251 0.383932 
vt 0.748082 0.386886 
vt 0.727629 0.386886 
vt 0.726251 0.383932 
vt 0.850701 0.356713 
vt 0.85437 0.319644 
vt 0.85437 0.356713 
vt 0.850701 0.319644 
vt 0.85437 0.38256 
vt 0.850701 0.356713 
vt 0.85437 0.356713 
vt 0.850701 0.38256 
vt 0.927097 0.319644 
vt 0.927097 0.356713 
vt 0.923492 0.319644 
vt 0.923492 0.356713 
vt 0.927097 0.356713 
vt 0.927097 0.38256 
vt 0.923492 0.356713 
vt 0.923492 0.38256 
vt 0.788692 0.319644 
vt 0.784492 0.319644 
vt 0.784492 0.31285 
vt 0.788692 0.31285 
vt 0.784492 0.356713 
vt 0.784492 0.319644 
vt 0.788692 0.356713 
vt 0.788692 0.319644 
vt 0.788692 0.356713 
vt 0.788692 0.38256 
vt 0.784492 0.38256 
vt 0.784492 0.356713 
vt 0.784492 0.270524 
vt 0.788692 0.31285 
vt 0.784492 0.31285 
vt 0.788692 0.270524 
vt 0.992565 0.312851 
vt 0.989231 0.319644 
vt 0.989231 0.312851 
vt 0.992565 0.319644 
vt 0.992565 0.356713 
vt 0.989231 0.319644 
vt 0.992565 0.319644 
vt 0.989231 0.356713 
vt 0.992565 0.356713 
vt 0.989231 0.38256 
vt 0.989231 0.356713 
vt 0.992565 0.38256 
vt 0.992565 0.270524 
vt 0.989231 0.312851 
vt 0.989231 0.270524 
vt 0.992565 0.312851 
vt 0.850701 0.313715 
vt 0.85437 0.270586 
vt 0.85437 0.313219 
vt 0.850701 0.270669 
vt 0.927097 0.270524 
vt 0.927097 0.312851 
vt 0.923492 0.270524 
vt 0.923492 0.312851 
vt 0.927097 0.319644 
vt 0.923492 0.312851 
vt 0.927097 0.312851 
vt 0.923492 0.319644 
vt 0.85437 0.313219 
vt 0.85437 0.319644 
vt 0.850701 0.319644 
vt 0.850701 0.313715 
vt 0.79105 0.441752 
vt 0.788434 0.392939 
vt 0.79105 0.396024 
vt 0.788434 0.444834 
vt 0.79105 0.43998 
vt 0.79105 0.397576 
vt 0.79105 0.43531 
vt 0.79105 0.402288 
vt 0.79105 0.419569 
vt 0.79105 0.427909 
vt 0.79105 0.410044 
vt 0.788692 0.319644 
vt 0.850701 0.356713 
vt 0.788692 0.356713 
vt 0.850701 0.319644 
vt 0.850701 0.313715 
vt 0.788692 0.31285 
vt 0.850701 0.38256 
vt 0.788692 0.38256 
vt 0.788692 0.356713 
vt 0.850701 0.356713 
vt 0.788692 0.31285 
vt 0.850701 0.270669 
vt 0.850701 0.313715 
vt 0.788692 0.270524 
vt 0.989231 0.319644 
vt 0.927097 0.312851 
vt 0.989231 0.312851 
vt 0.927097 0.319644 
vt 0.989231 0.356713 
vt 0.927097 0.319644 
vt 0.989231 0.319644 
vt 0.927097 0.356713 
vt 0.989231 0.38256 
vt 0.927097 0.356713 
vt 0.989231 0.356713 
vt 0.927097 0.38256 
vt 0.989231 0.270524 
vt 0.927097 0.312851 
vt 0.927097 0.270524 
vt 0.989231 0.312851 
vt 0.820407 0.441752 
vt 0.823024 0.392934 
vt 0.823024 0.444834 
vt 0.820407 0.39602 
vt 0.820407 0.43998 
vt 0.820407 0.397573 
vt 0.820407 0.43531 
vt 0.820407 0.402286 
vt 0.820407 0.419569 
vt 0.820407 0.410043 
vt 0.820407 0.427909 
vt 0.85437 0.356713 
vt 0.923478 0.38256 
vt 0.85437 0.38256 
vt 0.92348 0.356713 
vt 0.85437 0.319644 
vt 0.92348 0.356713 
vt 0.85437 0.356713 
vt 0.923479 0.319644 
vt 0.770662 0.495618 
vt 0.748851 0.493401 
vt 0.769302 0.493401 
vt 0.72702 0.495618 
vt 0.740557 0.468911 
vt 0.748851 0.493401 
vt 0.733597 0.475417 
vt 0.729489 0.483842 
vt 0.728327 0.493401 
vt 0.749092 0.468911 
vt 0.757192 0.468911 
vt 0.763546 0.475024 
vt 0.767795 0.483422 
vt 0.769302 0.493401 
vt 0.72702 0.495618 
vt 0.728327 0.493401 
vt 0.748851 0.493401 
vt 0.784492 0.319644 
vt 0.714567 0.356713 
vt 0.714567 0.319644 
vt 0.784492 0.356713 
vt 0.784492 0.319644 
vt 0.714567 0.312851 
vt 0.784492 0.31285 
vt 0.714567 0.319644 
vt 0.714567 0.356713 
vt 0.784492 0.356713 
vt 0.784492 0.38256 
vt 0.714567 0.38256 
vt 0.784492 0.270524 
vt 0.714567 0.312851 
vt 0.714567 0.270524 
vt 0.784492 0.31285 
vt 0.733321 0.406583 
vt 0.748082 0.386886 
vt 0.740143 0.412486 
vt 0.748144 0.412486 
vt 0.728964 0.398257 
vt 0.727629 0.386886 
vt 0.756476 0.412486 
vt 0.762967 0.405622 
vt 0.767024 0.397141 
vt 0.768299 0.386886 
vt 0.85437 0.31285 
vt 0.923475 0.270524 
vt 0.923475 0.31285 
vt 0.85437 0.270524 
vt 0.923475 0.31285 
vt 0.85437 0.319644 
vt 0.85437 0.31285 
vt 0.923479 0.319644 

usemtl Rig1Mtl

f 2090/2090/2090 2091/2091/2091 2092/2092/2092 
f 2092/2092/2092 2091/2091/2091 2093/2093/2093 
f 2094/2094/2094 2090/2090/2090 2092/2092/2092 
f 2091/2091/2091 2095/2095/2095 2093/2093/2093 
f 2090/2090/2090 2094/2094/2094 2096/2096/2096 
f 2095/2095/2095 2091/2091/2091 2097/2097/2097 
f 2098/2098/2098 2095/2095/2095 2097/2097/2097 
f 2097/2097/2097 2099/2099/2099 2098/2098/2098 
f 2094/2094/2094 2100/2100/2100 2096/2096/2096 
f 2100/2100/2100 2094/2094/2094 2101/2101/2101 
f 2101/2101/2101 2102/2102/2102 2100/2100/2100 
f 2102/2102/2102 2101/2101/2101 2103/2103/2103 
f 2103/2103/2103 2104/2104/2104 2102/2102/2102 
f 2102/2102/2102 2104/2104/2104 2105/2105/2105 
f 2106/2106/2106 2105/2105/2105 2104/2104/2104 
f 2105/2105/2105 2106/2106/2106 2107/2107/2107 
f 2108/2108/2108 2109/2109/2109 2110/2110/2110 
f 2109/2109/2109 2108/2108/2108 2111/2111/2111 
f 2110/2110/2110 2112/2112/2112 2108/2108/2108 
f 2112/2112/2112 2110/2110/2110 2113/2113/2113 
f 2114/2114/2114 2112/2112/2112 2113/2113/2113 
f 2112/2112/2112 2114/2114/2114 2115/2115/2115 
f 2116/2116/2116 2115/2115/2115 2114/2114/2114 
f 2117/2117/2117 2115/2115/2115 2116/2116/2116 
f 2118/2118/2118 2117/2117/2117 2116/2116/2116 
f 2117/2117/2117 2118/2118/2118 2119/2119/2119 
f 2118/2118/2118 2120/2120/2120 2119/2119/2119 
f 2120/2120/2120 2118/2118/2118 2121/2121/2121 
f 2122/2122/2122 2120/2120/2120 2121/2121/2121 
f 2121/2121/2121 2123/2123/2123 2122/2122/2122 
f 2123/2123/2123 2124/2124/2124 2122/2122/2122 
f 2124/2124/2124 2123/2123/2123 2125/2125/2125 
f 2126/2126/2126 2124/2124/2124 2125/2125/2125 
f 2124/2124/2124 2126/2126/2126 2127/2127/2127 
f 2128/2128/2128 2127/2127/2127 2126/2126/2126 
f 2129/2129/2129 2127/2127/2127 2128/2128/2128 
f 2130/2130/2130 2131/2131/2131 2132/2132/2132 
f 2130/2130/2130 2133/2133/2133 2131/2131/2131 
f 2132/2132/2132 2134/2134/2134 2130/2130/2130 
f 2135/2135/2135 2131/2131/2131 2133/2133/2133 
f 2134/2134/2134 2132/2132/2132 2136/2136/2136 
f 2137/2137/2137 2131/2131/2131 2135/2135/2135 
f 2138/2138/2138 2137/2137/2137 2135/2135/2135 
f 2139/2139/2139 2137/2137/2137 2138/2138/2138 
f 2140/2140/2140 2134/2134/2134 2136/2136/2136 
f 2141/2141/2141 2134/2134/2134 2140/2140/2140 
f 2142/2142/2142 2141/2141/2141 2140/2140/2140 
f 2143/2143/2143 2141/2141/2141 2142/2142/2142 
f 2142/2142/2142 2144/2144/2144 2143/2143/2143 
f 2144/2144/2144 2142/2142/2142 2145/2145/2145 
f 2145/2145/2145 2146/2146/2146 2144/2144/2144 
f 2146/2146/2146 2145/2145/2145 2147/2147/2147 
f 2148/2148/2148 2149/2149/2149 2150/2150/2150 
f 2148/2148/2148 2151/2151/2151 2149/2149/2149 
f 2148/2148/2148 2150/2150/2150 2152/2152/2152 
f 2151/2151/2151 2148/2148/2148 2153/2153/2153 
f 2150/2150/2150 2154/2154/2154 2152/2152/2152 
f 2151/2151/2151 2153/2153/2153 2155/2155/2155 
f 2154/2154/2154 2150/2150/2150 2156/2156/2156 
f 2157/2157/2157 2154/2154/2154 2156/2156/2156 
f 2154/2154/2154 2157/2157/2157 2158/2158/2158 
f 2159/2159/2159 2155/2155/2155 2153/2153/2153 
f 2155/2155/2155 2159/2159/2159 2160/2160/2160 
f 2161/2161/2161 2160/2160/2160 2159/2159/2159 
f 2160/2160/2160 2161/2161/2161 2162/2162/2162 
f 2160/2160/2160 2162/2162/2162 2163/2163/2163 
f 2162/2162/2162 2164/2164/2164 2163/2163/2163 
f 2164/2164/2164 2162/2162/2162 2165/2165/2165 
f 2166/2166/2166 2167/2167/2167 2168/2168/2168 
f 2167/2167/2167 2166/2166/2166 2169/2169/2169 
f 2170/2170/2170 2167/2167/2167 2169/2169/2169 
f 2167/2167/2167 2170/2170/2170 2171/2171/2171 
f 2171/2171/2171 2170/2170/2170 2172/2172/2172 
f 2171/2171/2171 2172/2172/2172 2173/2173/2173 
f 2173/2173/2173 2172/2172/2172 2174/2174/2174 
f 2173/2173/2173 2174/2174/2174 2175/2175/2175 
f 2175/2175/2175 2174/2174/2174 2176/2176/2176 
f 2175/2175/2175 2176/2176/2176 2177/2177/2177 
f 2176/2176/2176 2178/2178/2178 2177/2177/2177 
f 2178/2178/2178 2176/2176/2176 2179/2179/2179 
f 2179/2179/2179 2180/2180/2180 2178/2178/2178 
f 2180/2180/2180 2179/2179/2179 2181/2181/2181 
f 2181/2181/2181 2182/2182/2182 2180/2180/2180 
f 2182/2182/2182 2181/2181/2181 2183/2183/2183 
f 2182/2182/2182 2183/2183/2183 2184/2184/2184 
f 2185/2185/2185 2184/2184/2184 2183/2183/2183 
f 2184/2184/2184 2185/2185/2185 2186/2186/2186 
f 2184/2184/2184 2186/2186/2186 2187/2187/2187 
f 2188/2188/2188 2189/2189/2189 2190/2190/2190 
f 2190/2190/2190 2189/2189/2189 2191/2191/2191 
f 2192/2192/2192 2193/2193/2193 2194/2194/2194 
f 2193/2193/2193 2192/2192/2192 2195/2195/2195 
f 2196/2196/2196 2197/2197/2197 2198/2198/2198 
f 2197/2197/2197 2196/2196/2196 2199/2199/2199 
f 2199/2199/2199 2200/2200/2200 2197/2197/2197 
f 2200/2200/2200 2199/2199/2199 2201/2201/2201 
f 2202/2202/2202 2200/2200/2200 2201/2201/2201 
f 2200/2200/2200 2202/2202/2202 2203/2203/2203 
f 2202/2202/2202 2204/2204/2204 2203/2203/2203 
f 2205/2205/2205 2203/2203/2203 2204/2204/2204 
f 2206/2206/2206 2205/2205/2205 2204/2204/2204 
f 2205/2205/2205 2206/2206/2206 2207/2207/2207 
f 2206/2206/2206 2208/2208/2208 2207/2207/2207 
f 2208/2208/2208 2206/2206/2206 2209/2209/2209 
f 2209/2209/2209 2210/2210/2210 2208/2208/2208 
f 2209/2209/2209 2211/2211/2211 2210/2210/2210 
f 2211/2211/2211 2212/2212/2212 2210/2210/2210 
f 2212/2212/2212 2211/2211/2211 2213/2213/2213 
f 2214/2214/2214 2212/2212/2212 2213/2213/2213 
f 2212/2212/2212 2214/2214/2214 2215/2215/2215 
f 2215/2215/2215 2214/2214/2214 2216/2216/2216 
f 2216/2216/2216 2217/2217/2217 2215/2215/2215 
f 2218/2218/2218 2219/2219/2219 2220/2220/2220 
f 2219/2219/2219 2218/2218/2218 2221/2221/2221 
f 2222/2222/2222 2223/2223/2223 2224/2224/2224 
f 2223/2223/2223 2222/2222/2222 2225/2225/2225 
f 2226/2226/2226 2227/2227/2227 2228/2228/2228 
f 2229/2229/2229 2228/2228/2228 2227/2227/2227 
f 2230/2230/2230 2231/2231/2231 2232/2232/2232 
f 2231/2231/2231 2230/2230/2230 2233/2233/2233 
f 2234/2234/2234 2235/2235/2235 2236/2236/2236 
f 2237/2237/2237 2235/2235/2235 2234/2234/2234 
f 2238/2238/2238 2239/2239/2239 2240/2240/2240 
f 2241/2241/2241 2242/2242/2242 2243/2243/2243 
f 2242/2242/2242 2241/2241/2241 2244/2244/2244 
f 2245/2245/2245 2246/2246/2246 2247/2247/2247 
f 2246/2246/2246 2245/2245/2245 2248/2248/2248 
f 2249/2249/2249 2250/2250/2250 2251/2251/2251 
f 2251/2251/2251 2250/2250/2250 2252/2252/2252 
f 2253/2253/2253 2254/2254/2254 2255/2255/2255 
f 2255/2255/2255 2254/2254/2254 2256/2256/2256 
f 2257/2257/2257 2258/2258/2258 2259/2259/2259 
f 2257/2257/2257 2259/2259/2259 2260/2260/2260 
f 2261/2261/2261 2262/2262/2262 2263/2263/2263 
f 2263/2263/2263 2262/2262/2262 2264/2264/2264 
f 2265/2265/2265 2266/2266/2266 2267/2267/2267 
f 2267/2267/2267 2268/2268/2268 2265/2265/2265 
f 2269/2269/2269 2270/2270/2270 2271/2271/2271 
f 2270/2270/2270 2269/2269/2269 2272/2272/2272 
f 2273/2273/2273 2274/2274/2274 2275/2275/2275 
f 2274/2274/2274 2273/2273/2273 2276/2276/2276 
f 2277/2277/2277 2278/2278/2278 2279/2279/2279 
f 2278/2278/2278 2277/2277/2277 2280/2280/2280 
f 2281/2281/2281 2282/2282/2282 2283/2283/2283 
f 2282/2282/2282 2281/2281/2281 2284/2284/2284 
f 2285/2285/2285 2286/2286/2286 2287/2287/2287 
f 2286/2286/2286 2285/2285/2285 2288/2288/2288 
f 2289/2289/2289 2290/2290/2290 2291/2291/2291 
f 2290/2290/2290 2289/2289/2289 2292/2292/2292 
f 2293/2293/2293 2294/2294/2294 2295/2295/2295 
f 2295/2295/2295 2294/2294/2294 2296/2296/2296 
f 2297/2297/2297 2298/2298/2298 2299/2299/2299 
f 2298/2298/2298 2297/2297/2297 2300/2300/2300 
f 2301/2301/2301 2302/2302/2302 2303/2303/2303 
f 2301/2301/2301 2303/2303/2303 2304/2304/2304 
f 2305/2305/2305 2306/2306/2306 2307/2307/2307 
f 2306/2306/2306 2305/2305/2305 2308/2308/2308 
f 2305/2305/2305 2307/2307/2307 2309/2309/2309 
f 2309/2309/2309 2307/2307/2307 2310/2310/2310 
f 2309/2309/2309 2310/2310/2310 2311/2311/2311 
f 2311/2311/2311 2310/2310/2310 2312/2312/2312 
f 2312/2312/2312 2313/2313/2313 2311/2311/2311 
f 2311/2311/2311 2313/2313/2313 2314/2314/2314 
f 2313/2313/2313 2312/2312/2312 2315/2315/2315 
f 2316/2316/2316 2317/2317/2317 2318/2318/2318 
f 2317/2317/2317 2316/2316/2316 2319/2319/2319 
f 2319/2319/2319 2316/2316/2316 2320/2320/2320 
f 2320/2320/2320 2316/2316/2316 2321/2321/2321 
f 2322/2322/2322 2323/2323/2323 2324/2324/2324 
f 2322/2322/2322 2324/2324/2324 2325/2325/2325 
f 2326/2326/2326 2327/2327/2327 2328/2328/2328 
f 2327/2327/2327 2326/2326/2326 2329/2329/2329 
f 2330/2330/2330 2331/2331/2331 2332/2332/2332 
f 2331/2331/2331 2330/2330/2330 2333/2333/2333 
f 2334/2334/2334 2335/2335/2335 2336/2336/2336 
f 2335/2335/2335 2334/2334/2334 2337/2337/2337 
f 2338/2338/2338 2339/2339/2339 2340/2340/2340 
f 2339/2339/2339 2338/2338/2338 2341/2341/2341 
f 2342/2342/2342 2343/2343/2343 2344/2344/2344 
f 2343/2343/2343 2342/2342/2342 2345/2345/2345 
f 2346/2346/2346 2347/2347/2347 2348/2348/2348 
f 2347/2347/2347 2346/2346/2346 2349/2349/2349 
f 2350/2350/2350 2349/2349/2349 2346/2346/2346 
f 2349/2349/2349 2350/2350/2350 2351/2351/2351 
f 2351/2351/2351 2350/2350/2350 2352/2352/2352 
f 2351/2351/2351 2352/2352/2352 2353/2353/2353 
f 2354/2354/2354 2353/2353/2353 2352/2352/2352 
f 2353/2353/2353 2354/2354/2354 2355/2355/2355 
f 2354/2354/2354 2352/2352/2352 2356/2356/2356 
f 2357/2357/2357 2358/2358/2358 2359/2359/2359 
f 2358/2358/2358 2357/2357/2357 2360/2360/2360 
f 2361/2361/2361 2362/2362/2362 2363/2363/2363 
f 2362/2362/2362 2361/2361/2361 2364/2364/2364 
f 2365/2365/2365 2366/2366/2366 2367/2367/2367 
f 2365/2365/2365 2368/2368/2368 2366/2366/2366 
f 2369/2369/2369 2370/2370/2370 2371/2371/2371 
f 2371/2371/2371 2370/2370/2370 2372/2372/2372 
f 2372/2372/2372 2370/2370/2370 2373/2373/2373 
f 2374/2374/2374 2370/2370/2370 2369/2369/2369 
f 2375/2375/2375 2370/2370/2370 2374/2374/2374 
f 2376/2376/2376 2370/2370/2370 2375/2375/2375 
f 2377/2377/2377 2370/2370/2370 2376/2376/2376 
f 2378/2378/2378 2370/2370/2370 2377/2377/2377 
f 2379/2379/2379 2380/2380/2380 2381/2381/2381 
f 2382/2382/2382 2383/2383/2383 2384/2384/2384 
f 2383/2383/2383 2382/2382/2382 2385/2385/2385 
f 2386/2386/2386 2387/2387/2387 2388/2388/2388 
f 2387/2387/2387 2386/2386/2386 2389/2389/2389 
f 2390/2390/2390 2391/2391/2391 2392/2392/2392 
f 2392/2392/2392 2393/2393/2393 2390/2390/2390 
f 2394/2394/2394 2395/2395/2395 2396/2396/2396 
f 2395/2395/2395 2394/2394/2394 2397/2397/2397 
f 2398/2398/2398 2399/2399/2399 2400/2400/2400 
f 2400/2400/2400 2399/2399/2399 2401/2401/2401 
f 2402/2402/2402 2399/2399/2399 2398/2398/2398 
f 2403/2403/2403 2399/2399/2399 2402/2402/2402 
f 2401/2401/2401 2399/2399/2399 2404/2404/2404 
f 2404/2404/2404 2399/2399/2399 2405/2405/2405 
f 2405/2405/2405 2399/2399/2399 2406/2406/2406 
f 2406/2406/2406 2399/2399/2399 2407/2407/2407 
f 2408/2408/2408 2409/2409/2409 2410/2410/2410 
f 2409/2409/2409 2408/2408/2408 2411/2411/2411 
f 2412/2412/2412 2413/2413/2413 2414/2414/2414 
f 2413/2413/2413 2412/2412/2412 2415/2415/2415 

g Rig4

v -4.54173 3.0365 -2.98411 
v -4.50859 3.00298 -2.98414 
v -4.50853 3.0365 -2.95697 
v -3.85397 3.0365 -2.95697 
v -3.85395 3.00298 -2.98421 
v -3.82034 3.0365 -2.98411 
v -3.85396 3.4748 -2.95697 
v -3.85397 3.0365 -2.95697 
v -3.82034 3.0365 -2.98411 
v -3.82034 3.4748 -2.98411 
v -4.54173 3.0365 -2.98411 
v -4.50855 3.4748 -2.95697 
v -4.54173 3.4748 -2.98414 
v -4.50853 3.0365 -2.95697 
v -4.50853 3.0365 -2.95697 
v -3.85396 3.4748 -2.95697 
v -4.50855 3.4748 -2.95697 
v -3.85397 3.0365 -2.95697 
v -3.85395 3.00298 -2.98421 
v -4.50853 3.0365 -2.95697 
v -4.50859 3.00298 -2.98414 
v -3.85397 3.0365 -2.95697 
v -3.85396 3.4748 -2.95697 
v -4.45455 3.61488 -3.03987 
v -4.50855 3.4748 -2.95697 
v -3.90792 3.61488 -3.03987 
v -4.41526 3.72037 -3.11452 
v -3.94717 3.72037 -3.11452 
v -4.38812 3.79937 -3.23778 
v -3.97428 3.79937 -3.23778 
v -4.38122 3.82304 -3.37533 
v -3.98117 3.82304 -3.37533 
v -3.97428 3.80061 -3.53031 
v -4.38812 3.80061 -3.53031 
v -3.94717 3.72121 -3.65913 
v -4.41527 3.72121 -3.65913 
v -3.90792 3.61525 -3.73479 
v -4.50853 3.00298 -3.81057 
v -4.50859 3.00298 -2.98414 
v -4.54173 3.0366 -3.78256 
v -4.54173 3.0365 -2.98411 
v -3.82034 3.0365 -3.78257 
v -3.85395 3.00298 -2.98421 
v -3.85397 3.00298 -3.81056 
v -3.82034 3.0365 -2.98411 
v -3.82034 3.4748 -2.98411 
v -3.86945 3.60581 -3.06169 
v -3.90792 3.61488 -3.03987 
v -3.90502 3.7028 -3.13353 
v -3.94717 3.72037 -3.11452 
v -3.97428 3.79937 -3.23778 
v -3.93147 3.77829 -3.24739 
v -3.98117 3.82304 -3.37533 
v -3.93979 3.79847 -3.3757 
v -3.93147 3.77947 -3.52225 
v -3.97428 3.80061 -3.53031 
v -3.90502 3.70402 -3.64159 
v -3.94717 3.72121 -3.65913 
v -3.90792 3.61525 -3.73479 
v -3.86945 3.60642 -3.71409 
v -3.85396 3.47407 -3.81057 
v -3.82034 3.47475 -3.78257 
v -3.86945 3.60581 -3.06169 
v -3.86945 3.60642 -3.71409 
v -3.90502 3.7028 -3.13353 
v -3.90502 3.70402 -3.64159 
v -3.93979 3.79847 -3.3757 
v -3.93147 3.77829 -3.24739 
v -3.93147 3.77947 -3.52225 
v -4.47744 3.00298 -3.97755 
v -4.54171 3.0365 -3.90446 
v -4.50853 3.0365 -3.99337 
v -4.50747 3.00298 -3.89243 
v -4.50747 3.00298 -3.81056 
v -4.54173 3.0365 -3.78257 
v -4.43089 3.00298 -4.05696 
v -4.4571 3.0365 -4.07785 
v -4.39951 3.0365 -4.1316 
v -4.37877 3.00298 -4.10799 
v -4.33046 3.0365 -4.16824 
v -4.31627 3.00298 -4.14192 
v -4.25509 3.0365 -4.19044 
v -4.24806 3.00298 -4.16304 
v -4.18107 3.0365 -4.19998 
v -4.18107 3.00298 -4.17175 
v -4.11409 3.00298 -4.16304 
v -4.10706 3.0365 -4.19044 
v -4.04587 3.00298 -4.14192 
v -4.03169 3.0365 -4.16824 
v -3.98338 3.00298 -4.10799 
v -3.96264 3.0365 -4.1316 
v -3.93126 3.00298 -4.05696 
v -3.90505 3.0365 -4.07785 
v -3.85361 3.0365 -3.99337 
v -3.88471 3.00298 -3.97755 
v -3.82043 3.0365 -3.90446 
v -3.85468 3.00298 -3.89243 
v -3.85468 3.00298 -3.81056 
v -3.82042 3.0365 -3.78257 
v -3.82034 3.47475 -3.78257 
v -3.82034 3.0365 -2.98411 
v -3.82034 3.0365 -3.78257 
v -3.82034 3.4748 -2.98411 
v -4.54173 3.0366 -3.78256 
v -4.54173 3.4748 -2.98414 
v -4.54172 3.47475 -3.78255 
v -4.54173 3.0365 -2.98411 
v -4.54171 3.08156 -3.89357 
v -4.54171 3.0365 -3.90446 
v -4.54173 3.0365 -3.78257 
v -4.54171 3.11558 -3.86991 
v -4.54171 3.14347 -3.82879 
v -4.54173 3.14911 -3.78257 
v -3.82043 3.08156 -3.89357 
v -3.82042 3.0365 -3.78257 
v -3.82043 3.0365 -3.90446 
v -3.82043 3.11558 -3.86991 
v -3.82043 3.14347 -3.82879 
v -3.82042 3.14911 -3.78257 
v -3.85397 3.00298 -3.81056 
v -3.85395 3.00298 -2.98421 
v -4.50853 3.00298 -3.81057 
v -4.50859 3.00298 -2.98414 
v -4.50747 3.00298 -3.89243 
v -4.47744 3.00298 -3.97755 
v -4.18107 3.00298 -3.81056 
v -4.50747 3.00298 -3.81056 
v -4.43089 3.00298 -4.05696 
v -4.37877 3.00298 -4.10799 
v -4.31627 3.00298 -4.14192 
v -4.24806 3.00298 -4.16304 
v -4.18107 3.00298 -4.17175 
v -4.11409 3.00298 -4.16304 
v -4.04587 3.00298 -4.14192 
v -3.98338 3.00298 -4.10799 
v -3.93126 3.00298 -4.05696 
v -3.88471 3.00298 -3.97755 
v -3.85468 3.00298 -3.89243 
v -3.85468 3.00298 -3.81056 
v -4.50854 3.47407 -3.81057 
v -4.54173 3.0366 -3.78256 
v -4.54172 3.47475 -3.78255 
v -4.50853 3.00298 -3.81057 
v -3.85396 3.47407 -3.81057 
v -3.82034 3.0365 -3.78257 
v -3.85397 3.00298 -3.81056 
v -3.82034 3.47475 -3.78257 
v -4.45457 3.61525 -3.73479 
v -4.50854 3.47407 -3.81057 
v -4.45457 3.61525 -3.73479 
v -4.49265 3.60642 -3.71405 
v -4.54172 3.47475 -3.78255 
v -4.45707 3.70402 -3.64156 
v -4.41527 3.72121 -3.65913 
v -4.38812 3.80061 -3.53031 
v -4.43063 3.77947 -3.52224 
v -4.38122 3.82304 -3.37533 
v -4.42231 3.79847 -3.3757 
v -4.43063 3.77829 -3.24739 
v -4.38812 3.79937 -3.23778 
v -4.45707 3.7028 -3.13353 
v -4.41526 3.72037 -3.11452 
v -4.49265 3.60581 -3.06169 
v -4.45455 3.61488 -3.03987 
v -4.54173 3.4748 -2.98414 
v -4.49265 3.60581 -3.06169 
v -4.49265 3.60642 -3.71405 
v -4.45707 3.7028 -3.13353 
v -4.45707 3.70402 -3.64156 
v -4.42231 3.79847 -3.3757 
v -4.43063 3.77947 -3.52224 
v -4.43063 3.77829 -3.24739 
v -4.50853 3.117 -3.97736 
v -4.50853 3.0365 -3.99337 
v -4.54171 3.0365 -3.90446 
v -4.54171 3.08156 -3.89357 
v -4.4571 3.0365 -4.07785 
v -4.54171 3.11558 -3.86991 
v -4.4571 3.14933 -4.05541 
v -4.39951 3.0365 -4.1316 
v -4.50853 3.18525 -3.93176 
v -4.54171 3.14347 -3.82879 
v -4.4571 3.24498 -3.99149 
v -4.39951 3.16897 -4.10432 
v -4.33046 3.0365 -4.16824 
v -4.39951 3.28187 -4.02955 
v -4.33046 3.18392 -4.13891 
v -4.25509 3.0365 -4.19044 
v -4.50853 3.23085 -3.86351 
v -4.50853 3.24686 -3.78258 
v -4.54173 3.14911 -3.78257 
v -4.4571 3.33134 -3.78258 
v -4.4571 3.3089 -3.89584 
v -4.39951 3.38339 -3.78258 
v -4.39951 3.35782 -3.91665 
v -4.33046 3.42173 -3.78258 
v -4.33046 3.3924 -3.93043 
v -4.25509 3.44371 -3.78258 
v -4.33046 3.3089 -4.05541 
v -4.25509 3.41486 -3.93959 
v -4.18107 3.45347 -3.78258 
v -4.25509 3.1929 -4.15971 
v -4.18107 3.0365 -4.19998 
v -4.25509 3.32417 -4.07236 
v -4.18107 3.19607 -4.16824 
v -4.10706 3.1929 -4.15971 
v -4.10706 3.0365 -4.19044 
v -4.18107 3.33134 -4.07785 
v -4.18107 3.42173 -3.94258 
v -4.10706 3.32417 -4.07236 
v -4.10706 3.41486 -3.93959 
v -4.10706 3.44371 -3.78258 
v -4.03169 3.3089 -4.05541 
v -4.03169 3.18392 -4.13891 
v -4.03169 3.0365 -4.16824 
v -4.03169 3.3924 -3.93043 
v -4.03169 3.42173 -3.78258 
v -3.96264 3.28187 -4.02955 
v -3.96264 3.16897 -4.10432 
v -3.96264 3.0365 -4.1316 
v -3.96264 3.35782 -3.91665 
v -3.96264 3.38339 -3.78258 
v -3.90505 3.14933 -4.05541 
v -3.90505 3.0365 -4.07785 
v -3.90505 3.24498 -3.99149 
v -3.90505 3.3089 -3.89584 
v -3.90505 3.33134 -3.78258 
v -3.85361 3.117 -3.97736 
v -3.85361 3.0365 -3.99337 
v -3.82043 3.0365 -3.90446 
v -3.82043 3.08156 -3.89357 
v -3.82043 3.11558 -3.86991 
v -3.85361 3.23085 -3.86351 
v -3.85361 3.24686 -3.78258 
v -3.85361 3.18525 -3.93176 
v -3.82043 3.14347 -3.82879 
v -3.82042 3.14911 -3.78257 
v -3.85396 3.47407 -3.81057 
v -4.50853 3.00298 -3.81057 
v -4.50854 3.47407 -3.81057 
v -3.85397 3.00298 -3.81056 

vn -0.535433 -0.527559 0.653543 
vn -0.535433 -0.527559 0.653543 
vn -0.535433 -0.527559 0.653543 
vn 0.527559 -0.535433 0.661417 
vn 0.527559 -0.535433 0.661417 
vn 0.527559 -0.535433 0.661417 
vn 0.629921 0 0.779528 
vn 0.629921 0 0.779528 
vn 0.629921 0 0.779528 
vn 0.629921 0 0.779528 
vn -0.629921 0 0.771654 
vn -0.629921 0 0.771654 
vn -0.629921 0 0.771654 
vn -0.629921 0 0.771654 
vn 0 0 1 
vn 0 0 1 
vn 0 0 1 
vn 0 0 1 
vn 0 -0.629921 0.779528 
vn 0 -0.629921 0.779528 
vn 0 -0.629921 0.779528 
vn 0 -0.629921 0.779528 
vn 0.173228 0.905512 0.393701 
vn 0 0.433071 0.905512 
vn -0.181102 0.905512 0.393701 
vn 0 0.433071 0.905512 
vn 0 0.724409 0.692913 
vn 0 0.724409 0.692913 
vn 0 0.929134 0.362205 
vn 0 0.929134 0.362205 
vn 0 1 0.015748 
vn 0 1 0.015748 
vn 0 0.937008 -0.338583 
vn 0 0.937008 -0.338583 
vn 0 0.732283 -0.685039 
vn 0 0.732283 -0.685039 
vn 0 0.417323 -0.905512 
vn -0.708661 -0.700787 0 
vn -0.708661 -0.700787 0 
vn -0.708661 -0.700787 0 
vn -0.708661 -0.700787 0 
vn 0.708661 -0.708661 0 
vn 0.708661 -0.708661 0 
vn 0.708661 -0.708661 0 
vn 0.708661 -0.708661 0 
vn 0.370079 0.905512 0.19685 
vn 0.653543 0.330709 0.685039 
vn 0.653543 0.322835 0.685039 
vn 0.653543 0.551181 0.519685 
vn 0.653543 0.543307 0.527559 
vn 0.645669 0.708661 0.275591 
vn 0.645669 0.716535 0.275591 
vn 0.637795 0.771654 0.00787402 
vn 0.637795 0.771654 0.00787402 
vn 0.637795 0.724409 -0.259843 
vn 0.637795 0.724409 -0.259843 
vn 0.637795 0.566929 -0.527559 
vn 0.637795 0.566929 -0.527559 
vn 0.629921 0.322835 -0.700787 
vn 0.629921 0.330709 -0.700787 
vn 0.181102 0.889764 -0.417323 
vn 0.377953 0.905512 -0.204724 
vn 1 0 0 
vn 1 0 0 
vn 1 0 0 
vn 1 0 0 
vn 1 0 0 
vn 1 0 0 
vn 1 0 0 
vn -0.622047 -0.724409 -0.299213 
vn -0.677165 -0.724409 -0.125984 
vn -0.622047 -0.724409 -0.299213 
vn -0.677165 -0.724409 -0.110236 
vn -0.700787 -0.716535 0 
vn -0.700787 -0.716535 0 
vn -0.551181 -0.708661 -0.440945 
vn -0.551181 -0.708661 -0.440945 
vn -0.433071 -0.685039 -0.590551 
vn -0.425197 -0.685039 -0.590551 
vn -0.291339 -0.661417 -0.692913 
vn -0.283465 -0.661417 -0.692913 
vn -0.15748 -0.645669 -0.748031 
vn -0.15748 -0.645669 -0.748031 
vn 0 -0.645669 -0.76378 
vn 0 -0.645669 -0.76378 
vn 0.15748 -0.645669 -0.748031 
vn 0.15748 -0.645669 -0.748031 
vn 0.283465 -0.661417 -0.692913 
vn 0.291339 -0.661417 -0.692913 
vn 0.425197 -0.685039 -0.590551 
vn 0.433071 -0.685039 -0.590551 
vn 0.551181 -0.708661 -0.440945 
vn 0.551181 -0.708661 -0.440945 
vn 0.622047 -0.724409 -0.299213 
vn 0.622047 -0.724409 -0.299213 
vn 0.677165 -0.724409 -0.125984 
vn 0.677165 -0.724409 -0.110236 
vn 0.700787 -0.716535 0 
vn 0.700787 -0.716535 0 
vn 1 0 0 
vn 1 0 0 
vn 1 0 0 
vn 1 0 0 
vn -1 0 0 
vn -1 0 0 
vn -1 0 0 
vn -1 0 0 
vn -0.984252 0.0787402 -0.181102 
vn -0.976378 0.0472441 -0.204724 
vn -1 0 0 
vn -0.984252 0.133858 -0.133858 
vn -0.984252 0.181102 -0.0708661 
vn -0.984252 0.181102 -0.0314961 
vn 0.984252 0.0787402 -0.181102 
vn 1 0 0 
vn 0.976378 0.0472441 -0.204724 
vn 0.984252 0.133858 -0.133858 
vn 0.984252 0.181102 -0.0708661 
vn 0.984252 0.181102 -0.0314961 
vn 0 -1 0 
vn 0 -1 0 
vn 0 -1 0 
vn 0 -1 0 
vn 0 -1 0 
vn 0 -1 0 
vn 0 -1 0 
vn 0 -1 0 
vn 0 -1 0 
vn 0 -1 0 
vn 0 -1 0 
vn 0 -1 0 
vn 0 -1 0 
vn 0 -1 0 
vn 0 -1 0 
vn 0 -1 0 
vn 0 -1 0 
vn 0 -1 0 
vn 0 -1 0 
vn 0 -1 0 
vn -0.645669 0 -0.76378 
vn -0.645669 0 -0.76378 
vn -0.645669 0 -0.76378 
vn -0.645669 0 -0.76378 
vn 0.637795 0 -0.771654 
vn 0.637795 0 -0.771654 
vn 0.637795 0 -0.771654 
vn 0.637795 0 -0.771654 
vn 0 0.417323 -0.905512 
vn -0.181102 0.889764 -0.417323 
vn -0.637795 0.322835 -0.700787 
vn -0.637795 0.322835 -0.692913 
vn -0.377953 0.905512 -0.204724 
vn -0.637795 0.566929 -0.519685 
vn -0.637795 0.559055 -0.527559 
vn -0.645669 0.716535 -0.259843 
vn -0.645669 0.724409 -0.259843 
vn -0.637795 0.771654 0.00787402 
vn -0.637795 0.771654 0.00787402 
vn -0.653543 0.708661 0.267717 
vn -0.653543 0.708661 0.275591 
vn -0.653543 0.551181 0.519685 
vn -0.661417 0.543307 0.519685 
vn -0.653543 0.330709 0.677165 
vn -0.653543 0.322835 0.685039 
vn -0.370079 0.905512 0.19685 
vn -1 0 0 
vn -1 0 0 
vn -1 0 0 
vn -1 0 0 
vn -1 0 0 
vn -1 0 0 
vn -1 0 0 
vn -0.897638 0.173228 -0.409449 
vn -0.889764 0.0866142 -0.440945 
vn -0.976378 0.0472441 -0.204724 
vn -0.984252 0.0787402 -0.181102 
vn -0.755906 0.125984 -0.637795 
vn -0.984252 0.133858 -0.133858 
vn -0.76378 0.244094 -0.598425 
vn -0.566929 0.165354 -0.811024 
vn -0.897638 0.314961 -0.314961 
vn -0.984252 0.181102 -0.0708661 
vn -0.76378 0.456693 -0.456693 
vn -0.574803 0.314961 -0.755906 
vn -0.370079 0.181102 -0.913386 
vn -0.574803 0.574803 -0.582677 
vn -0.377953 0.354331 -0.858268 
vn -0.19685 0.188976 -0.96063 
vn -0.897638 0.401575 -0.165354 
vn -0.897638 0.433071 -0.0787402 
vn -0.984252 0.181102 -0.0314961 
vn -0.755906 0.637795 -0.125984 
vn -0.76378 0.598425 -0.244094 
vn -0.566929 0.811024 -0.15748 
vn -0.574803 0.755906 -0.314961 
vn -0.377953 0.905512 -0.173228 
vn -0.385827 0.850394 -0.354331 
vn -0.19685 0.96063 -0.181102 
vn -0.385827 0.653543 -0.653543 
vn -0.204724 0.905512 -0.370079 
vn 0 0.984252 -0.188976 
vn -0.204724 0.370079 -0.905512 
vn 0 0.19685 -0.984252 
vn -0.204724 0.692913 -0.692913 
vn 0 0.377953 -0.92126 
vn 0.204724 0.370079 -0.905512 
vn 0.19685 0.188976 -0.96063 
vn 0 0.708661 -0.708661 
vn 0 0.92126 -0.377953 
vn 0.204724 0.692913 -0.692913 
vn 0.204724 0.905512 -0.370079 
vn 0.19685 0.96063 -0.181102 
vn 0.385827 0.653543 -0.653543 
vn 0.377953 0.354331 -0.858268 
vn 0.370079 0.181102 -0.913386 
vn 0.385827 0.850394 -0.354331 
vn 0.377953 0.905512 -0.173228 
vn 0.574803 0.574803 -0.582677 
vn 0.574803 0.314961 -0.755906 
vn 0.566929 0.165354 -0.811024 
vn 0.574803 0.755906 -0.314961 
vn 0.566929 0.811024 -0.15748 
vn 0.76378 0.244094 -0.598425 
vn 0.755906 0.125984 -0.637795 
vn 0.76378 0.456693 -0.456693 
vn 0.76378 0.598425 -0.244094 
vn 0.755906 0.637795 -0.125984 
vn 0.897638 0.173228 -0.409449 
vn 0.889764 0.0866142 -0.440945 
vn 0.976378 0.0472441 -0.204724 
vn 0.984252 0.0787402 -0.181102 
vn 0.984252 0.133858 -0.133858 
vn 0.897638 0.401575 -0.165354 
vn 0.897638 0.433071 -0.0787402 
vn 0.897638 0.314961 -0.314961 
vn 0.984252 0.181102 -0.0708661 
vn 0.984252 0.181102 -0.0314961 
vn 0 0 -1 
vn 0 0 -1 
vn 0 0 -1 
vn 0 0 -1 

vt 0.709149 0.0077799 
vt 0.705098 0.0077799 
vt 0.709149 0.00398934 
vt 0.64048 0.00398934 
vt 0.644432 0.0077799 
vt 0.64048 0.0077799 
vt 0.491863 0.0804041 
vt 0.491863 0.0531733 
vt 0.495371 0.0531733 
vt 0.495371 0.0804041 
vt 0.426072 0.0531733 
vt 0.430009 0.0804041 
vt 0.426072 0.0804041 
vt 0.430009 0.0531733 
vt 0.430009 0.0531733 
vt 0.491863 0.0804041 
vt 0.430009 0.0804041 
vt 0.491863 0.0531733 
vt 0.644432 0.0077799 
vt 0.709149 0.00398934 
vt 0.705098 0.0077799 
vt 0.64048 0.00398934 
vt 0.602266 0.0804086 
vt 0.631173 0.0750502 
vt 0.63354 0.0804085 
vt 0.604631 0.0750502 
vt 0.631173 0.0702246 
vt 0.604631 0.0702246 
vt 0.631173 0.0622567 
vt 0.604631 0.0622567 
vt 0.631173 0.0533652 
vt 0.604631 0.0533652 
vt 0.604631 0.0433474 
vt 0.631173 0.0433474 
vt 0.604631 0.0350202 
vt 0.631173 0.0350202 
vt 0.604631 0.0301292 
vt 0.705098 0.0790311 
vt 0.705098 0.0077799 
vt 0.709149 0.0790311 
vt 0.709149 0.0077799 
vt 0.640415 0.0790311 
vt 0.644432 0.0077799 
vt 0.644432 0.0790311 
vt 0.64048 0.0077799 
vt 0.60066 0.0786545 
vt 0.603268 0.0736397 
vt 0.604631 0.0750502 
vt 0.603268 0.068996 
vt 0.604631 0.0702246 
vt 0.604631 0.0622567 
vt 0.603268 0.0616355 
vt 0.604631 0.0533652 
vt 0.603268 0.0533413 
vt 0.603268 0.0438682 
vt 0.604631 0.0433474 
vt 0.603268 0.0361539 
vt 0.604631 0.0350202 
vt 0.604631 0.0301292 
vt 0.603268 0.0314672 
vt 0.602266 0.0252309 
vt 0.60066 0.0270406 
vt 0.603268 0.0736397 
vt 0.603268 0.0314672 
vt 0.603268 0.068996 
vt 0.603268 0.0361539 
vt 0.603268 0.0533413 
vt 0.603268 0.0616355 
vt 0.603268 0.0438682 
vt 0.704927 0.0983604 
vt 0.709149 0.0900827 
vt 0.709149 0.101512 
vt 0.704927 0.0887353 
vt 0.705042 0.0790311 
vt 0.709149 0.0790311 
vt 0.704927 0.111869 
vt 0.709149 0.115539 
vt 0.700111 0.115539 
vt 0.697083 0.111869 
vt 0.692123 0.115539 
vt 0.690056 0.111869 
vt 0.683357 0.115539 
vt 0.682388 0.111869 
vt 0.674795 0.115539 
vt 0.674931 0.111869 
vt 0.667245 0.111869 
vt 0.666232 0.115539 
vt 0.659411 0.111869 
vt 0.657371 0.115539 
vt 0.65243 0.111869 
vt 0.649438 0.115539 
vt 0.644547 0.111869 
vt 0.640415 0.115539 
vt 0.640415 0.101603 
vt 0.644547 0.0983703 
vt 0.640415 0.0901618 
vt 0.644547 0.0888278 
vt 0.644424 0.0790311 
vt 0.640415 0.0790311 
vt 0.495713 0.114997 
vt 0.426474 0.088975 
vt 0.495713 0.088975 
vt 0.426474 0.114997 
vt 0.565329 0.088975 
vt 0.634679 0.114997 
vt 0.565329 0.114997 
vt 0.634679 0.0889751 
vt 0.561322 0.0914476 
vt 0.561322 0.088975 
vt 0.565329 0.088975 
vt 0.56238 0.0937641 
vt 0.564113 0.0957381 
vt 0.565329 0.0958895 
vt 0.499437 0.0914476 
vt 0.495713 0.088975 
vt 0.499437 0.088975 
vt 0.49901 0.0937641 
vt 0.497943 0.0957381 
vt 0.495713 0.0958895 
vt 0.644432 0.0790311 
vt 0.644432 0.0077799 
vt 0.705098 0.0790311 
vt 0.705098 0.0077799 
vt 0.704927 0.0887353 
vt 0.704927 0.0983604 
vt 0.674728 0.0790311 
vt 0.705042 0.0790311 
vt 0.704927 0.111869 
vt 0.697083 0.111869 
vt 0.690056 0.111869 
vt 0.682388 0.111869 
vt 0.674931 0.111869 
vt 0.667245 0.111869 
vt 0.659411 0.111869 
vt 0.65243 0.111869 
vt 0.644547 0.111869 
vt 0.644547 0.0983703 
vt 0.644547 0.0888278 
vt 0.644424 0.0790311 
vt 0.561322 0.114997 
vt 0.565329 0.088975 
vt 0.565329 0.114997 
vt 0.561322 0.088975 
vt 0.499437 0.114997 
vt 0.495713 0.088975 
vt 0.499437 0.088975 
vt 0.495713 0.114997 
vt 0.631174 0.0301292 
vt 0.633539 0.0252308 
vt 0.631174 0.0301292 
vt 0.632518 0.0314702 
vt 0.635125 0.0270419 
vt 0.632518 0.0361559 
vt 0.631173 0.0350202 
vt 0.631173 0.0433474 
vt 0.632518 0.0438691 
vt 0.631173 0.0533652 
vt 0.632518 0.0533413 
vt 0.632518 0.0616355 
vt 0.631173 0.0622567 
vt 0.632518 0.0689959 
vt 0.631173 0.0702246 
vt 0.632518 0.0736396 
vt 0.631173 0.0750502 
vt 0.635125 0.0786523 
vt 0.632518 0.0736396 
vt 0.632518 0.0314702 
vt 0.632518 0.0689959 
vt 0.632518 0.0361559 
vt 0.632518 0.0533413 
vt 0.632518 0.0438691 
vt 0.632518 0.0616355 
vt 0.556554 0.0932356 
vt 0.556554 0.088975 
vt 0.561322 0.088975 
vt 0.561322 0.0914476 
vt 0.551149 0.088975 
vt 0.56238 0.0937641 
vt 0.551149 0.0937833 
vt 0.546262 0.088975 
vt 0.556554 0.0970428 
vt 0.564113 0.0957381 
vt 0.551149 0.0979059 
vt 0.546262 0.0942433 
vt 0.541293 0.088975 
vt 0.546262 0.0984102 
vt 0.541293 0.0945481 
vt 0.53601 0.088975 
vt 0.556554 0.101063 
vt 0.556554 0.105949 
vt 0.565329 0.0958895 
vt 0.551149 0.110841 
vt 0.551149 0.10401 
vt 0.546262 0.112843 
vt 0.546262 0.104929 
vt 0.541293 0.113878 
vt 0.541293 0.105635 
vt 0.53601 0.114555 
vt 0.541293 0.0988973 
vt 0.53601 0.105972 
vt 0.530971 0.114729 
vt 0.53601 0.0945953 
vt 0.530971 0.088975 
vt 0.53601 0.0993226 
vt 0.530971 0.0946194 
vt 0.525495 0.094602 
vt 0.525495 0.088975 
vt 0.530971 0.0993419 
vt 0.530971 0.106101 
vt 0.525495 0.0992936 
vt 0.525495 0.105915 
vt 0.525495 0.11451 
vt 0.520242 0.0988365 
vt 0.520242 0.0945673 
vt 0.520242 0.088975 
vt 0.520242 0.105505 
vt 0.520242 0.113786 
vt 0.51508 0.0983158 
vt 0.51508 0.0942732 
vt 0.51508 0.088975 
vt 0.51508 0.104741 
vt 0.51508 0.112701 
vt 0.509856 0.0938247 
vt 0.509856 0.088975 
vt 0.509856 0.0977806 
vt 0.509856 0.103728 
vt 0.509856 0.110617 
vt 0.504595 0.092978 
vt 0.504595 0.088975 
vt 0.499437 0.088975 
vt 0.499437 0.0914476 
vt 0.49901 0.0937641 
vt 0.504595 0.100583 
vt 0.504595 0.105601 
vt 0.504595 0.0968692 
vt 0.497943 0.0957381 
vt 0.495713 0.0958895 
vt 0.499437 0.114997 
vt 0.561322 0.088975 
vt 0.561322 0.114997 
vt 0.499437 0.088975 

usemtl Rig1Mtl

f 2416/2416/2416 2417/2417/2417 2418/2418/2418 
f 2419/2419/2419 2420/2420/2420 2421/2421/2421 
f 2422/2422/2422 2423/2423/2423 2424/2424/2424 
f 2424/2424/2424 2425/2425/2425 2422/2422/2422 
f 2426/2426/2426 2427/2427/2427 2428/2428/2428 
f 2427/2427/2427 2426/2426/2426 2429/2429/2429 
f 2430/2430/2430 2431/2431/2431 2432/2432/2432 
f 2431/2431/2431 2430/2430/2430 2433/2433/2433 
f 2434/2434/2434 2435/2435/2435 2436/2436/2436 
f 2435/2435/2435 2434/2434/2434 2437/2437/2437 
f 2438/2438/2438 2439/2439/2439 2440/2440/2440 
f 2439/2439/2439 2438/2438/2438 2441/2441/2441 
f 2439/2439/2439 2441/2441/2441 2442/2442/2442 
f 2443/2443/2443 2442/2442/2442 2441/2441/2441 
f 2443/2443/2443 2444/2444/2444 2442/2442/2442 
f 2444/2444/2444 2443/2443/2443 2445/2445/2445 
f 2445/2445/2445 2446/2446/2446 2444/2444/2444 
f 2446/2446/2446 2445/2445/2445 2447/2447/2447 
f 2448/2448/2448 2446/2446/2446 2447/2447/2447 
f 2446/2446/2446 2448/2448/2448 2449/2449/2449 
f 2450/2450/2450 2449/2449/2449 2448/2448/2448 
f 2449/2449/2449 2450/2450/2450 2451/2451/2451 
f 2452/2452/2452 2451/2451/2451 2450/2450/2450 
f 2453/2453/2453 2454/2454/2454 2455/2455/2455 
f 2455/2455/2455 2454/2454/2454 2456/2456/2456 
f 2457/2457/2457 2458/2458/2458 2459/2459/2459 
f 2458/2458/2458 2457/2457/2457 2460/2460/2460 
f 2461/2461/2461 2462/2462/2462 2438/2438/2438 
f 2438/2438/2438 2462/2462/2462 2463/2463/2463 
f 2463/2463/2463 2462/2462/2462 2464/2464/2464 
f 2465/2465/2465 2463/2463/2463 2464/2464/2464 
f 2466/2466/2466 2465/2465/2465 2464/2464/2464 
f 2466/2466/2466 2464/2464/2464 2467/2467/2467 
f 2467/2467/2467 2468/2468/2468 2466/2466/2466 
f 2468/2468/2468 2467/2467/2467 2469/2469/2469 
f 2470/2470/2470 2468/2468/2468 2469/2469/2469 
f 2468/2468/2468 2470/2470/2470 2471/2471/2471 
f 2472/2472/2472 2471/2471/2471 2470/2470/2470 
f 2473/2473/2473 2471/2471/2471 2472/2472/2472 
f 2472/2472/2472 2474/2474/2474 2473/2473/2473 
f 2472/2472/2472 2475/2475/2475 2474/2474/2474 
f 2475/2475/2475 2476/2476/2476 2474/2474/2474 
f 2476/2476/2476 2475/2475/2475 2477/2477/2477 
f 2477/2477/2477 2478/2478/2478 2461/2461/2461 
f 2478/2478/2478 2477/2477/2477 2479/2479/2479 
f 2478/2478/2478 2479/2479/2479 2480/2480/2480 
f 2480/2480/2480 2479/2479/2479 2481/2481/2481 
f 2481/2481/2481 2482/2482/2482 2480/2480/2480 
f 2480/2480/2480 2482/2482/2482 2483/2483/2483 
f 2482/2482/2482 2481/2481/2481 2484/2484/2484 
f 2485/2485/2485 2486/2486/2486 2487/2487/2487 
f 2486/2486/2486 2485/2485/2485 2488/2488/2488 
f 2489/2489/2489 2486/2486/2486 2488/2488/2488 
f 2486/2486/2486 2489/2489/2489 2490/2490/2490 
f 2487/2487/2487 2491/2491/2491 2485/2485/2485 
f 2491/2491/2491 2487/2487/2487 2492/2492/2492 
f 2493/2493/2493 2491/2491/2491 2492/2492/2492 
f 2491/2491/2491 2493/2493/2493 2494/2494/2494 
f 2495/2495/2495 2494/2494/2494 2493/2493/2493 
f 2494/2494/2494 2495/2495/2495 2496/2496/2496 
f 2495/2495/2495 2497/2497/2497 2496/2496/2496 
f 2498/2498/2498 2496/2496/2496 2497/2497/2497 
f 2499/2499/2499 2498/2498/2498 2497/2497/2497 
f 2498/2498/2498 2499/2499/2499 2500/2500/2500 
f 2499/2499/2499 2501/2501/2501 2500/2500/2500 
f 2501/2501/2501 2499/2499/2499 2502/2502/2502 
f 2502/2502/2502 2503/2503/2503 2501/2501/2501 
f 2503/2503/2503 2502/2502/2502 2504/2504/2504 
f 2504/2504/2504 2505/2505/2505 2503/2503/2503 
f 2505/2505/2505 2504/2504/2504 2506/2506/2506 
f 2506/2506/2506 2507/2507/2507 2505/2505/2505 
f 2507/2507/2507 2506/2506/2506 2508/2508/2508 
f 2509/2509/2509 2507/2507/2507 2508/2508/2508 
f 2507/2507/2507 2509/2509/2509 2510/2510/2510 
f 2511/2511/2511 2510/2510/2510 2509/2509/2509 
f 2510/2510/2510 2511/2511/2511 2512/2512/2512 
f 2511/2511/2511 2513/2513/2513 2512/2512/2512 
f 2513/2513/2513 2511/2511/2511 2514/2514/2514 
f 2515/2515/2515 2516/2516/2516 2517/2517/2517 
f 2516/2516/2516 2515/2515/2515 2518/2518/2518 
f 2519/2519/2519 2520/2520/2520 2521/2521/2521 
f 2520/2520/2520 2519/2519/2519 2522/2522/2522 
f 2523/2523/2523 2524/2524/2524 2525/2525/2525 
f 2526/2526/2526 2523/2523/2523 2525/2525/2525 
f 2527/2527/2527 2526/2526/2526 2525/2525/2525 
f 2528/2528/2528 2527/2527/2527 2525/2525/2525 
f 2529/2529/2529 2530/2530/2530 2531/2531/2531 
f 2532/2532/2532 2530/2530/2530 2529/2529/2529 
f 2533/2533/2533 2530/2530/2530 2532/2532/2532 
f 2534/2534/2534 2530/2530/2530 2533/2533/2533 
f 2535/2535/2535 2536/2536/2536 2537/2537/2537 
f 2537/2537/2537 2536/2536/2536 2538/2538/2538 
f 2539/2539/2539 2540/2540/2540 2541/2541/2541 
f 2542/2542/2542 2539/2539/2539 2541/2541/2541 
f 2540/2540/2540 2543/2543/2543 2541/2541/2541 
f 2543/2543/2543 2544/2544/2544 2541/2541/2541 
f 2544/2544/2544 2545/2545/2545 2541/2541/2541 
f 2545/2545/2545 2546/2546/2546 2541/2541/2541 
f 2546/2546/2546 2547/2547/2547 2541/2541/2541 
f 2547/2547/2547 2548/2548/2548 2541/2541/2541 
f 2548/2548/2548 2549/2549/2549 2541/2541/2541 
f 2549/2549/2549 2550/2550/2550 2541/2541/2541 
f 2550/2550/2550 2551/2551/2551 2541/2541/2541 
f 2551/2551/2551 2552/2552/2552 2541/2541/2541 
f 2552/2552/2552 2553/2553/2553 2541/2541/2541 
f 2553/2553/2553 2554/2554/2554 2541/2541/2541 
f 2555/2555/2555 2556/2556/2556 2557/2557/2557 
f 2555/2555/2555 2558/2558/2558 2556/2556/2556 
f 2559/2559/2559 2560/2560/2560 2561/2561/2561 
f 2560/2560/2560 2559/2559/2559 2562/2562/2562 
f 2451/2451/2451 2452/2452/2452 2563/2563/2563 
f 2476/2476/2476 2563/2563/2563 2452/2452/2452 
f 2476/2476/2476 2564/2564/2564 2563/2563/2563 
f 2565/2565/2565 2564/2564/2564 2566/2566/2566 
f 2567/2567/2567 2566/2566/2566 2564/2564/2564 
f 2568/2568/2568 2565/2565/2565 2566/2566/2566 
f 2565/2565/2565 2568/2568/2568 2569/2569/2569 
f 2568/2568/2568 2570/2570/2570 2569/2569/2569 
f 2568/2568/2568 2571/2571/2571 2570/2570/2570 
f 2571/2571/2571 2572/2572/2572 2570/2570/2570 
f 2572/2572/2572 2571/2571/2571 2573/2573/2573 
f 2574/2574/2574 2572/2572/2572 2573/2573/2573 
f 2572/2572/2572 2574/2574/2574 2575/2575/2575 
f 2576/2576/2576 2575/2575/2575 2574/2574/2574 
f 2575/2575/2575 2576/2576/2576 2577/2577/2577 
f 2578/2578/2578 2577/2577/2577 2576/2576/2576 
f 2577/2577/2577 2578/2578/2578 2579/2579/2579 
f 2578/2578/2578 2440/2440/2440 2579/2579/2579 
f 2440/2440/2440 2578/2578/2578 2580/2580/2580 
f 2567/2567/2567 2580/2580/2580 2581/2581/2581 
f 2581/2581/2581 2582/2582/2582 2567/2567/2567 
f 2582/2582/2582 2581/2581/2581 2583/2583/2583 
f 2583/2583/2583 2584/2584/2584 2582/2582/2582 
f 2585/2585/2585 2584/2584/2584 2583/2583/2583 
f 2584/2584/2584 2585/2585/2585 2586/2586/2586 
f 2585/2585/2585 2583/2583/2583 2587/2587/2587 
f 2588/2588/2588 2589/2589/2589 2590/2590/2590 
f 2588/2588/2588 2590/2590/2590 2591/2591/2591 
f 2588/2588/2588 2592/2592/2592 2589/2589/2589 
f 2593/2593/2593 2588/2588/2588 2591/2591/2591 
f 2592/2592/2592 2588/2588/2588 2594/2594/2594 
f 2594/2594/2594 2595/2595/2595 2592/2592/2592 
f 2588/2588/2588 2593/2593/2593 2596/2596/2596 
f 2597/2597/2597 2596/2596/2596 2593/2593/2593 
f 2588/2588/2588 2598/2598/2598 2594/2594/2594 
f 2598/2598/2598 2588/2588/2588 2596/2596/2596 
f 2595/2595/2595 2594/2594/2594 2599/2599/2599 
f 2599/2599/2599 2600/2600/2600 2595/2595/2595 
f 2594/2594/2594 2601/2601/2601 2599/2599/2599 
f 2601/2601/2601 2594/2594/2594 2598/2598/2598 
f 2602/2602/2602 2600/2600/2600 2599/2599/2599 
f 2601/2601/2601 2602/2602/2602 2599/2599/2599 
f 2602/2602/2602 2603/2603/2603 2600/2600/2600 
f 2604/2604/2604 2598/2598/2598 2596/2596/2596 
f 2596/2596/2596 2597/2597/2597 2604/2604/2604 
f 2597/2597/2597 2605/2605/2605 2604/2604/2604 
f 2606/2606/2606 2605/2605/2605 2597/2597/2597 
f 2607/2607/2607 2604/2604/2604 2605/2605/2605 
f 2604/2604/2604 2607/2607/2607 2608/2608/2608 
f 2598/2598/2598 2604/2604/2604 2608/2608/2608 
f 2609/2609/2609 2608/2608/2608 2607/2607/2607 
f 2610/2610/2610 2598/2598/2598 2608/2608/2608 
f 2608/2608/2608 2609/2609/2609 2610/2610/2610 
f 2598/2598/2598 2610/2610/2610 2601/2601/2601 
f 2611/2611/2611 2610/2610/2610 2609/2609/2609 
f 2610/2610/2610 2611/2611/2611 2612/2612/2612 
f 2601/2601/2601 2610/2610/2610 2612/2612/2612 
f 2612/2612/2612 2611/2611/2611 2613/2613/2613 
f 2614/2614/2614 2601/2601/2601 2612/2612/2612 
f 2602/2602/2602 2601/2601/2601 2614/2614/2614 
f 2613/2613/2613 2615/2615/2615 2612/2612/2612 
f 2614/2614/2614 2612/2612/2612 2615/2615/2615 
f 2616/2616/2616 2615/2615/2615 2613/2613/2613 
f 2614/2614/2614 2617/2617/2617 2602/2602/2602 
f 2603/2603/2603 2602/2602/2602 2617/2617/2617 
f 2617/2617/2617 2618/2618/2618 2603/2603/2603 
f 2617/2617/2617 2614/2614/2614 2619/2619/2619 
f 2619/2619/2619 2614/2614/2614 2615/2615/2615 
f 2618/2618/2618 2617/2617/2617 2620/2620/2620 
f 2619/2619/2619 2620/2620/2620 2617/2617/2617 
f 2621/2621/2621 2618/2618/2618 2620/2620/2620 
f 2618/2618/2618 2621/2621/2621 2622/2622/2622 
f 2623/2623/2623 2620/2620/2620 2619/2619/2619 
f 2619/2619/2619 2615/2615/2615 2624/2624/2624 
f 2624/2624/2624 2623/2623/2623 2619/2619/2619 
f 2615/2615/2615 2616/2616/2616 2624/2624/2624 
f 2625/2625/2625 2620/2620/2620 2623/2623/2623 
f 2620/2620/2620 2625/2625/2625 2621/2621/2621 
f 2624/2624/2624 2625/2625/2625 2623/2623/2623 
f 2616/2616/2616 2626/2626/2626 2624/2624/2624 
f 2625/2625/2625 2624/2624/2624 2626/2626/2626 
f 2626/2626/2626 2616/2616/2616 2627/2627/2627 
f 2625/2625/2625 2628/2628/2628 2621/2621/2621 
f 2626/2626/2626 2628/2628/2628 2625/2625/2625 
f 2622/2622/2622 2621/2621/2621 2629/2629/2629 
f 2628/2628/2628 2629/2629/2629 2621/2621/2621 
f 2629/2629/2629 2630/2630/2630 2622/2622/2622 
f 2627/2627/2627 2631/2631/2631 2626/2626/2626 
f 2628/2628/2628 2626/2626/2626 2631/2631/2631 
f 2631/2631/2631 2627/2627/2627 2632/2632/2632 
f 2633/2633/2633 2629/2629/2629 2628/2628/2628 
f 2631/2631/2631 2633/2633/2633 2628/2628/2628 
f 2630/2630/2630 2629/2629/2629 2634/2634/2634 
f 2629/2629/2629 2633/2633/2633 2634/2634/2634 
f 2634/2634/2634 2635/2635/2635 2630/2630/2630 
f 2631/2631/2631 2632/2632/2632 2636/2636/2636 
f 2633/2633/2633 2631/2631/2631 2636/2636/2636 
f 2636/2636/2636 2632/2632/2632 2637/2637/2637 
f 2635/2635/2635 2634/2634/2634 2638/2638/2638 
f 2638/2638/2638 2634/2634/2634 2633/2633/2633 
f 2638/2638/2638 2639/2639/2639 2635/2635/2635 
f 2636/2636/2636 2640/2640/2640 2633/2633/2633 
f 2640/2640/2640 2638/2638/2638 2633/2633/2633 
f 2637/2637/2637 2641/2641/2641 2636/2636/2636 
f 2640/2640/2640 2636/2636/2636 2641/2641/2641 
f 2641/2641/2641 2637/2637/2637 2642/2642/2642 
f 2639/2639/2639 2638/2638/2638 2643/2643/2643 
f 2640/2640/2640 2643/2643/2643 2638/2638/2638 
f 2639/2639/2639 2643/2643/2643 2644/2644/2644 
f 2643/2643/2643 2645/2645/2645 2644/2644/2644 
f 2645/2645/2645 2643/2643/2643 2646/2646/2646 
f 2647/2647/2647 2646/2646/2646 2643/2643/2643 
f 2641/2641/2641 2642/2642/2642 2648/2648/2648 
f 2648/2648/2648 2640/2640/2640 2641/2641/2641 
f 2648/2648/2648 2642/2642/2642 2649/2649/2649 
f 2643/2643/2643 2640/2640/2640 2650/2650/2650 
f 2650/2650/2650 2647/2647/2647 2643/2643/2643 
f 2650/2650/2650 2640/2640/2640 2648/2648/2648 
f 2650/2650/2650 2651/2651/2651 2647/2647/2647 
f 2651/2651/2651 2650/2650/2650 2648/2648/2648 
f 2649/2649/2649 2651/2651/2651 2648/2648/2648 
f 2651/2651/2651 2649/2649/2649 2652/2652/2652 
f 2653/2653/2653 2654/2654/2654 2655/2655/2655 
f 2654/2654/2654 2653/2653/2653 2656/2656/2656 

g Rig5

v -4.50855 3.47477 -2.95697 
v -4.54173 4.04261 -2.98414 
v -4.54173 3.47477 -2.98413 
v -4.50855 4.04261 -2.95697 
v -3.82034 3.47477 -2.9841 
v -3.85396 4.04261 -2.95697 
v -3.85396 3.47477 -2.95697 
v -3.82034 4.04261 -2.98411 
v -3.82034 4.04251 -3.78258 
v -3.82034 3.47477 -3.78257 
v -3.85396 4.04175 -3.81057 
v -3.85396 3.47417 -3.81057 
v -4.50855 4.04175 -3.81057 
v -4.54173 3.47478 -3.78255 
v -4.54173 4.04251 -3.78254 
v -4.50854 3.47417 -3.81057 
v -3.8626 3.44237 -3.7933 
v -4.50854 3.47417 -3.81057 
v -3.85396 3.47417 -3.81057 
v -4.49991 3.44237 -3.7933 
v -4.49067 3.33556 -3.73029 
v -4.52206 3.34463 -3.70846 
v -3.87182 3.33556 -3.73029 
v -4.4777 3.23007 -3.65564 
v -3.84004 3.34463 -3.70847 
v -3.88478 3.23007 -3.65563 
v -3.82986 3.44321 -3.76646 
v -3.85396 3.47417 -3.81057 
v -3.82034 3.47477 -3.78257 
v -3.82986 3.44321 -3.00136 
v -3.82034 3.47477 -3.78257 
v -3.82034 3.47477 -2.9841 
v -3.85433 3.24763 -3.63663 
v -3.85396 3.47477 -2.95697 
v -3.82034 3.47477 -2.9841 
v -3.8626 3.44321 -2.97536 
v -3.84004 3.34402 -3.05606 
v -4.50855 3.47477 -2.95697 
v -3.85396 3.47477 -2.95697 
v -4.49995 3.44321 -2.97536 
v -3.87182 3.33519 -3.03536 
v -4.4907 3.33519 -3.03536 
v -3.85433 3.24641 -3.12856 
v -4.47772 3.22923 -3.11103 
v -3.88478 3.22923 -3.11102 
v -4.50776 3.24641 -3.12859 
v -4.52206 3.34402 -3.05611 
v -4.53223 3.44321 -3.00143 
v -4.50855 3.47477 -2.95697 
v -4.54173 3.47477 -2.98413 
v -4.54173 3.47477 -2.98413 
v -4.54173 3.47478 -3.78255 
v -4.53223 3.44321 -3.76646 
v -4.54173 3.47478 -3.78255 
v -4.50854 3.47417 -3.81057 
v -4.50776 3.24763 -3.63663 
v -4.46209 3.15106 -3.53237 
v -4.49057 3.17214 -3.52276 
v -4.48717 3.15197 -3.39445 
v -4.49057 3.17097 -3.24792 
v -4.45901 3.1274 -3.39482 
v -4.4621 3.14983 -3.23985 
v -3.90038 3.14983 -3.23985 
v -3.90038 3.15106 -3.53237 
v -3.90346 3.1274 -3.39482 
v -3.87153 3.17214 -3.52276 
v -3.87153 3.17097 -3.2479 
v -3.87493 3.15197 -3.39445 
v -4.48589 4.07586 -2.97335 
v -3.85396 4.04261 -2.95697 
v -3.8766 4.07586 -2.97335 
v -4.50855 4.04261 -2.95697 
v -4.51679 4.075 -3.00042 
v -4.54173 4.04261 -2.98414 
v -4.54173 4.04251 -3.78254 
v -4.50104 4.1736 -3.06169 
v -4.51679 4.075 -3.772 
v -4.50855 4.04175 -3.81057 
v -4.48592 4.075 -3.79829 
v -4.50104 4.1742 -3.71405 
v -3.8766 4.075 -3.79829 
v -3.85396 4.04175 -3.81057 
v -4.4716 4.18267 -3.03987 
v -4.459 4.28815 -3.11452 
v -3.89088 4.18267 -3.03987 
v -3.86105 4.1736 -3.06169 
v -4.48717 4.27059 -3.13353 
v -3.90346 4.28815 -3.11452 
v -3.90346 4.36716 -3.23778 
v -3.87493 4.27059 -3.13352 
v -3.8453 4.075 -3.00042 
v -3.82034 4.04261 -2.98411 
v -3.82034 4.04251 -3.78258 
v -3.8453 4.075 -3.77207 
v -3.86105 4.1742 -3.71409 
v -3.89088 4.18304 -3.73479 
v -4.47162 4.18304 -3.73479 
v -4.45902 4.289 -3.65913 
v -3.90346 4.289 -3.65913 
v -4.48717 4.27181 -3.64156 
v -3.87493 4.27181 -3.64159 
v -4.45901 4.36839 -3.53031 
v -3.90346 4.36839 -3.53031 
v -4.48717 4.34726 -3.52224 
v -4.45901 4.39082 -3.37533 
v -4.48717 4.36626 -3.3757 
v -4.48717 4.34608 -3.24739 
v -4.459 4.36716 -3.23778 
v -3.90346 4.39082 -3.37533 
v -3.87493 4.34608 -3.24739 
v -3.87493 4.34726 -3.52225 
v -3.87493 4.36626 -3.3757 
v -3.85396 3.47477 -2.95697 
v -4.50855 4.04261 -2.95697 
v -4.50855 3.47477 -2.95697 
v -3.85396 4.04261 -2.95697 
v -3.85396 4.04175 -3.81057 
v -4.50854 3.47417 -3.81057 
v -4.50855 4.04175 -3.81057 
v -3.85396 3.47417 -3.81057 
v -3.84004 3.34463 -3.70847 
v -3.82986 3.44321 -3.00136 
v -3.84004 3.34402 -3.05606 
v -3.82034 4.04251 -3.78258 
v -3.82034 3.47477 -2.9841 
v -3.82034 3.47477 -3.78257 
v -3.82034 4.04261 -2.98411 
v -4.54173 4.04251 -3.78254 
v -4.54173 3.47477 -2.98413 
v -4.54173 4.04261 -2.98414 
v -4.54173 3.47478 -3.78255 

vn -0.629921 0 0.771654 
vn -0.629921 0 0.771654 
vn -0.629921 0 0.771654 
vn -0.629921 0 0.771654 
vn 0.629921 0 0.779528 
vn 0.629921 0 0.779528 
vn 0.629921 0 0.779528 
vn 0.629921 0 0.779528 
vn 0.637795 0 -0.771654 
vn 0.637795 0 -0.771654 
vn 0.637795 0 -0.771654 
vn 0.637795 0 -0.771654 
vn -0.645669 0 -0.76378 
vn -0.645669 0 -0.76378 
vn -0.645669 0 -0.76378 
vn -0.645669 0 -0.76378 
vn 0.0314961 -0.503937 -0.866142 
vn 0 -0.480315 -0.88189 
vn 0 -0.480315 -0.88189 
vn -0.0314961 -0.503937 -0.866142 
vn -0.0393701 -0.543307 -0.834646 
vn -0.992126 -0.141732 -0.0472441 
vn 0.0393701 -0.543307 -0.834646 
vn -0.0393701 -0.724409 -0.692913 
vn 0.992126 -0.141732 -0.0472441 
vn 0.0393701 -0.724409 -0.692913 
vn 0.976378 -0.212598 -0.0551181 
vn 0.559055 -0.503937 -0.661417 
vn 0.559055 -0.503937 -0.661417 
vn 0.976378 -0.204724 0.0551181 
vn 0.96063 -0.291339 0 
vn 0.96063 -0.291339 0 
vn 0.976378 -0.212598 -0.0551181 
vn 0.527559 -0.527559 0.661417 
vn 0.527559 -0.527559 0.661417 
vn 0.0314961 -0.496063 0.866142 
vn 0.992126 -0.141732 0.0472441 
vn 0 -0.503937 0.866142 
vn 0 -0.503937 0.866142 
vn -0.0314961 -0.496063 0.866142 
vn 0.0314961 -0.535433 0.84252 
vn -0.0314961 -0.535433 0.84252 
vn 0.976378 -0.212598 0.0551181 
vn -0.0314961 -0.732283 0.677165 
vn 0.0314961 -0.732283 0.677165 
vn -0.976378 -0.212598 0.0551181 
vn -0.992126 -0.141732 0.0472441 
vn -0.976378 -0.204724 0.0551181 
vn -0.535433 -0.527559 0.661417 
vn -0.535433 -0.527559 0.661417 
vn -0.96063 -0.291339 0 
vn -0.96063 -0.291339 0 
vn -0.976378 -0.212598 -0.0551181 
vn -0.559055 -0.503937 -0.653543 
vn -0.559055 -0.503937 -0.653543 
vn -0.976378 -0.212598 -0.0551181 
vn -0.0314961 -0.929134 -0.370079 
vn -0.952756 -0.314961 -0.0393701 
vn -0.952756 -0.314961 0 
vn -0.944882 -0.322835 0.0393701 
vn -0.0393701 -1 -0.00787402 
vn -0.0314961 -0.937008 0.346457 
vn 0.0314961 -0.937008 0.346457 
vn 0.0314961 -0.929134 -0.370079 
vn 0.0393701 -1 -0.00787402 
vn 0.944882 -0.314961 -0.0472441 
vn 0.944882 -0.322835 0.0393701 
vn 0.952756 -0.314961 0 
vn -0.0314961 0.511811 0.858268 
vn 0.0629921 0.472441 0.88189 
vn 0.0314961 0.511811 0.858268 
vn -0.0629921 0.472441 0.88189 
vn -0.913386 0.401575 0.0551181 
vn -0.787402 0.622047 0.0393701 
vn -0.787402 0.614173 -0.0314961 
vn -0.984252 0.181102 0.0393701 
vn -0.92126 0.385827 -0.0551181 
vn -0.0629921 0.385827 -0.92126 
vn -0.0314961 0.464567 -0.88189 
vn -0.984252 0.181102 -0.0472441 
vn 0.0314961 0.464567 -0.88189 
vn 0.0629921 0.385827 -0.92126 
vn -0.0393701 0.551181 0.834646 
vn -0.0393701 0.724409 0.685039 
vn 0.0393701 0.551181 0.834646 
vn 0.984252 0.181102 0.0472441 
vn -0.984252 0.173228 0.0551181 
vn 0.0393701 0.724409 0.685039 
vn 0.0393701 0.929134 0.362205 
vn 0.984252 0.173228 0.0551181 
vn 0.913386 0.401575 0.0551181 
vn 0.787402 0.622047 0.0393701 
vn 0.787402 0.614173 -0.0314961 
vn 0.92126 0.385827 -0.0551181 
vn 0.984252 0.181102 -0.0472441 
vn 0.0314961 0.543307 -0.834646 
vn -0.0314961 0.543307 -0.834646 
vn -0.0314961 0.732283 -0.677165 
vn 0.0314961 0.732283 -0.677165 
vn -0.984252 0.181102 -0.0551181 
vn 0.984252 0.181102 -0.0551181 
vn -0.0393701 0.937008 -0.338583 
vn 0.0393701 0.937008 -0.338583 
vn -0.992126 0.133858 -0.0472441 
vn -0.0393701 1 0.00787402 
vn -0.992126 0.125984 0 
vn -0.992126 0.11811 0.0472441 
vn -0.0393701 0.929134 0.362205 
vn 0.0393701 1 0.00787402 
vn 0.992126 0.125984 0.0472441 
vn 0.992126 0.133858 -0.0472441 
vn 0.992126 0.125984 0 
vn 0 0 1 
vn 0 0 1 
vn 0 0 1 
vn 0 0 1 
vn 0 0 -1 
vn 0 0 -1 
vn 0 0 -1 
vn 0 0 -1 
vn 0.992126 -0.141732 -0.0472441 
vn 0.976378 -0.204724 0.0551181 
vn 0.992126 -0.141732 0.0472441 
vn 1 0 0 
vn 1 0 0 
vn 1 0 0 
vn 1 0 0 
vn -1 0 0 
vn -1 0 0 
vn -1 0 0 
vn -1 0 0 

vt 0.638793 0.187905 
vt 0.635458 0.270524 
vt 0.635458 0.187905 
vt 0.638793 0.270524 
vt 0.704532 0.187905 
vt 0.700926 0.270524 
vt 0.700926 0.187905 
vt 0.704532 0.270524 
vt 0.495656 0.270586 
vt 0.495656 0.187905 
vt 0.499325 0.270669 
vt 0.499325 0.187905 
vt 0.561334 0.270524 
vt 0.565788 0.187905 
vt 0.565788 0.270524 
vt 0.561334 0.187905 
vt 0.469609 0.175768 
vt 0.498225 0.179024 
vt 0.467268 0.179024 
vt 0.495881 0.175768 
vt 0.495882 0.173812 
vt 0.497214 0.172396 
vt 0.469609 0.173812 
vt 0.495882 0.168966 
vt 0.468259 0.172396 
vt 0.469609 0.168966 
vt 0.468259 0.174165 
vt 0.467268 0.179024 
vt 0.465678 0.177206 
vt 0.468259 0.128494 
vt 0.465678 0.177206 
vt 0.465678 0.125373 
vt 0.468259 0.167732 
vt 0.467268 0.123613 
vt 0.465678 0.125373 
vt 0.469609 0.126942 
vt 0.468259 0.130045 
vt 0.498225 0.123613 
vt 0.467268 0.123613 
vt 0.495883 0.126942 
vt 0.469609 0.128701 
vt 0.495883 0.128701 
vt 0.468259 0.134751 
vt 0.495883 0.133613 
vt 0.469609 0.133613 
vt 0.497214 0.134753 
vt 0.497214 0.130048 
vt 0.497214 0.128498 
vt 0.498225 0.123613 
vt 0.499794 0.125376 
vt 0.499794 0.125376 
vt 0.499794 0.177205 
vt 0.497214 0.174165 
vt 0.499794 0.177205 
vt 0.498225 0.179024 
vt 0.497214 0.167732 
vt 0.495882 0.160965 
vt 0.497214 0.160341 
vt 0.497214 0.152012 
vt 0.497214 0.142499 
vt 0.495882 0.152036 
vt 0.495882 0.141975 
vt 0.469609 0.141975 
vt 0.469609 0.160965 
vt 0.469609 0.152036 
vt 0.468259 0.160341 
vt 0.468259 0.142498 
vt 0.468259 0.152012 
vt 0.456489 0.175702 
vt 0.427817 0.179145 
vt 0.430163 0.175702 
vt 0.458837 0.179145 
vt 0.457824 0.174092 
vt 0.460409 0.177372 
vt 0.460409 0.125285 
vt 0.457824 0.172313 
vt 0.457824 0.128196 
vt 0.458837 0.123457 
vt 0.45649 0.126632 
vt 0.457824 0.129754 
vt 0.430163 0.126632 
vt 0.427817 0.123457 
vt 0.456489 0.173737 
vt 0.456489 0.168867 
vt 0.430163 0.173737 
vt 0.428811 0.172313 
vt 0.457824 0.167626 
vt 0.430163 0.168867 
vt 0.430163 0.160825 
vt 0.428811 0.167627 
vt 0.428811 0.174092 
vt 0.426224 0.177374 
vt 0.426224 0.125283 
vt 0.428811 0.128192 
vt 0.428811 0.129751 
vt 0.430163 0.128401 
vt 0.45649 0.128401 
vt 0.45649 0.133337 
vt 0.430163 0.133337 
vt 0.457824 0.134483 
vt 0.428811 0.134481 
vt 0.45649 0.141741 
vt 0.430163 0.141741 
vt 0.457824 0.142268 
vt 0.45649 0.151851 
vt 0.457824 0.151827 
vt 0.457824 0.160198 
vt 0.456489 0.160825 
vt 0.430163 0.151851 
vt 0.428811 0.160198 
vt 0.428811 0.142267 
vt 0.428811 0.151827 
vt 0.700926 0.187905 
vt 0.638793 0.270524 
vt 0.638793 0.187905 
vt 0.700926 0.270524 
vt 0.499325 0.270669 
vt 0.561334 0.187905 
vt 0.561334 0.270524 
vt 0.499325 0.187905 
vt 0.468259 0.172396 
vt 0.468259 0.128494 
vt 0.468259 0.130045 
vt 0.495656 0.270524 
vt 0.426551 0.187905 
vt 0.495656 0.187905 
vt 0.426551 0.270524 
vt 0.565788 0.270524 
vt 0.635458 0.187905 
vt 0.635458 0.270524 
vt 0.565788 0.187905 

usemtl Rig1Mtl

f 2657/2657/2657 2658/2658/2658 2659/2659/2659 
f 2658/2658/2658 2657/2657/2657 2660/2660/2660 
f 2661/2661/2661 2662/2662/2662 2663/2663/2663 
f 2662/2662/2662 2661/2661/2661 2664/2664/2664 
f 2665/2665/2665 2666/2666/2666 2667/2667/2667 
f 2667/2667/2667 2666/2666/2666 2668/2668/2668 
f 2669/2669/2669 2670/2670/2670 2671/2671/2671 
f 2670/2670/2670 2669/2669/2669 2672/2672/2672 
f 2673/2673/2673 2674/2674/2674 2675/2675/2675 
f 2674/2674/2674 2673/2673/2673 2676/2676/2676 
f 2673/2673/2673 2677/2677/2677 2676/2676/2676 
f 2678/2678/2678 2676/2676/2676 2677/2677/2677 
f 2677/2677/2677 2673/2673/2673 2679/2679/2679 
f 2677/2677/2677 2679/2679/2679 2680/2680/2680 
f 2680/2680/2680 2678/2678/2678 2677/2677/2677 
f 2673/2673/2673 2681/2681/2681 2679/2679/2679 
f 2682/2682/2682 2680/2680/2680 2679/2679/2679 
f 2681/2681/2681 2682/2682/2682 2679/2679/2679 
f 2681/2681/2681 2673/2673/2673 2683/2683/2683 
f 2684/2684/2684 2683/2683/2683 2673/2673/2673 
f 2683/2683/2683 2684/2684/2684 2685/2685/2685 
f 2686/2686/2686 2681/2681/2681 2683/2683/2683 
f 2687/2687/2687 2686/2686/2686 2683/2683/2683 
f 2686/2686/2686 2687/2687/2687 2688/2688/2688 
f 2682/2682/2682 2681/2681/2681 2689/2689/2689 
f 2690/2690/2690 2686/2686/2686 2691/2691/2691 
f 2686/2686/2686 2690/2690/2690 2692/2692/2692 
f 2681/2681/2681 2693/2693/2693 2689/2689/2689 
f 2692/2692/2692 2693/2693/2693 2686/2686/2686 
f 2694/2694/2694 2692/2692/2692 2695/2695/2695 
f 2692/2692/2692 2694/2694/2694 2696/2696/2696 
f 2693/2693/2693 2692/2692/2692 2697/2697/2697 
f 2698/2698/2698 2692/2692/2692 2696/2696/2696 
f 2698/2698/2698 2697/2697/2697 2692/2692/2692 
f 2697/2697/2697 2699/2699/2699 2693/2693/2693 
f 2689/2689/2689 2693/2693/2693 2699/2699/2699 
f 2700/2700/2700 2697/2697/2697 2698/2698/2698 
f 2697/2697/2697 2700/2700/2700 2701/2701/2701 
f 2699/2699/2699 2697/2697/2697 2701/2701/2701 
f 2700/2700/2700 2698/2698/2698 2702/2702/2702 
f 2696/2696/2696 2703/2703/2703 2698/2698/2698 
f 2698/2698/2698 2703/2703/2703 2702/2702/2702 
f 2703/2703/2703 2696/2696/2696 2704/2704/2704 
f 2705/2705/2705 2704/2704/2704 2696/2696/2696 
f 2704/2704/2704 2705/2705/2705 2706/2706/2706 
f 2707/2707/2707 2708/2708/2708 2704/2704/2704 
f 2704/2704/2704 2708/2708/2708 2709/2709/2709 
f 2710/2710/2710 2711/2711/2711 2709/2709/2709 
f 2711/2711/2711 2676/2676/2676 2709/2709/2709 
f 2676/2676/2676 2678/2678/2678 2709/2709/2709 
f 2704/2704/2704 2709/2709/2709 2678/2678/2678 
f 2704/2704/2704 2678/2678/2678 2703/2703/2703 
f 2712/2712/2712 2703/2703/2703 2678/2678/2678 
f 2703/2703/2703 2712/2712/2712 2702/2702/2702 
f 2678/2678/2678 2680/2680/2680 2712/2712/2712 
f 2680/2680/2680 2713/2713/2713 2712/2712/2712 
f 2680/2680/2680 2682/2682/2682 2713/2713/2713 
f 2714/2714/2714 2712/2712/2712 2713/2713/2713 
f 2715/2715/2715 2702/2702/2702 2712/2712/2712 
f 2715/2715/2715 2712/2712/2712 2714/2714/2714 
f 2702/2702/2702 2715/2715/2715 2716/2716/2716 
f 2714/2714/2714 2717/2717/2717 2715/2715/2715 
f 2717/2717/2717 2716/2716/2716 2715/2715/2715 
f 2717/2717/2717 2714/2714/2714 2713/2713/2713 
f 2718/2718/2718 2702/2702/2702 2716/2716/2716 
f 2716/2716/2716 2717/2717/2717 2718/2718/2718 
f 2718/2718/2718 2700/2700/2700 2702/2702/2702 
f 2718/2718/2718 2701/2701/2701 2700/2700/2700 
f 2701/2701/2701 2718/2718/2718 2719/2719/2719 
f 2717/2717/2717 2719/2719/2719 2718/2718/2718 
f 2719/2719/2719 2699/2699/2699 2701/2701/2701 
f 2713/2713/2713 2720/2720/2720 2717/2717/2717 
f 2720/2720/2720 2713/2713/2713 2682/2682/2682 
f 2720/2720/2720 2682/2682/2682 2689/2689/2689 
f 2721/2721/2721 2717/2717/2717 2720/2720/2720 
f 2719/2719/2719 2717/2717/2717 2721/2721/2721 
f 2689/2689/2689 2722/2722/2722 2720/2720/2720 
f 2722/2722/2722 2721/2721/2721 2720/2720/2720 
f 2721/2721/2721 2723/2723/2723 2719/2719/2719 
f 2723/2723/2723 2699/2699/2699 2719/2719/2719 
f 2721/2721/2721 2722/2722/2722 2724/2724/2724 
f 2723/2723/2723 2721/2721/2721 2724/2724/2724 
f 2689/2689/2689 2724/2724/2724 2722/2722/2722 
f 2724/2724/2724 2699/2699/2699 2723/2723/2723 
f 2699/2699/2699 2724/2724/2724 2689/2689/2689 
f 2725/2725/2725 2726/2726/2726 2727/2727/2727 
f 2728/2728/2728 2726/2726/2726 2725/2725/2725 
f 2725/2725/2725 2729/2729/2729 2728/2728/2728 
f 2730/2730/2730 2728/2728/2728 2729/2729/2729 
f 2729/2729/2729 2731/2731/2731 2730/2730/2730 
f 2725/2725/2725 2732/2732/2732 2729/2729/2729 
f 2731/2731/2731 2729/2729/2729 2733/2733/2733 
f 2733/2733/2733 2729/2729/2729 2732/2732/2732 
f 2733/2733/2733 2734/2734/2734 2731/2731/2731 
f 2734/2734/2734 2733/2733/2733 2735/2735/2735 
f 2736/2736/2736 2735/2735/2735 2733/2733/2733 
f 2733/2733/2733 2732/2732/2732 2736/2736/2736 
f 2737/2737/2737 2734/2734/2734 2735/2735/2735 
f 2734/2734/2734 2737/2737/2737 2738/2738/2738 
f 2732/2732/2732 2725/2725/2725 2739/2739/2739 
f 2727/2727/2727 2739/2739/2739 2725/2725/2725 
f 2740/2740/2740 2732/2732/2732 2739/2739/2739 
f 2739/2739/2739 2727/2727/2727 2741/2741/2741 
f 2739/2739/2739 2741/2741/2741 2740/2740/2740 
f 2727/2727/2727 2742/2742/2742 2741/2741/2741 
f 2732/2732/2732 2740/2740/2740 2743/2743/2743 
f 2736/2736/2736 2732/2732/2732 2743/2743/2743 
f 2744/2744/2744 2740/2740/2740 2741/2741/2741 
f 2742/2742/2742 2744/2744/2744 2741/2741/2741 
f 2745/2745/2745 2740/2740/2740 2744/2744/2744 
f 2744/2744/2744 2742/2742/2742 2746/2746/2746 
f 2745/2745/2745 2744/2744/2744 2746/2746/2746 
f 2742/2742/2742 2727/2727/2727 2747/2747/2747 
f 2726/2726/2726 2747/2747/2747 2727/2727/2727 
f 2747/2747/2747 2726/2726/2726 2748/2748/2748 
f 2748/2748/2748 2749/2749/2749 2747/2747/2747 
f 2747/2747/2747 2749/2749/2749 2750/2750/2750 
f 2750/2750/2750 2742/2742/2742 2747/2747/2747 
f 2738/2738/2738 2750/2750/2750 2749/2749/2749 
f 2742/2742/2742 2750/2750/2750 2751/2751/2751 
f 2737/2737/2737 2750/2750/2750 2738/2738/2738 
f 2737/2737/2737 2751/2751/2751 2750/2750/2750 
f 2742/2742/2742 2751/2751/2751 2746/2746/2746 
f 2751/2751/2751 2737/2737/2737 2752/2752/2752 
f 2753/2753/2753 2752/2752/2752 2737/2737/2737 
f 2753/2753/2753 2737/2737/2737 2735/2735/2735 
f 2735/2735/2735 2736/2736/2736 2753/2753/2753 
f 2754/2754/2754 2752/2752/2752 2753/2753/2753 
f 2736/2736/2736 2754/2754/2754 2753/2753/2753 
f 2755/2755/2755 2751/2751/2751 2752/2752/2752 
f 2752/2752/2752 2754/2754/2754 2755/2755/2755 
f 2754/2754/2754 2736/2736/2736 2756/2756/2756 
f 2751/2751/2751 2755/2755/2755 2757/2757/2757 
f 2746/2746/2746 2751/2751/2751 2757/2757/2757 
f 2758/2758/2758 2755/2755/2755 2754/2754/2754 
f 2758/2758/2758 2754/2754/2754 2756/2756/2756 
f 2743/2743/2743 2756/2756/2756 2736/2736/2736 
f 2755/2755/2755 2758/2758/2758 2759/2759/2759 
f 2755/2755/2755 2759/2759/2759 2757/2757/2757 
f 2756/2756/2756 2760/2760/2760 2758/2758/2758 
f 2761/2761/2761 2759/2759/2759 2758/2758/2758 
f 2760/2760/2760 2761/2761/2761 2758/2758/2758 
f 2756/2756/2756 2762/2762/2762 2760/2760/2760 
f 2762/2762/2762 2756/2756/2756 2743/2743/2743 
f 2761/2761/2761 2760/2760/2760 2762/2762/2762 
f 2762/2762/2762 2743/2743/2743 2763/2763/2763 
f 2763/2763/2763 2761/2761/2761 2762/2762/2762 
f 2743/2743/2743 2764/2764/2764 2763/2763/2763 
f 2761/2761/2761 2763/2763/2763 2764/2764/2764 
f 2764/2764/2764 2743/2743/2743 2740/2740/2740 
f 2740/2740/2740 2745/2745/2745 2764/2764/2764 
f 2764/2764/2764 2765/2765/2765 2761/2761/2761 
f 2765/2765/2765 2764/2764/2764 2745/2745/2745 
f 2759/2759/2759 2761/2761/2761 2765/2765/2765 
f 2766/2766/2766 2765/2765/2765 2745/2745/2745 
f 2745/2745/2745 2746/2746/2746 2766/2766/2766 
f 2765/2765/2765 2767/2767/2767 2759/2759/2759 
f 2757/2757/2757 2759/2759/2759 2767/2767/2767 
f 2765/2765/2765 2766/2766/2766 2768/2768/2768 
f 2746/2746/2746 2768/2768/2768 2766/2766/2766 
f 2767/2767/2767 2765/2765/2765 2768/2768/2768 
f 2757/2757/2757 2768/2768/2768 2746/2746/2746 
f 2768/2768/2768 2757/2757/2757 2767/2767/2767 
f 2769/2769/2769 2770/2770/2770 2771/2771/2771 
f 2770/2770/2770 2769/2769/2769 2772/2772/2772 
f 2773/2773/2773 2774/2774/2774 2775/2775/2775 
f 2774/2774/2774 2773/2773/2773 2776/2776/2776 
f 2777/2777/2777 2778/2778/2778 2779/2779/2779 
f 2780/2780/2780 2781/2781/2781 2782/2782/2782 
f 2781/2781/2781 2780/2780/2780 2783/2783/2783 
f 2784/2784/2784 2785/2785/2785 2786/2786/2786 
f 2785/2785/2785 2784/2784/2784 2787/2787/2787 

g Rig6

v -3.79577 5.40816 -3.23307 
v -3.76096 5.31239 -3.11632 
v -3.76096 5.38869 -3.24157 
v -3.79577 5.32741 -3.10005 
v -3.79577 5.43652 -3.38524 
v -3.79577 5.20654 -3.01385 
v -3.76096 5.41548 -3.38524 
v -3.76096 5.19834 -3.03513 
v -3.79581 5.06396 -2.98309 
v -3.76096 5.06394 -3.00853 
v -3.76096 5.38864 -3.52871 
v -3.79577 5.40816 -3.5374 
v -3.76096 5.31237 -3.64666 
v -3.79577 5.32741 -3.66238 
v -3.79577 5.20654 -3.74858 
v -3.76096 5.19836 -3.72787 
v -3.79581 5.06396 -3.7838 
v -3.76096 5.06394 -3.75813 
v -4.50856 4.04261 -2.95697 
v -4.53479 4.00997 -2.99216 
v -4.50226 4.00997 -2.96819 
v -4.54173 4.04261 -2.98418 
v -4.51778 3.91081 -3.03788 
v -4.48682 3.90197 -3.01714 
v -4.4746 3.79602 -3.11044 
v -4.50432 3.8132 -3.12801 
v -4.46189 3.71662 -3.23926 
v -4.49034 3.73776 -3.24733 
v -4.45901 3.69419 -3.39424 
v -4.48717 3.71876 -3.39387 
v -4.49378 3.73893 -3.52218 
v -4.46501 3.71785 -3.53179 
v -4.50432 3.81442 -3.63604 
v -4.47458 3.79686 -3.65505 
v -4.51778 3.91141 -3.72506 
v -4.48679 3.90234 -3.74689 
v -4.50223 4.00918 -3.7961 
v -4.53479 4.00997 -3.77142 
v -4.50853 4.04175 -3.81057 
v -4.54172 4.04262 -3.78256 
v -4.51781 5.38869 -3.24157 
v -4.51782 5.31239 -3.11632 
v -4.48823 5.40816 -3.23307 
v -4.48823 5.32741 -3.10005 
v -4.48823 5.43652 -3.38524 
v -4.48823 5.20654 -3.01385 
v -4.51781 5.41548 -3.38524 
v -4.51782 5.19834 -3.03513 
v -4.48819 5.06396 -2.98309 
v -4.51782 5.06394 -3.00862 
v -4.51781 5.38864 -3.52871 
v -4.48823 5.40816 -3.5374 
v -4.51781 5.31237 -3.64666 
v -4.48823 5.32741 -3.66238 
v -4.48823 5.20654 -3.74858 
v -4.51781 5.19836 -3.72787 
v -4.48819 5.06396 -3.7838 
v -4.51781 5.06394 -3.75812 
v -4.48823 5.32741 -3.10005 
v -3.79577 5.32741 -3.10005 
v -4.48823 5.40816 -3.23307 
v -4.48823 5.20654 -3.01385 
v -3.79577 5.40816 -3.23307 
v -3.79577 5.20654 -3.01385 
v -3.79581 5.06396 -2.98309 
v -4.48819 5.06396 -2.98309 
v -3.79577 5.43652 -3.38524 
v -4.48823 5.43652 -3.38524 
v -3.79577 5.40816 -3.5374 
v -4.48823 5.40816 -3.5374 
v -3.79577 5.32741 -3.66238 
v -4.48823 5.32741 -3.66238 
v -4.48823 5.20654 -3.74858 
v -3.79577 5.20654 -3.74858 
v -3.79581 5.06396 -3.7838 
v -4.48819 5.06396 -3.7838 
v -3.86028 4.00918 -3.7961 
v -4.50853 4.04175 -3.81057 
v -3.85396 4.04175 -3.81057 
v -4.50223 4.00918 -3.7961 
v -4.48679 3.90234 -3.74689 
v -3.8757 3.90234 -3.74689 
v -4.47458 3.79686 -3.65505 
v -3.8879 3.79686 -3.65505 
v -4.46501 3.71785 -3.53179 
v -3.89747 3.71785 -3.53179 
v -4.45901 3.69419 -3.39424 
v -3.90346 3.69419 -3.39424 
v -3.90058 3.71662 -3.23926 
v -4.46189 3.71662 -3.23926 
v -3.8879 3.79601 -3.11044 
v -4.4746 3.79602 -3.11044 
v -3.8757 3.90197 -3.01714 
v -4.48682 3.90197 -3.01714 
v -3.86028 4.00997 -2.96819 
v -4.50226 4.00997 -2.96819 
v -4.50856 4.04261 -2.95697 
v -3.85396 4.04261 -2.95697 
v -3.79581 5.06396 -3.7838 
v -3.76096 5.06394 -3.75813 
v -3.79581 5.03154 -3.81057 
v -3.76096 5.03153 -3.78258 
v -3.79581 5.03153 -2.95697 
v -3.76096 5.03154 -2.98407 
v -3.76096 5.06394 -3.00853 
v -3.79581 5.06396 -2.98309 
v -3.82731 4.00997 -3.77142 
v -3.85396 4.04175 -3.81057 
v -3.82034 4.04261 -3.78256 
v -3.86028 4.00918 -3.7961 
v -3.84432 3.91141 -3.72507 
v -3.8757 3.90234 -3.74689 
v -3.8879 3.79686 -3.65505 
v -3.85777 3.81442 -3.63604 
v -3.89747 3.71785 -3.53179 
v -3.86832 3.73893 -3.52218 
v -3.90346 3.69419 -3.39424 
v -3.87493 3.71875 -3.39387 
v -3.87175 3.73776 -3.24732 
v -3.90058 3.71662 -3.23926 
v -3.85777 3.8132 -3.12798 
v -3.8879 3.79601 -3.11044 
v -3.84432 3.91081 -3.03784 
v -3.8757 3.90197 -3.01714 
v -3.86028 4.00997 -2.96819 
v -3.82731 4.00997 -2.9921 
v -3.85396 4.04261 -2.95697 
v -3.82034 4.04261 -2.98411 
v -4.51781 5.06394 -3.75812 
v -4.50855 5.03154 -3.81057 
v -4.54172 5.03153 -3.78257 
v -4.48819 5.06396 -3.7838 
v -4.51782 5.06394 -3.00862 
v -4.50858 5.03153 -2.95697 
v -4.48819 5.06396 -2.98309 
v -4.54173 5.03154 -2.98416 
v -4.48819 5.06396 -3.7838 
v -3.79581 5.06396 -3.7838 
v -3.79581 5.03154 -3.81057 
v -4.50855 5.03154 -3.81057 
v -3.79581 5.03153 -2.95697 
v -4.48819 5.06396 -2.98309 
v -4.50858 5.03153 -2.95697 
v -3.79581 5.06396 -2.98309 
v -4.54172 5.03153 -3.78257 
v -4.51781 5.06394 -3.38524 
v -4.51781 5.06394 -3.75812 
v -4.54173 5.03154 -2.98416 
v -4.51781 5.06394 -3.38524 
v -4.54173 5.03154 -2.98416 
v -4.51782 5.06394 -3.00862 
v -3.79582 4.80577 -3.81057 
v -3.76096 4.47231 -3.78256 
v -3.79582 4.47231 -3.81057 
v -3.76096 4.80577 -3.78257 
v -3.76096 5.03153 -3.78258 
v -3.79582 4.80577 -3.81057 
v -3.79581 5.03154 -3.81057 
v -3.76096 4.80577 -3.78257 
v -3.76096 4.47232 -2.98406 
v -3.79582 4.80573 -2.95697 
v -3.79582 4.47232 -2.95697 
v -3.76096 4.80573 -2.98405 
v -3.76096 4.80573 -2.98405 
v -3.79581 5.03153 -2.95697 
v -3.79582 4.80573 -2.95697 
v -3.76096 5.03154 -2.98407 
v -4.50853 4.47231 -3.81057 
v -4.54172 4.42345 -3.78256 
v -4.54172 4.47231 -3.78256 
v -4.50853 4.42345 -3.81057 
v -4.50854 4.80582 -3.81057 
v -4.54172 4.47231 -3.78256 
v -4.54172 4.80582 -3.78256 
v -4.50853 4.47231 -3.81057 
v -4.50855 5.03154 -3.81057 
v -4.50854 4.80582 -3.81057 
v -4.54172 5.03153 -3.78257 
v -4.54172 4.80582 -3.78256 
v -4.54172 4.04262 -3.78256 
v -4.54172 4.42345 -3.78256 
v -4.50853 4.42345 -3.81057 
v -4.50853 4.04175 -3.81057 
v -4.54173 4.42345 -2.9842 
v -4.50858 4.47232 -2.95697 
v -4.54173 4.47232 -2.9842 
v -4.50857 4.42345 -2.95697 
v -4.54173 4.80573 -2.98419 
v -4.54173 4.47232 -2.9842 
v -4.50858 4.47232 -2.95697 
v -4.50858 4.80573 -2.95697 
v -4.54173 4.80573 -2.98419 
v -4.50858 5.03153 -2.95697 
v -4.54173 5.03154 -2.98416 
v -4.50858 4.80573 -2.95697 
v -4.54173 4.04261 -2.98418 
v -4.50857 4.42345 -2.95697 
v -4.54173 4.42345 -2.9842 
v -4.50856 4.04261 -2.95697 
v -3.82034 4.42345 -3.78256 
v -3.82034 4.04261 -3.78256 
v -3.85395 4.42345 -3.81057 
v -3.85396 4.04175 -3.81057 
v -3.85395 4.42345 -2.95697 
v -3.85396 4.04261 -2.95697 
v -3.82034 4.04261 -2.98411 
v -3.82034 4.42345 -2.98411 
v -3.82034 4.42345 -2.98411 
v -3.79582 4.47232 -2.95697 
v -3.85395 4.42345 -2.95697 
v -3.76096 4.47232 -2.98406 
v -3.85395 4.42345 -3.81057 
v -3.79582 4.47231 -3.81057 
v -3.82034 4.42345 -3.78256 
v -3.76096 4.47231 -3.78256 
v -4.53479 4.00997 -3.77142 
v -4.54173 4.04261 -2.98418 
v -4.54172 4.04262 -3.78256 
v -4.53479 4.00997 -2.99216 
v -4.51778 3.91141 -3.72506 
v -4.51778 3.91081 -3.03788 
v -4.50432 3.81442 -3.63604 
v -4.50432 3.8132 -3.12801 
v -4.48717 3.71876 -3.39387 
v -4.49034 3.73776 -3.24733 
v -4.49378 3.73893 -3.52218 
v -3.79582 4.80577 -3.81057 
v -4.50853 4.47231 -3.81057 
v -4.50854 4.80582 -3.81057 
v -3.79582 4.47231 -3.81057 
v -3.85395 4.42345 -3.81057 
v -4.50853 4.42345 -3.81057 
v -3.79581 5.03154 -3.81057 
v -4.50854 4.80582 -3.81057 
v -4.50855 5.03154 -3.81057 
v -3.79582 4.80577 -3.81057 
v -4.50853 4.42345 -3.81057 
v -3.85396 4.04175 -3.81057 
v -4.50853 4.04175 -3.81057 
v -3.85395 4.42345 -3.81057 
v -3.85395 4.42345 -2.95697 
v -4.50858 4.47232 -2.95697 
v -4.50857 4.42345 -2.95697 
v -3.79582 4.47232 -2.95697 
v -3.79582 4.47232 -2.95697 
v -4.50858 4.80573 -2.95697 
v -4.50858 4.47232 -2.95697 
v -3.79582 4.80573 -2.95697 
v -3.79582 4.80573 -2.95697 
v -4.50858 5.03153 -2.95697 
v -4.50858 4.80573 -2.95697 
v -3.79581 5.03153 -2.95697 
v -4.50856 4.04261 -2.95697 
v -3.85395 4.42345 -2.95697 
v -4.50857 4.42345 -2.95697 
v -3.85396 4.04261 -2.95697 
v -3.82034 4.04261 -3.78256 
v -3.82034 4.04261 -2.98411 
v -3.82731 4.00997 -3.77142 
v -3.82731 4.00997 -2.9921 
v -3.84432 3.91141 -3.72507 
v -3.84432 3.91081 -3.03784 
v -3.85777 3.81442 -3.63604 
v -3.85777 3.8132 -3.12798 
v -3.87493 3.71875 -3.39387 
v -3.86832 3.73893 -3.52218 
v -3.87175 3.73776 -3.24732 
v -3.76096 5.03153 -3.78258 
v -3.76096 5.03154 -2.98407 
v -3.76096 4.80577 -3.78257 
v -3.76096 4.80573 -2.98405 
v -3.76096 4.80577 -3.78257 
v -3.76096 4.80573 -2.98405 
v -3.76096 4.47231 -3.78256 
v -3.76096 4.47232 -2.98406 
v -3.76096 5.06394 -3.38524 
v -3.76096 5.03153 -3.78258 
v -3.76096 5.06394 -3.75813 
v -3.76096 5.03154 -2.98407 
v -3.76096 5.38869 -3.24157 
v -3.76096 5.31239 -3.11632 
v -3.76096 5.06394 -3.38524 
v -3.76096 5.19834 -3.03513 
v -3.76096 5.06394 -3.00853 
v -3.76096 5.41548 -3.38524 
v -3.76096 5.38864 -3.52871 
v -3.76096 5.31237 -3.64666 
v -3.76096 5.19836 -3.72787 
v -3.76096 5.06394 -3.75813 
v -3.76096 5.03154 -2.98407 
v -3.76096 5.06394 -3.38524 
v -3.76096 5.06394 -3.00853 
v -4.54172 4.47231 -3.78256 
v -4.54173 4.80573 -2.98419 
v -4.54172 4.80582 -3.78256 
v -4.54173 4.47232 -2.9842 
v -4.54172 4.47231 -3.78256 
v -4.54173 4.42345 -2.9842 
v -4.54173 4.47232 -2.9842 
v -4.54172 4.42345 -3.78256 
v -4.54173 4.80573 -2.98419 
v -4.54172 5.03153 -3.78257 
v -4.54172 4.80582 -3.78256 
v -4.54173 5.03154 -2.98416 
v -4.54172 4.04262 -3.78256 
v -4.54173 4.42345 -2.9842 
v -4.54172 4.42345 -3.78256 
v -4.54173 4.04261 -2.98418 
v -4.51782 5.31239 -3.11632 
v -4.51781 5.38869 -3.24157 
v -4.51781 5.06394 -3.38524 
v -4.51781 5.41548 -3.38524 
v -4.51782 5.19834 -3.03513 
v -4.51782 5.06394 -3.00862 
v -4.51781 5.38864 -3.52871 
v -4.51781 5.31237 -3.64666 
v -4.51781 5.19836 -3.72787 
v -4.51781 5.06394 -3.75812 
v -3.82034 4.42345 -3.78256 
v -3.82034 4.04261 -2.98411 
v -3.82034 4.04261 -3.78256 
v -3.82034 4.42345 -2.98411 
v -3.82034 4.42345 -2.98411 
v -3.82034 4.42345 -3.78256 
v -3.76096 4.47231 -3.78256 
v -3.76096 4.47232 -2.98406 

vn 0.519685 0.795276 0.307087 
vn 0.535433 0.622047 0.566929 
vn 0.519685 0.795276 0.307087 
vn 0.535433 0.614173 0.574803 
vn 0.519685 0.858268 0 
vn 0.559055 0.330709 0.76378 
vn 0.519685 0.858268 0 
vn 0.559055 0.338583 0.755906 
vn 0.559055 0.165354 0.811024 
vn 0.559055 0.165354 0.811024 
vn 0.519685 0.795276 -0.307087 
vn 0.519685 0.795276 -0.314961 
vn 0.527559 0.614173 -0.582677 
vn 0.527559 0.614173 -0.590551 
vn 0.551181 0.346457 -0.76378 
vn 0.551181 0.346457 -0.755906 
vn 0.559055 0.188976 -0.80315 
vn 0.559055 0.188976 -0.80315 
vn -0.582677 -0.338583 0.740157 
vn -0.566929 -0.393701 0.724409 
vn -0.566929 -0.393701 0.724409 
vn -0.582677 -0.338583 0.740157 
vn -0.582677 -0.503937 0.629921 
vn -0.582677 -0.503937 0.637795 
vn -0.614173 -0.637795 0.464567 
vn -0.614173 -0.637795 0.464567 
vn -0.629921 -0.740157 0.228346 
vn -0.629921 -0.740157 0.23622 
vn -0.637795 -0.771654 0.00787402 
vn -0.637795 -0.771654 0 
vn -0.637795 -0.724409 -0.251969 
vn -0.637795 -0.724409 -0.251969 
vn -0.629921 -0.622047 -0.464567 
vn -0.629921 -0.622047 -0.472441 
vn -0.598425 -0.503937 -0.622047 
vn -0.598425 -0.496063 -0.622047 
vn -0.582677 -0.409449 -0.700787 
vn -0.574803 -0.409449 -0.700787 
vn -0.582677 -0.393701 -0.708661 
vn -0.582677 -0.393701 -0.708661 
vn -0.582677 0.755906 0.291339 
vn -0.598425 0.590551 0.543307 
vn -0.582677 0.755906 0.291339 
vn -0.598425 0.590551 0.543307 
vn -0.582677 0.811024 0 
vn -0.622047 0.314961 0.716535 
vn -0.582677 0.811024 0 
vn -0.622047 0.314961 0.716535 
vn -0.622047 0.15748 0.76378 
vn -0.622047 0.15748 0.76378 
vn -0.582677 0.755906 -0.299213 
vn -0.582677 0.755906 -0.299213 
vn -0.590551 0.582677 -0.551181 
vn -0.590551 0.582677 -0.559055 
vn -0.614173 0.322835 -0.724409 
vn -0.614173 0.330709 -0.716535 
vn -0.622047 0.181102 -0.76378 
vn -0.622047 0.181102 -0.76378 
vn 0 0.740157 0.677165 
vn 0 0.740157 0.677165 
vn 0 0.937008 0.354331 
vn 0 0.409449 0.913386 
vn 0 0.937008 0.354331 
vn 0 0.409449 0.913386 
vn 0 0.212598 0.976378 
vn 0 0.212598 0.976378 
vn 0 1 0 
vn 0 1 0 
vn 0 0.929134 -0.362205 
vn 0 0.929134 -0.362205 
vn 0 0.724409 -0.692913 
vn 0 0.724409 -0.692913 
vn 0 0.417323 -0.905512 
vn 0 0.417323 -0.905512 
vn 0 0.23622 -0.968504 
vn 0 0.23622 -0.968504 
vn 0 -0.417323 -0.913386 
vn 0 -0.409449 -0.913386 
vn 0 -0.409449 -0.913386 
vn 0 -0.417323 -0.913386 
vn 0 -0.543307 -0.84252 
vn 0 -0.543307 -0.84252 
vn 0 -0.755906 -0.661417 
vn 0 -0.755906 -0.661417 
vn 0 -0.929134 -0.377953 
vn 0 -0.929134 -0.377953 
vn 0 -1 -0.00787402 
vn 0 -1 -0.00787402 
vn 0 -0.937008 0.346457 
vn 0 -0.937008 0.346457 
vn 0 -0.76378 0.645669 
vn 0 -0.76378 0.645669 
vn 0 -0.543307 0.84252 
vn 0 -0.543307 0.84252 
vn 0 -0.385827 0.92126 
vn 0 -0.385827 0.92126 
vn 0 -0.322835 0.944882 
vn 0 -0.322835 0.944882 
vn 0.519685 0.527559 -0.669291 
vn 0.519685 0.527559 -0.669291 
vn 0.519685 0.527559 -0.669291 
vn 0.519685 0.527559 -0.669291 
vn 0.511811 0.527559 0.677165 
vn 0.511811 0.527559 0.677165 
vn 0.511811 0.527559 0.677165 
vn 0.511811 0.527559 0.677165 
vn 0.574803 -0.417323 -0.708661 
vn 0.574803 -0.401575 -0.716535 
vn 0.574803 -0.401575 -0.716535 
vn 0.574803 -0.409449 -0.708661 
vn 0.598425 -0.503937 -0.622047 
vn 0.598425 -0.503937 -0.622047 
vn 0.622047 -0.622047 -0.472441 
vn 0.622047 -0.622047 -0.472441 
vn 0.637795 -0.732283 -0.251969 
vn 0.637795 -0.732283 -0.251969 
vn 0.629921 -0.779528 0.00787402 
vn 0.629921 -0.779528 0 
vn 0.629921 -0.740157 0.23622 
vn 0.629921 -0.740157 0.228346 
vn 0.606299 -0.645669 0.464567 
vn 0.606299 -0.645669 0.464567 
vn 0.582677 -0.503937 0.637795 
vn 0.582677 -0.503937 0.637795 
vn 0.559055 -0.393701 0.724409 
vn 0.559055 -0.401575 0.724409 
vn 0.574803 -0.338583 0.748031 
vn 0.574803 -0.338583 0.748031 
vn -0.448819 0.724409 -0.527559 
vn -0.448819 0.724409 -0.527559 
vn -0.448819 0.724409 -0.527559 
vn -0.448819 0.724409 -0.527559 
vn -0.448819 0.716535 0.535433 
vn -0.448819 0.716535 0.535433 
vn -0.448819 0.716535 0.535433 
vn -0.448819 0.716535 0.535433 
vn 0 0.637795 -0.771654 
vn 0 0.637795 -0.771654 
vn 0 0.637795 -0.771654 
vn 0 0.637795 -0.771654 
vn 0 0.629921 0.779528 
vn 0 0.629921 0.779528 
vn 0 0.629921 0.779528 
vn 0 0.629921 0.779528 
vn -0.80315 0.590551 0 
vn -0.80315 0.590551 0 
vn -0.80315 0.590551 0 
vn -0.80315 0.590551 0 
vn -0.80315 0.590551 0 
vn -0.80315 0.590551 0 
vn -0.80315 0.590551 0 
vn 0.629921 0 -0.779528 
vn 0.629921 0 -0.779528 
vn 0.629921 0 -0.779528 
vn 0.629921 0 -0.779528 
vn 0.629921 0 -0.779528 
vn 0.629921 0 -0.779528 
vn 0.629921 0 -0.779528 
vn 0.629921 0 -0.779528 
vn 0.614173 0 0.787402 
vn 0.614173 0 0.787402 
vn 0.614173 0 0.787402 
vn 0.614173 0 0.787402 
vn 0.614173 0 0.787402 
vn 0.614173 0 0.787402 
vn 0.614173 0 0.787402 
vn 0.614173 0 0.787402 
vn -0.645669 0 -0.76378 
vn -0.645669 0 -0.76378 
vn -0.645669 0 -0.76378 
vn -0.645669 0 -0.76378 
vn -0.645669 0 -0.76378 
vn -0.645669 0 -0.76378 
vn -0.645669 0 -0.76378 
vn -0.645669 0 -0.76378 
vn -0.645669 0 -0.76378 
vn -0.645669 0 -0.76378 
vn -0.645669 0 -0.76378 
vn -0.645669 0 -0.76378 
vn -0.645669 0 -0.76378 
vn -0.645669 0 -0.76378 
vn -0.645669 0 -0.76378 
vn -0.645669 0 -0.76378 
vn -0.637795 0 0.771654 
vn -0.637795 0 0.771654 
vn -0.637795 0 0.771654 
vn -0.637795 0 0.771654 
vn -0.637795 0 0.771654 
vn -0.637795 0 0.771654 
vn -0.637795 0 0.771654 
vn -0.637795 0 0.771654 
vn -0.637795 0 0.771654 
vn -0.637795 0 0.771654 
vn -0.637795 0 0.771654 
vn -0.637795 0 0.771654 
vn -0.637795 0 0.771654 
vn -0.637795 0 0.771654 
vn -0.637795 0 0.771654 
vn -0.637795 0 0.771654 
vn 0.637795 0 -0.771654 
vn 0.637795 0 -0.771654 
vn 0.637795 0 -0.771654 
vn 0.637795 0 -0.771654 
vn 0.629921 0 0.779528 
vn 0.629921 0 0.779528 
vn 0.629921 0 0.779528 
vn 0.629921 0 0.779528 
vn 0.496063 -0.598425 0.629921 
vn 0.496063 -0.598425 0.629921 
vn 0.496063 -0.598425 0.629921 
vn 0.496063 -0.598425 0.629921 
vn 0.503937 -0.606299 -0.614173 
vn 0.503937 -0.606299 -0.614173 
vn 0.503937 -0.606299 -0.614173 
vn 0.503937 -0.606299 -0.614173 
vn -0.984252 -0.181102 0 
vn -0.976378 -0.204724 0 
vn -0.976378 -0.204724 0 
vn -0.984252 -0.181102 0 
vn -0.984252 -0.165354 0 
vn -0.984252 -0.165354 0 
vn -0.992126 -0.141732 0 
vn -0.992126 -0.141732 0 
vn -0.984252 -0.165354 0.00787402 
vn -0.984252 -0.165354 0.00787402 
vn -0.984252 -0.165354 0.00787402 
vn 0 0 -1 
vn 0 0 -1 
vn 0 0 -1 
vn 0 0 -1 
vn 0 0 -1 
vn 0 0 -1 
vn 0 0 -1 
vn 0 0 -1 
vn 0 0 -1 
vn 0 0 -1 
vn 0 0 -1 
vn 0 0 -1 
vn 0 0 -1 
vn 0 0 -1 
vn 0 0 1 
vn 0 0 1 
vn 0 0 1 
vn 0 0 1 
vn 0 0 1 
vn 0 0 1 
vn 0 0 1 
vn 0 0 1 
vn 0 0 1 
vn 0 0 1 
vn 0 0 1 
vn 0 0 1 
vn 0 0 1 
vn 0 0 1 
vn 0 0 1 
vn 0 0 1 
vn 0.976378 -0.212598 0 
vn 0.976378 -0.212598 0 
vn 0.984252 -0.181102 0 
vn 0.984252 -0.181102 0 
vn 0.984252 -0.165354 0 
vn 0.984252 -0.165354 0 
vn 0.992126 -0.141732 0 
vn 0.992126 -0.141732 0 
vn 0.984252 -0.165354 0.00787402 
vn 0.984252 -0.165354 0.00787402 
vn 0.984252 -0.165354 0.00787402 
vn 1 0 0 
vn 1 0 0 
vn 1 0 0 
vn 1 0 0 
vn 1 0 0 
vn 1 0 0 
vn 1 0 0 
vn 1 0 0 
vn 1 0 0 
vn 1 0 0 
vn 1 0 0 
vn 1 0 0 
vn 1 0 0 
vn 1 0 0 
vn 1 0 0 
vn 1 0 0 
vn 1 0 0 
vn 1 0 0 
vn 1 0 0 
vn 1 0 0 
vn 1 0 0 
vn 1 0 0 
vn 1 0 0 
vn 1 0 0 
vn 1 0 0 
vn -1 0 0 
vn -1 0 0 
vn -1 0 0 
vn -1 0 0 
vn -1 0 0 
vn -1 0 0 
vn -1 0 0 
vn -1 0 0 
vn -1 0 0 
vn -1 0 0 
vn -1 0 0 
vn -1 0 0 
vn -1 0 0 
vn -1 0 0 
vn -1 0 0 
vn -1 0 0 
vn -1 0 0 
vn -1 0 0 
vn -1 0 0 
vn -1 0 0 
vn -1 0 0 
vn -1 0 0 
vn -1 0 0 
vn -1 0 0 
vn -1 0 0 
vn -1 0 0 
vn 1 0 0 
vn 1 0 0 
vn 1 0 0 
vn 1 0 0 
vn 0.637795 -0.771654 0 
vn 0.637795 -0.771654 0 
vn 0.637795 -0.771654 0 
vn 0.637795 -0.771654 0 

vt 0.452075 0.41361 
vt 0.443695 0.410639 
vt 0.452347 0.410639 
vt 0.443695 0.41361 
vt 0.460758 0.41361 
vt 0.4359 0.41361 
vt 0.460883 0.410639 
vt 0.4359 0.410639 
vt 0.42823 0.41361 
vt 0.42823 0.410639 
vt 0.468983 0.410639 
vt 0.469201 0.41361 
vt 0.476974 0.410639 
vt 0.476974 0.41361 
vt 0.484872 0.41361 
vt 0.484872 0.410639 
vt 0.492963 0.41361 
vt 0.492963 0.410639 
vt 0.533225 0.391171 
vt 0.532199 0.396024 
vt 0.530849 0.394466 
vt 0.534815 0.392939 
vt 0.532199 0.397576 
vt 0.530849 0.396228 
vt 0.530849 0.401146 
vt 0.532199 0.402288 
vt 0.530849 0.409519 
vt 0.532199 0.410044 
vt 0.530849 0.419593 
vt 0.532199 0.419569 
vt 0.532199 0.427909 
vt 0.530848 0.428534 
vt 0.532199 0.43531 
vt 0.530848 0.436546 
vt 0.532199 0.43998 
vt 0.530848 0.441398 
vt 0.530848 0.443356 
vt 0.532199 0.441752 
vt 0.533223 0.446655 
vt 0.534815 0.444834 
vt 0.451934 0.467063 
vt 0.443695 0.467063 
vt 0.451767 0.464266 
vt 0.443695 0.464266 
vt 0.460054 0.464266 
vt 0.4359 0.464266 
vt 0.459935 0.467063 
vt 0.4359 0.467063 
vt 0.42823 0.464266 
vt 0.42823 0.467063 
vt 0.468266 0.467063 
vt 0.468535 0.464266 
vt 0.476974 0.467063 
vt 0.476974 0.464266 
vt 0.484872 0.464266 
vt 0.484872 0.467063 
vt 0.492963 0.464266 
vt 0.492963 0.467064 
vt 0.443695 0.464266 
vt 0.443695 0.41361 
vt 0.451767 0.464266 
vt 0.4359 0.464266 
vt 0.452075 0.41361 
vt 0.4359 0.41361 
vt 0.42823 0.41361 
vt 0.42823 0.464266 
vt 0.460758 0.41361 
vt 0.460054 0.464266 
vt 0.469201 0.41361 
vt 0.468535 0.464266 
vt 0.476974 0.41361 
vt 0.476974 0.464266 
vt 0.484872 0.464266 
vt 0.484872 0.41361 
vt 0.492963 0.41361 
vt 0.492963 0.464266 
vt 0.50421 0.443356 
vt 0.533223 0.446655 
vt 0.501837 0.446655 
vt 0.530848 0.443356 
vt 0.530848 0.441398 
vt 0.50421 0.441398 
vt 0.530848 0.436546 
vt 0.50421 0.436546 
vt 0.530848 0.428534 
vt 0.50421 0.428534 
vt 0.530849 0.419593 
vt 0.50421 0.419593 
vt 0.50421 0.409519 
vt 0.530849 0.409519 
vt 0.50421 0.401146 
vt 0.530849 0.401146 
vt 0.50421 0.396228 
vt 0.530849 0.396228 
vt 0.50421 0.394466 
vt 0.530849 0.394466 
vt 0.533225 0.391171 
vt 0.501837 0.391171 
vt 0.492963 0.41361 
vt 0.492963 0.410639 
vt 0.495157 0.41361 
vt 0.495157 0.410639 
vt 0.426042 0.41361 
vt 0.426042 0.410639 
vt 0.42823 0.410639 
vt 0.42823 0.41361 
vt 0.502842 0.441752 
vt 0.501837 0.446655 
vt 0.500225 0.444834 
vt 0.50421 0.443356 
vt 0.502842 0.43998 
vt 0.50421 0.441398 
vt 0.50421 0.436546 
vt 0.502842 0.43531 
vt 0.50421 0.428534 
vt 0.502842 0.427909 
vt 0.50421 0.419593 
vt 0.502842 0.419569 
vt 0.502842 0.410043 
vt 0.50421 0.409519 
vt 0.502842 0.402286 
vt 0.50421 0.401146 
vt 0.502842 0.397573 
vt 0.50421 0.396228 
vt 0.50421 0.394466 
vt 0.502842 0.39602 
vt 0.501837 0.391171 
vt 0.500225 0.392934 
vt 0.492963 0.467064 
vt 0.495157 0.464266 
vt 0.495157 0.467064 
vt 0.492963 0.464266 
vt 0.42823 0.467063 
vt 0.426042 0.464266 
vt 0.42823 0.464266 
vt 0.426042 0.467063 
vt 0.492963 0.464266 
vt 0.492963 0.41361 
vt 0.495157 0.41361 
vt 0.495157 0.464266 
vt 0.426042 0.41361 
vt 0.42823 0.464266 
vt 0.426042 0.464266 
vt 0.42823 0.41361 
vt 0.481373 0.495618 
vt 0.459872 0.492663 
vt 0.480089 0.492663 
vt 0.438042 0.495618 
vt 0.459872 0.492663 
vt 0.438042 0.495618 
vt 0.439419 0.492663 
vt 0.499325 0.356713 
vt 0.495656 0.319644 
vt 0.499325 0.319644 
vt 0.495656 0.356713 
vt 0.495656 0.38256 
vt 0.499325 0.356713 
vt 0.499325 0.38256 
vt 0.495656 0.356713 
vt 0.704532 0.319644 
vt 0.700926 0.356713 
vt 0.700926 0.319644 
vt 0.704532 0.356713 
vt 0.704532 0.356713 
vt 0.700926 0.38256 
vt 0.700926 0.356713 
vt 0.704532 0.38256 
vt 0.561334 0.319644 
vt 0.565325 0.31285 
vt 0.565325 0.319644 
vt 0.561334 0.31285 
vt 0.561334 0.356713 
vt 0.565325 0.319644 
vt 0.565325 0.356713 
vt 0.561334 0.319644 
vt 0.561334 0.38256 
vt 0.561334 0.356713 
vt 0.565325 0.38256 
vt 0.565325 0.356713 
vt 0.565325 0.270524 
vt 0.565325 0.31285 
vt 0.561334 0.31285 
vt 0.561334 0.270524 
vt 0.635458 0.312851 
vt 0.638793 0.319644 
vt 0.635458 0.319644 
vt 0.638793 0.312851 
vt 0.635458 0.356713 
vt 0.635458 0.319644 
vt 0.638793 0.319644 
vt 0.638793 0.356713 
vt 0.635458 0.356713 
vt 0.638793 0.38256 
vt 0.635458 0.38256 
vt 0.638793 0.356713 
vt 0.635458 0.270524 
vt 0.638793 0.312851 
vt 0.635458 0.312851 
vt 0.638793 0.270524 
vt 0.495656 0.313219 
vt 0.495656 0.270586 
vt 0.499325 0.313715 
vt 0.499325 0.270669 
vt 0.700926 0.312851 
vt 0.700926 0.270524 
vt 0.704532 0.270524 
vt 0.704532 0.312851 
vt 0.704532 0.312851 
vt 0.700926 0.319644 
vt 0.700926 0.312851 
vt 0.704532 0.319644 
vt 0.499325 0.313715 
vt 0.499325 0.319644 
vt 0.495656 0.313219 
vt 0.495656 0.319644 
vt 0.532199 0.441752 
vt 0.534815 0.392939 
vt 0.534815 0.444834 
vt 0.532199 0.396024 
vt 0.532199 0.43998 
vt 0.532199 0.397576 
vt 0.532199 0.43531 
vt 0.532199 0.402288 
vt 0.532199 0.419569 
vt 0.532199 0.410044 
vt 0.532199 0.427909 
vt 0.499325 0.356713 
vt 0.561334 0.319644 
vt 0.561334 0.356713 
vt 0.499325 0.319644 
vt 0.499325 0.313715 
vt 0.561334 0.31285 
vt 0.499325 0.38256 
vt 0.561334 0.356713 
vt 0.561334 0.38256 
vt 0.499325 0.356713 
vt 0.561334 0.31285 
vt 0.499325 0.270669 
vt 0.561334 0.270524 
vt 0.499325 0.313715 
vt 0.700926 0.312851 
vt 0.638793 0.319644 
vt 0.638793 0.312851 
vt 0.700926 0.319644 
vt 0.700926 0.319644 
vt 0.638793 0.356713 
vt 0.638793 0.319644 
vt 0.700926 0.356713 
vt 0.700926 0.356713 
vt 0.638793 0.38256 
vt 0.638793 0.356713 
vt 0.700926 0.38256 
vt 0.638793 0.270524 
vt 0.700926 0.312851 
vt 0.638793 0.312851 
vt 0.700926 0.270524 
vt 0.500225 0.444834 
vt 0.500225 0.392934 
vt 0.502842 0.441752 
vt 0.502842 0.39602 
vt 0.502842 0.43998 
vt 0.502842 0.397573 
vt 0.502842 0.43531 
vt 0.502842 0.402286 
vt 0.502842 0.419569 
vt 0.502842 0.427909 
vt 0.502842 0.410043 
vt 0.495656 0.38256 
vt 0.426548 0.38256 
vt 0.495656 0.356713 
vt 0.426546 0.356713 
vt 0.495656 0.356713 
vt 0.426546 0.356713 
vt 0.495656 0.319644 
vt 0.426547 0.319644 
vt 0.460642 0.386148 
vt 0.482453 0.383932 
vt 0.481092 0.386148 
vt 0.43881 0.383932 
vt 0.452347 0.410639 
vt 0.445387 0.404133 
vt 0.460642 0.386148 
vt 0.441279 0.395708 
vt 0.440118 0.386148 
vt 0.460883 0.410639 
vt 0.468983 0.410639 
vt 0.475336 0.404526 
vt 0.479585 0.396127 
vt 0.481092 0.386148 
vt 0.43881 0.383932 
vt 0.460642 0.386148 
vt 0.440118 0.386148 
vt 0.565325 0.319644 
vt 0.635458 0.356713 
vt 0.565325 0.356713 
vt 0.635458 0.319644 
vt 0.565325 0.319644 
vt 0.635458 0.312851 
vt 0.635458 0.319644 
vt 0.565325 0.31285 
vt 0.635458 0.356713 
vt 0.565325 0.38256 
vt 0.565325 0.356713 
vt 0.635458 0.38256 
vt 0.565325 0.270524 
vt 0.635458 0.312851 
vt 0.565325 0.31285 
vt 0.635458 0.270524 
vt 0.445112 0.472966 
vt 0.451934 0.467063 
vt 0.459872 0.492663 
vt 0.459935 0.467063 
vt 0.440755 0.481293 
vt 0.439419 0.492663 
vt 0.468266 0.467063 
vt 0.474757 0.473928 
vt 0.478815 0.482409 
vt 0.480089 0.492663 
vt 0.495656 0.31285 
vt 0.426551 0.270524 
vt 0.495656 0.270524 
vt 0.426551 0.31285 
vt 0.426551 0.31285 
vt 0.495656 0.31285 
vt 0.495656 0.319644 
vt 0.426547 0.319644 

usemtl Rig1Mtl

f 2788/2788/2788 2789/2789/2789 2790/2790/2790 
f 2788/2788/2788 2791/2791/2791 2789/2789/2789 
f 2790/2790/2790 2792/2792/2792 2788/2788/2788 
f 2793/2793/2793 2789/2789/2789 2791/2791/2791 
f 2792/2792/2792 2790/2790/2790 2794/2794/2794 
f 2789/2789/2789 2793/2793/2793 2795/2795/2795 
f 2796/2796/2796 2795/2795/2795 2793/2793/2793 
f 2797/2797/2797 2795/2795/2795 2796/2796/2796 
f 2798/2798/2798 2792/2792/2792 2794/2794/2794 
f 2792/2792/2792 2798/2798/2798 2799/2799/2799 
f 2800/2800/2800 2799/2799/2799 2798/2798/2798 
f 2799/2799/2799 2800/2800/2800 2801/2801/2801 
f 2800/2800/2800 2802/2802/2802 2801/2801/2801 
f 2802/2802/2802 2800/2800/2800 2803/2803/2803 
f 2803/2803/2803 2804/2804/2804 2802/2802/2802 
f 2804/2804/2804 2803/2803/2803 2805/2805/2805 
f 2806/2806/2806 2807/2807/2807 2808/2808/2808 
f 2807/2807/2807 2806/2806/2806 2809/2809/2809 
f 2810/2810/2810 2808/2808/2808 2807/2807/2807 
f 2808/2808/2808 2810/2810/2810 2811/2811/2811 
f 2810/2810/2810 2812/2812/2812 2811/2811/2811 
f 2812/2812/2812 2810/2810/2810 2813/2813/2813 
f 2814/2814/2814 2812/2812/2812 2813/2813/2813 
f 2814/2814/2814 2813/2813/2813 2815/2815/2815 
f 2815/2815/2815 2816/2816/2816 2814/2814/2814 
f 2816/2816/2816 2815/2815/2815 2817/2817/2817 
f 2818/2818/2818 2816/2816/2816 2817/2817/2817 
f 2816/2816/2816 2818/2818/2818 2819/2819/2819 
f 2818/2818/2818 2820/2820/2820 2819/2819/2819 
f 2821/2821/2821 2819/2819/2819 2820/2820/2820 
f 2822/2822/2822 2821/2821/2821 2820/2820/2820 
f 2821/2821/2821 2822/2822/2822 2823/2823/2823 
f 2822/2822/2822 2824/2824/2824 2823/2823/2823 
f 2824/2824/2824 2822/2822/2822 2825/2825/2825 
f 2826/2826/2826 2824/2824/2824 2825/2825/2825 
f 2827/2827/2827 2826/2826/2826 2825/2825/2825 
f 2828/2828/2828 2829/2829/2829 2830/2830/2830 
f 2830/2830/2830 2829/2829/2829 2831/2831/2831 
f 2832/2832/2832 2828/2828/2828 2830/2830/2830 
f 2833/2833/2833 2831/2831/2831 2829/2829/2829 
f 2834/2834/2834 2828/2828/2828 2832/2832/2832 
f 2833/2833/2833 2829/2829/2829 2835/2835/2835 
f 2835/2835/2835 2836/2836/2836 2833/2833/2833 
f 2836/2836/2836 2835/2835/2835 2837/2837/2837 
f 2838/2838/2838 2834/2834/2834 2832/2832/2832 
f 2832/2832/2832 2839/2839/2839 2838/2838/2838 
f 2840/2840/2840 2838/2838/2838 2839/2839/2839 
f 2839/2839/2839 2841/2841/2841 2840/2840/2840 
f 2842/2842/2842 2840/2840/2840 2841/2841/2841 
f 2840/2840/2840 2842/2842/2842 2843/2843/2843 
f 2842/2842/2842 2844/2844/2844 2843/2843/2843 
f 2843/2843/2843 2844/2844/2844 2845/2845/2845 
f 2846/2846/2846 2847/2847/2847 2848/2848/2848 
f 2849/2849/2849 2847/2847/2847 2846/2846/2846 
f 2850/2850/2850 2848/2848/2848 2847/2847/2847 
f 2849/2849/2849 2851/2851/2851 2847/2847/2847 
f 2849/2849/2849 2852/2852/2852 2851/2851/2851 
f 2852/2852/2852 2849/2849/2849 2853/2853/2853 
f 2854/2854/2854 2848/2848/2848 2850/2850/2850 
f 2854/2854/2854 2855/2855/2855 2848/2848/2848 
f 2856/2856/2856 2855/2855/2855 2854/2854/2854 
f 2856/2856/2856 2857/2857/2857 2855/2855/2855 
f 2858/2858/2858 2857/2857/2857 2856/2856/2856 
f 2858/2858/2858 2859/2859/2859 2857/2857/2857 
f 2859/2859/2859 2858/2858/2858 2860/2860/2860 
f 2861/2861/2861 2860/2860/2860 2858/2858/2858 
f 2862/2862/2862 2860/2860/2860 2861/2861/2861 
f 2860/2860/2860 2862/2862/2862 2863/2863/2863 
f 2864/2864/2864 2865/2865/2865 2866/2866/2866 
f 2865/2865/2865 2864/2864/2864 2867/2867/2867 
f 2864/2864/2864 2868/2868/2868 2867/2867/2867 
f 2868/2868/2868 2864/2864/2864 2869/2869/2869 
f 2868/2868/2868 2869/2869/2869 2870/2870/2870 
f 2871/2871/2871 2870/2870/2870 2869/2869/2869 
f 2870/2870/2870 2871/2871/2871 2872/2872/2872 
f 2873/2873/2873 2872/2872/2872 2871/2871/2871 
f 2872/2872/2872 2873/2873/2873 2874/2874/2874 
f 2875/2875/2875 2874/2874/2874 2873/2873/2873 
f 2876/2876/2876 2874/2874/2874 2875/2875/2875 
f 2874/2874/2874 2876/2876/2876 2877/2877/2877 
f 2878/2878/2878 2877/2877/2877 2876/2876/2876 
f 2877/2877/2877 2878/2878/2878 2879/2879/2879 
f 2880/2880/2880 2879/2879/2879 2878/2878/2878 
f 2879/2879/2879 2880/2880/2880 2881/2881/2881 
f 2881/2881/2881 2880/2880/2880 2882/2882/2882 
f 2881/2881/2881 2882/2882/2882 2883/2883/2883 
f 2882/2882/2882 2884/2884/2884 2883/2883/2883 
f 2884/2884/2884 2882/2882/2882 2885/2885/2885 
f 2886/2886/2886 2887/2887/2887 2888/2888/2888 
f 2887/2887/2887 2889/2889/2889 2888/2888/2888 
f 2890/2890/2890 2891/2891/2891 2892/2892/2892 
f 2890/2890/2890 2892/2892/2892 2893/2893/2893 
f 2894/2894/2894 2895/2895/2895 2896/2896/2896 
f 2895/2895/2895 2894/2894/2894 2897/2897/2897 
f 2898/2898/2898 2897/2897/2897 2894/2894/2894 
f 2897/2897/2897 2898/2898/2898 2899/2899/2899 
f 2898/2898/2898 2900/2900/2900 2899/2899/2899 
f 2900/2900/2900 2898/2898/2898 2901/2901/2901 
f 2902/2902/2902 2900/2900/2900 2901/2901/2901 
f 2901/2901/2901 2903/2903/2903 2902/2902/2902 
f 2903/2903/2903 2904/2904/2904 2902/2902/2902 
f 2904/2904/2904 2903/2903/2903 2905/2905/2905 
f 2906/2906/2906 2904/2904/2904 2905/2905/2905 
f 2904/2904/2904 2906/2906/2906 2907/2907/2907 
f 2906/2906/2906 2908/2908/2908 2907/2907/2907 
f 2907/2907/2907 2908/2908/2908 2909/2909/2909 
f 2910/2910/2910 2909/2909/2909 2908/2908/2908 
f 2909/2909/2909 2910/2910/2910 2911/2911/2911 
f 2910/2910/2910 2912/2912/2912 2911/2911/2911 
f 2912/2912/2912 2910/2910/2910 2913/2913/2913 
f 2913/2913/2913 2914/2914/2914 2912/2912/2912 
f 2914/2914/2914 2913/2913/2913 2915/2915/2915 
f 2916/2916/2916 2917/2917/2917 2918/2918/2918 
f 2917/2917/2917 2916/2916/2916 2919/2919/2919 
f 2920/2920/2920 2921/2921/2921 2922/2922/2922 
f 2921/2921/2921 2920/2920/2920 2923/2923/2923 
f 2924/2924/2924 2925/2925/2925 2926/2926/2926 
f 2924/2924/2924 2926/2926/2926 2927/2927/2927 
f 2928/2928/2928 2929/2929/2929 2930/2930/2930 
f 2929/2929/2929 2928/2928/2928 2931/2931/2931 
f 2932/2932/2932 2933/2933/2933 2934/2934/2934 
f 2932/2932/2932 2935/2935/2935 2933/2933/2933 
f 2936/2936/2936 2937/2937/2937 2938/2938/2938 
f 2939/2939/2939 2940/2940/2940 2941/2941/2941 
f 2940/2940/2940 2939/2939/2939 2942/2942/2942 
f 2943/2943/2943 2944/2944/2944 2945/2945/2945 
f 2944/2944/2944 2943/2943/2943 2946/2946/2946 
f 2947/2947/2947 2948/2948/2948 2949/2949/2949 
f 2948/2948/2948 2947/2947/2947 2950/2950/2950 
f 2951/2951/2951 2952/2952/2952 2953/2953/2953 
f 2952/2952/2952 2951/2951/2951 2954/2954/2954 
f 2955/2955/2955 2956/2956/2956 2957/2957/2957 
f 2956/2956/2956 2955/2955/2955 2958/2958/2958 
f 2959/2959/2959 2960/2960/2960 2961/2961/2961 
f 2960/2960/2960 2959/2959/2959 2962/2962/2962 
f 2963/2963/2963 2964/2964/2964 2965/2965/2965 
f 2965/2965/2965 2964/2964/2964 2966/2966/2966 
f 2967/2967/2967 2968/2968/2968 2969/2969/2969 
f 2969/2969/2969 2970/2970/2970 2967/2967/2967 
f 2971/2971/2971 2972/2972/2972 2973/2973/2973 
f 2972/2972/2972 2971/2971/2971 2974/2974/2974 
f 2975/2975/2975 2976/2976/2976 2977/2977/2977 
f 2977/2977/2977 2978/2978/2978 2975/2975/2975 
f 2979/2979/2979 2980/2980/2980 2981/2981/2981 
f 2980/2980/2980 2979/2979/2979 2982/2982/2982 
f 2983/2983/2983 2984/2984/2984 2985/2985/2985 
f 2984/2984/2984 2983/2983/2983 2986/2986/2986 
f 2987/2987/2987 2988/2988/2988 2989/2989/2989 
f 2989/2989/2989 2988/2988/2988 2990/2990/2990 
f 2991/2991/2991 2992/2992/2992 2993/2993/2993 
f 2993/2993/2993 2994/2994/2994 2991/2991/2991 
f 2995/2995/2995 2996/2996/2996 2997/2997/2997 
f 2996/2996/2996 2995/2995/2995 2998/2998/2998 
f 2999/2999/2999 3000/3000/3000 3001/3001/3001 
f 3002/3002/3002 3001/3001/3001 3000/3000/3000 
f 3003/3003/3003 3004/3004/3004 3005/3005/3005 
f 3004/3004/3004 3003/3003/3003 3006/3006/3006 
f 3006/3006/3006 3003/3003/3003 3007/3007/3007 
f 3006/3006/3006 3007/3007/3007 3008/3008/3008 
f 3008/3008/3008 3007/3007/3007 3009/3009/3009 
f 3008/3008/3008 3009/3009/3009 3010/3010/3010 
f 3011/3011/3011 3010/3010/3010 3009/3009/3009 
f 3010/3010/3010 3011/3011/3011 3012/3012/3012 
f 3011/3011/3011 3009/3009/3009 3013/3013/3013 
f 3014/3014/3014 3015/3015/3015 3016/3016/3016 
f 3015/3015/3015 3014/3014/3014 3017/3017/3017 
f 3015/3015/3015 3017/3017/3017 3018/3018/3018 
f 3015/3015/3015 3018/3018/3018 3019/3019/3019 
f 3020/3020/3020 3021/3021/3021 3022/3022/3022 
f 3021/3021/3021 3020/3020/3020 3023/3023/3023 
f 3024/3024/3024 3025/3025/3025 3026/3026/3026 
f 3025/3025/3025 3024/3024/3024 3027/3027/3027 
f 3028/3028/3028 3029/3029/3029 3030/3030/3030 
f 3029/3029/3029 3028/3028/3028 3031/3031/3031 
f 3032/3032/3032 3033/3033/3033 3034/3034/3034 
f 3033/3033/3033 3032/3032/3032 3035/3035/3035 
f 3036/3036/3036 3037/3037/3037 3038/3038/3038 
f 3037/3037/3037 3036/3036/3036 3039/3039/3039 
f 3040/3040/3040 3041/3041/3041 3042/3042/3042 
f 3041/3041/3041 3040/3040/3040 3043/3043/3043 
f 3044/3044/3044 3045/3045/3045 3046/3046/3046 
f 3046/3046/3046 3045/3045/3045 3047/3047/3047 
f 3047/3047/3047 3048/3048/3048 3046/3046/3046 
f 3048/3048/3048 3047/3047/3047 3049/3049/3049 
f 3048/3048/3048 3049/3049/3049 3050/3050/3050 
f 3050/3050/3050 3049/3049/3049 3051/3051/3051 
f 3051/3051/3051 3052/3052/3052 3050/3050/3050 
f 3050/3050/3050 3052/3052/3052 3053/3053/3053 
f 3052/3052/3052 3051/3051/3051 3054/3054/3054 
f 3055/3055/3055 3056/3056/3056 3057/3057/3057 
f 3057/3057/3057 3056/3056/3056 3058/3058/3058 
f 3059/3059/3059 3060/3060/3060 3061/3061/3061 
f 3061/3061/3061 3060/3060/3060 3062/3062/3062 
f 3063/3063/3063 3064/3064/3064 3065/3065/3065 
f 3066/3066/3066 3064/3064/3064 3063/3063/3063 
f 3067/3067/3067 3068/3068/3068 3069/3069/3069 
f 3068/3068/3068 3070/3070/3070 3069/3069/3069 
f 3070/3070/3070 3071/3071/3071 3069/3069/3069 
f 3072/3072/3072 3067/3067/3067 3069/3069/3069 
f 3073/3073/3073 3072/3072/3072 3069/3069/3069 
f 3074/3074/3074 3073/3073/3073 3069/3069/3069 
f 3075/3075/3075 3074/3074/3074 3069/3069/3069 
f 3076/3076/3076 3075/3075/3075 3069/3069/3069 
f 3077/3077/3077 3078/3078/3078 3079/3079/3079 
f 3080/3080/3080 3081/3081/3081 3082/3082/3082 
f 3081/3081/3081 3080/3080/3080 3083/3083/3083 
f 3084/3084/3084 3085/3085/3085 3086/3086/3086 
f 3085/3085/3085 3084/3084/3084 3087/3087/3087 
f 3088/3088/3088 3089/3089/3089 3090/3090/3090 
f 3089/3089/3089 3088/3088/3088 3091/3091/3091 
f 3092/3092/3092 3093/3093/3093 3094/3094/3094 
f 3093/3093/3093 3092/3092/3092 3095/3095/3095 
f 3096/3096/3096 3097/3097/3097 3098/3098/3098 
f 3097/3097/3097 3099/3099/3099 3098/3098/3098 
f 3100/3100/3100 3096/3096/3096 3098/3098/3098 
f 3101/3101/3101 3100/3100/3100 3098/3098/3098 
f 3099/3099/3099 3102/3102/3102 3098/3098/3098 
f 3102/3102/3102 3103/3103/3103 3098/3098/3098 
f 3103/3103/3103 3104/3104/3104 3098/3098/3098 
f 3104/3104/3104 3105/3105/3105 3098/3098/3098 
f 3106/3106/3106 3107/3107/3107 3108/3108/3108 
f 3107/3107/3107 3106/3106/3106 3109/3109/3109 
f 3110/3110/3110 3111/3111/3111 3112/3112/3112 
f 3112/3112/3112 3113/3113/3113 3110/3110/3110 

g Rig7

v -5.23459 5.60784 -3.51379 
v -5.15501 5.59647 -3.52751 
v -5.17458 5.52616 -3.54893 
v -5.16771 5.64559 -3.31926 
v -5.05993 5.52614 -3.53782 
v -5.26321 5.52833 -3.5338 
v -5.05177 5.58428 -3.51743 
v -5.16771 5.64559 -3.31926 
v -4.99634 5.51096 -3.44438 
v -5.29426 5.61207 -3.45735 
v -5.16771 5.64559 -3.31926 
v -5.32912 5.52525 -3.47155 
v -5.37149 5.51992 -3.40621 
v -4.99612 5.56385 -3.43271 
v -5.16771 5.64559 -3.31926 
v -4.97113 5.54925 -3.31153 
v -5.16771 5.64559 -3.31926 
v -4.96709 5.49819 -3.31074 
v -5.33298 5.61177 -3.3981 
v -5.16771 5.64559 -3.31926 
v -5.3495 5.60879 -3.32916 
v -5.16771 5.64559 -3.31926 
v -5.38919 5.51452 -3.33018 
v -4.97104 5.54747 -3.2596 
v -5.16771 5.64559 -3.31926 
v -4.96676 5.49625 -3.25347 
v -5.34608 5.6024 -3.24964 
v -5.16771 5.64559 -3.31926 
v -5.38462 5.50797 -3.24248 
v -4.9832 5.54696 -3.20234 
v -5.16771 5.64559 -3.31926 
v -4.98001 5.49412 -3.19032 
v -5.04526 5.49282 -3.13939 
v -5.32108 5.59718 -3.1897 
v -5.16771 5.64559 -3.31926 
v -5.35657 5.50548 -3.17638 
v -5.25304 5.50411 -3.09204 
v -5.0421 5.55272 -3.15616 
v -5.16771 5.64559 -3.31926 
v -5.11872 5.56259 -3.13059 
v -5.16771 5.64559 -3.31926 
v -5.13046 5.49374 -3.11119 
v -5.228 5.58495 -3.11323 
v -5.16771 5.64559 -3.31926 
v -5.16771 5.64559 -3.31926 
v -5.27859 4.71378 -3.24854 
v -5.31432 4.79132 -3.2441 
v -5.38383 4.75715 -3.26899 
v -5.4142 4.83562 -3.26326 
v -5.3155 4.86618 -3.2382 
v -5.33468 4.6751 -3.27999 
v -5.4428 4.82423 -3.3453 
v -5.26002 4.61503 -3.29056 
v -5.2192 4.65567 -3.26345 
v -5.16619 4.6038 -3.27675 
v -5.19338 4.56143 -3.3 
v -5.20466 4.54377 -3.3564 
v -5.40969 4.74329 -3.34862 
v -5.35799 4.65894 -3.35206 
v -5.27697 4.59808 -3.35435 
v -5.33489 4.67477 -3.43283 
v -5.26014 4.61474 -3.42231 
v -5.19342 4.56116 -3.41293 
v -5.16626 4.60341 -3.43646 
v -5.21938 4.65525 -3.44977 
v -5.27889 4.71333 -3.46468 
v -5.38408 4.75684 -3.43595 
v -4.95274 5.21787 -3.74366 
v -4.85847 5.19066 -3.73349 
v -4.9193 5.1557 -3.75461 
v -4.98461 5.1666 -3.71347 
v -4.95474 5.12724 -3.71732 
v -5.03671 5.20236 -3.70997 
v -4.89484 5.08995 -3.75958 
v -4.93221 5.06998 -3.72244 
v -4.9021 5.02216 -3.73136 
v -4.87191 5.02832 -3.76424 
v -4.82998 5.04429 -3.76131 
v -4.84376 5.11511 -3.74785 
v -4.80567 5.05036 -3.72639 
v -4.81111 5.12194 -3.70576 
v -4.80179 5.04708 -3.67603 
v -4.80783 5.1128 -3.65416 
v -4.81691 5.19832 -3.68375 
v -4.81428 5.18292 -3.63083 
v -4.89041 5.26268 -3.7188 
v -4.84088 5.26971 -3.65515 
v -4.84653 5.25214 -3.56953 
v -4.92476 5.32591 -3.70376 
v -4.86797 5.33237 -3.62746 
v -4.88116 5.31282 -3.51208 
v -5.01783 5.26697 -3.72734 
v -4.9699 5.40368 -3.65279 
v -4.90465 5.40172 -3.5815 
v -5.2217 5.22415 -3.66417 
v -5.18432 5.1629 -3.66619 
v -5.27765 5.02878 -3.67874 
v -4.89955 5.38453 -3.46694 
v -4.93396 5.34815 -3.31322 
v -4.93746 5.39168 -3.31313 
v -4.93367 5.44966 -3.43613 
v -4.94568 5.43404 -3.31277 
v -4.96709 5.49819 -3.31074 
v -4.99634 5.51096 -3.44438 
v -4.94293 5.46907 -3.5331 
v -5.05993 5.52614 -3.53782 
v -5.01664 5.47944 -3.59938 
v -5.1419 5.46311 -3.60523 
v -5.17458 5.52616 -3.54893 
v -5.08119 5.36806 -3.67198 
v -5.23688 5.33418 -3.62033 
v -5.25456 5.4483 -3.5673 
v -5.26321 5.52833 -3.5338 
v -5.32912 5.52525 -3.47155 
v -5.34792 5.43397 -3.49332 
v -5.39356 5.21759 -3.5341 
v -5.20353 4.76417 -3.08193 
v -5.22977 4.82347 -3.06795 
v -5.28171 4.79978 -3.06226 
v -5.30084 4.86655 -3.0527 
v -5.2366 4.88555 -3.05911 
v -5.3055 5.02908 -3.02465 
v -5.42158 4.9961 -3.1092 
v -5.38383 5.2132 -3.14343 
v -5.43704 4.99359 -3.22283 
v -5.34587 4.85443 -3.10815 
v -5.35156 4.85344 -3.17527 
v -5.29788 4.80344 -3.22252 
v -5.33003 4.78579 -3.17309 
v -5.26837 4.74439 -3.22541 
v -5.32357 4.78449 -3.10887 
v -5.2897 4.71869 -3.11686 
v -5.25103 4.73611 -3.07692 
v -5.29688 4.72212 -3.17837 
v -5.21033 4.69212 -3.10038 
v -5.17295 4.72194 -3.10318 
v -5.13755 4.67306 -3.12778 
v -5.16321 4.64121 -3.12753 
v -5.18785 4.62372 -3.15849 
v -5.24249 4.67467 -3.13616 
v -5.2506 4.67982 -3.18956 
v -5.19702 4.63084 -3.20253 
v -5.2299 4.70453 -3.22932 
v -5.18536 4.65839 -3.23384 
v -5.39092 5.43372 -3.42087 
v -5.37149 5.51992 -3.40621 
v -5.43027 5.21452 -3.44546 
v -5.41192 5.42968 -3.33646 
v -5.38919 5.51452 -3.33018 
v -5.38462 5.50797 -3.24248 
v -5.44566 5.20795 -3.34071 
v -5.39678 5.42322 -3.23746 
v -5.35657 5.50548 -3.17638 
v -5.44272 4.98807 -3.47888 
v -5.4163 5.21135 -3.23031 
v -5.37242 5.41646 -3.16684 
v -5.25946 5.41427 -3.06297 
v -5.25304 5.50411 -3.09204 
v -5.13046 5.49374 -3.11119 
v -5.12834 5.41593 -3.08102 
v -5.04526 5.49282 -3.13939 
v -5.2076 5.187 -3.01991 
v -5.02048 5.42165 -3.11551 
v -4.98001 5.49412 -3.19032 
v -5.07248 5.26162 -3.05839 
v -5.12171 5.11709 -3.05633 
v -5.21226 5.00908 -3.05306 
v -5.02972 5.17418 -3.07524 
v -4.94716 5.23986 -3.11355 
v -4.96734 5.33126 -3.10503 
v -4.90414 5.29776 -3.19782 
v -4.92033 5.36274 -3.18069 
v -4.91331 5.32419 -3.25834 
v -4.94201 5.4225 -3.18812 
v -4.92284 5.37791 -3.25015 
v -4.93396 5.34815 -3.31322 
v -4.93746 5.39168 -3.31313 
v -4.93747 5.42855 -3.25349 
v -4.94568 5.43404 -3.31277 
v -4.96676 5.49625 -3.25347 
v -4.96709 5.49819 -3.31074 
v -5.32199 4.78985 -3.46911 
v -5.4145 4.83533 -3.4393 
v -5.33143 4.86688 -3.46744 
v -5.49513 4.98013 -3.34165 
v -5.38599 4.84315 -3.52045 
v -5.30507 4.79478 -3.48407 
v -5.455 4.99835 -3.59206 
v -5.35385 4.76592 -3.52549 
v -5.26356 4.72892 -3.4872 
v -5.40001 4.83807 -3.59823 
v -5.3854 5.01438 -3.67072 
v -5.30208 4.8831 -3.68171 
v -5.36525 4.85461 -3.66503 
v -5.27687 4.81031 -3.68027 
v -5.3339 4.77689 -3.66423 
v -5.23641 4.7438 -3.67566 
v -5.36578 4.75851 -3.60012 
v -5.28772 4.70578 -3.66022 
v -5.22362 4.65633 -3.64442 
v -5.18575 4.69525 -3.65841 
v -5.13675 4.6483 -3.64172 
v -5.16163 4.6085 -3.62913 
v -5.17785 4.5888 -3.58313 
v -5.31692 4.68566 -3.59863 
v -5.24622 4.63642 -3.59075 
v -5.30691 4.69526 -3.52696 
v -5.24031 4.64722 -3.52885 
v -5.20935 4.68237 -3.49497 
v -5.1759 4.60075 -3.53067 
v -5.15693 4.63735 -3.50249 
v -4.84682 5.0067 -3.70876 
v -4.82998 5.04429 -3.76131 
v -4.80567 5.05036 -3.72639 
v -4.87191 5.02832 -3.76424 
v -4.80179 5.04708 -3.67603 
v -4.9021 5.02216 -3.73136 
v -4.82166 5.0348 -3.64852 
v -4.89804 5.01873 -3.67873 
v -4.86212 5.02004 -3.64441 
v -4.8854 5.06756 -3.62063 
v -4.83239 5.0923 -3.62545 
v -4.80179 5.04708 -3.67603 
v -4.80783 5.1128 -3.65416 
v -4.90064 5.1245 -3.59964 
v -4.84384 5.15364 -3.60083 
v -4.81428 5.18292 -3.63083 
v -4.87506 5.18857 -3.53908 
v -4.84653 5.25214 -3.56953 
v -4.90348 5.22036 -3.48289 
v -4.88116 5.31282 -3.51208 
v -4.93801 5.12824 -3.56839 
v -4.92616 5.0616 -3.66169 
v -4.93221 5.06998 -3.72244 
v -4.9021 5.02216 -3.73136 
v -4.95474 5.12724 -3.71732 
v -4.94657 5.11356 -3.6479 
v -4.98461 5.1666 -3.71347 
v -4.9798 5.13263 -3.63085 
v -5.03671 5.20236 -3.70997 
v -4.99695 5.13156 -3.53995 
v -5.03496 5.14991 -3.61535 
v -5.13526 5.11438 -3.61092 
v -5.18432 5.1629 -3.66619 
v -5.10995 5.08875 -3.51752 
v -5.00141 5.1331 -3.39944 
v -5.14842 5.06959 -3.62727 
v -5.27765 5.02878 -3.67874 
v -5.12661 5.04729 -3.52808 
v -5.189 4.99474 -3.63841 
v -5.23996 4.90683 -3.6385 
v -5.30208 4.8831 -3.68171 
v -5.17301 4.97734 -3.54074 
v -5.22596 4.91191 -3.56071 
v -5.2281 4.83916 -3.63884 
v -5.27687 4.81031 -3.68027 
v -5.21615 4.84657 -3.56421 
v -5.26072 4.89536 -3.49392 
v -5.1985 4.96651 -3.44137 
v -5.19307 4.77746 -3.6359 
v -5.23641 4.7438 -3.67566 
v -5.18575 4.69525 -3.65841 
v -5.18307 4.78704 -3.56424 
v -5.14755 4.73595 -3.623 
v -5.11779 4.6849 -3.61354 
v -5.13675 4.6483 -3.64172 
v -5.24805 4.82819 -3.50011 
v -5.14164 4.74673 -3.5611 
v -5.33143 4.86688 -3.46744 
v -5.30507 4.79478 -3.48407 
v -5.21227 4.76694 -3.50264 
v -5.26356 4.72892 -3.4872 
v -5.20935 4.68237 -3.49497 
v -5.16424 4.72684 -3.50744 
v -5.11583 4.69684 -3.56108 
v -5.13205 4.67715 -3.51508 
v -5.15693 4.63735 -3.50249 
v -5.12496 4.63692 -3.56871 
v -5.13675 4.6483 -3.64172 
v -5.15693 4.63735 -3.50249 
v -5.16163 4.6085 -3.62913 
v -5.1759 4.60075 -3.53067 
v -5.17785 4.5888 -3.58313 
v -5.13181 5.02854 -3.34868 
v -5.18131 4.93893 -3.35424 
v -5.18331 4.9618 -3.25394 
v -5.15597 5.03084 -3.43441 
v -5.1445 5.0686 -3.4286 
v -5.11257 5.08642 -3.34405 
v -5.14311 5.07236 -3.25058 
v -4.99459 5.16051 -3.32061 
v -4.99706 5.13748 -3.25163 
v -5.14831 5.03074 -3.25211 
v -4.91317 5.25209 -3.36194 
v -4.93396 5.34815 -3.31322 
v -4.93832 5.2412 -3.31747 
v -4.91331 5.32419 -3.25834 
v -4.91995 5.23875 -3.26123 
v -4.90414 5.29776 -3.19782 
v -4.9536 5.17205 -3.15078 
v -4.94716 5.23986 -3.11355 
v -5.02972 5.17418 -3.07524 
v -5.00131 5.13339 -3.13063 
v -5.0948 5.09582 -3.10957 
v -5.12171 5.11709 -3.05633 
v -5.11005 5.04642 -3.11113 
v -5.21226 5.00908 -3.05306 
v -5.15475 4.96695 -3.11301 
v -5.2366 4.88555 -3.05911 
v -5.20716 4.89932 -3.19075 
v -5.20147 4.9003 -3.12363 
v -5.19817 4.84167 -3.12261 
v -5.22977 4.82347 -3.06795 
v -5.20464 4.84296 -3.18683 
v -5.25126 4.88518 -3.23367 
v -5.3155 4.86618 -3.2382 
v -5.17502 4.78645 -3.12897 
v -5.20353 4.76417 -3.08193 
v -5.24593 4.82713 -3.22821 
v -5.29788 4.80344 -3.22252 
v -5.22087 4.77246 -3.23043 
v -5.26837 4.74439 -3.22541 
v -5.2299 4.70453 -3.22932 
v -5.1822 4.78987 -3.19048 
v -5.1878 4.73752 -3.23477 
v -5.1597 4.69025 -3.23409 
v -5.18536 4.65839 -3.23384 
v -5.14753 4.74983 -3.14558 
v -5.17295 4.72194 -3.10318 
v -5.15564 4.75497 -3.19899 
v -5.13507 4.70773 -3.20313 
v -5.12589 4.70061 -3.1591 
v -5.13755 4.67306 -3.12778 
v -5.14731 4.6603 -3.18793 
v -5.18536 4.65839 -3.23384 
v -5.13755 4.67306 -3.12778 
v -5.19702 4.63084 -3.20253 
v -5.16321 4.64121 -3.12753 
v -5.18785 4.62372 -3.15849 
v -5.16619 4.6038 -3.27675 
v -5.19338 4.56143 -3.3 
v -5.14496 4.598 -3.35662 
v -5.20466 4.54377 -3.3564 
v -5.19342 4.56116 -3.41293 
v -5.16626 4.60341 -3.43646 
v -5.13903 4.64606 -3.30029 
v -5.13908 4.64578 -3.41322 
v -5.12779 4.66344 -3.35682 
v -5.2192 4.65567 -3.26345 
v -5.16619 4.6038 -3.27675 
v -5.16626 4.60341 -3.43646 
v -5.21938 4.65525 -3.44977 
v -5.16872 4.70294 -3.29093 
v -5.2226 4.75234 -3.28039 
v -5.27859 4.71378 -3.24854 
v -5.15189 4.71959 -3.35688 
v -5.31432 4.79132 -3.2441 
v -5.16885 4.70264 -3.42268 
v -5.22281 4.75202 -3.43322 
v -5.27889 4.71333 -3.46468 
v -5.32199 4.78985 -3.46911 
v -5.1995 4.76818 -3.35689 
v -5.2598 4.82298 -3.43637 
v -5.25954 4.8233 -3.27726 
v -5.23393 4.83684 -3.3569 
v -5.26962 4.88963 -3.43973 
v -5.24103 4.90101 -3.35691 
v -5.26932 4.88991 -3.27392 

vn -0.23622 0.732283 -0.637795 
vn 0.0629921 0.708661 -0.700787 
vn -0.102362 0.448819 -0.889764 
vn 0.11811 0.968504 -0.220472 
vn 0.354331 0.614173 -0.700787 
vn -0.464567 0.362205 -0.811024 
vn 0.503937 0.622047 -0.598425 
vn 0.275591 0.952756 -0.133858 
vn 0.858268 0.464567 -0.228346 
vn -0.480315 0.76378 -0.425197 
vn 0 0.984252 -0.188976 
vn -0.732283 0.330709 -0.598425 
vn -0.88189 0.330709 -0.346457 
vn 0.811024 0.535433 -0.244094 
vn 0.425197 0.905512 -0.015748 
vn 0.84252 0.535433 -0.0551181 
vn 0.440945 0.897638 0.023622 
vn 0.96063 0.283465 -0.0551181 
vn -0.606299 0.755906 -0.244094 
vn -0.125984 0.984252 -0.125984 
vn -0.653543 0.755906 -0.015748 
vn -0.181102 0.984252 -0.0472441 
vn -0.952756 0.307087 -0.0472441 
vn 0.826772 0.551181 0.0944882 
vn 0.433071 0.897638 0.0629921 
vn 0.96063 0.251969 0.0866142 
vn -0.637795 0.740157 0.19685 
vn -0.204724 0.976378 0.0393701 
vn -0.929134 0.283465 0.23622 
vn 0.724409 0.551181 0.409449 
vn 0.370079 0.913386 0.188976 
vn 0.795276 0.307087 0.519685 
vn 0.440945 0.307087 0.84252 
vn -0.511811 0.724409 0.464567 
vn -0.188976 0.976378 0.11811 
vn -0.771654 0.291339 0.566929 
vn -0.267717 0.307087 0.913386 
vn 0.433071 0.606299 0.669291 
vn 0.267717 0.913386 0.314961 
vn 0.275591 0.614173 0.740157 
vn 0.23622 0.913386 0.338583 
vn 0.228346 0.291339 0.929134 
vn -0.0866142 0.661417 0.740157 
vn -0.133858 0.968504 0.204724 
vn 0.0787402 0.952756 0.307087 
vn 0.0472441 -0.11811 0.992126 
vn 0.0787402 -0.0629921 0.992126 
vn -0.614173 -0.346457 0.708661 
vn -0.629921 -0.283465 0.724409 
vn -0.314961 -0.905512 0.283465 
vn -0.519685 -0.535433 0.669291 
vn -0.944882 -0.338583 0.0314961 
vn -0.401575 -0.622047 0.669291 
vn 0.110236 -0.133858 0.984252 
vn 0.480315 -0.385827 0.787402 
vn 0.11811 -0.826772 0.551181 
vn -0.023622 -1 0 
vn -0.889764 -0.456693 0.015748 
vn -0.740157 -0.669291 0.015748 
vn -0.598425 -0.80315 0.00787402 
vn -0.543307 -0.527559 -0.653543 
vn -0.409449 -0.629921 -0.661417 
vn 0.110236 -0.834646 -0.543307 
vn 0.480315 -0.385827 -0.787402 
vn 0.110236 -0.141732 -0.984252 
vn 0.0314961 -0.110236 -0.992126 
vn -0.669291 -0.330709 -0.669291 
vn -0.125984 0.0708661 -0.992126 
vn 0.480315 0.307087 -0.818898 
vn -0.212598 0.023622 -0.976378 
vn -0.551181 -0.527559 -0.645669 
vn -0.771654 -0.409449 -0.480315 
vn -0.267717 -0.472441 -0.834646 
vn -0.291339 -0.023622 -0.96063 
vn -0.850394 -0.370079 -0.370079 
vn -0.606299 -0.708661 -0.362205 
vn -0.125984 -0.527559 -0.84252 
vn 0.535433 -0.267717 -0.80315 
vn 0.480315 0.228346 -0.850394 
vn 0.905512 -0.251969 -0.354331 
vn 0.92126 0.181102 -0.354331 
vn 0.92126 -0.354331 0.165354 
vn 0.952756 -0.00787402 0.299213 
vn 0.897638 0.299213 -0.314961 
vn 0.952756 0.0708661 0.291339 
vn 0.425197 0.417323 -0.80315 
vn 0.866142 0.440945 -0.244094 
vn 0.929134 0.125984 0.354331 
vn 0.322835 0.535433 -0.779528 
vn 0.834646 0.503937 -0.228346 
vn 0.96063 0.149606 0.228346 
vn -0.181102 0.173228 -0.968504 
vn 0.283465 0.637795 -0.716535 
vn 0.795276 0.559055 -0.23622 
vn -0.370079 0.204724 -0.905512 
vn 0.0708661 -0.228346 -0.968504 
vn 0.149606 -0.0393701 -0.984252 
vn 0.944882 0.283465 0.141732 
vn 1 0.0551181 -0.00787402 
vn 0.976378 0.204724 0.00787402 
vn 0.858268 0.503937 0.0787402 
vn 0.929134 0.370079 0 
vn 0.96063 0.283465 -0.0551181 
vn 0.858268 0.464567 -0.228346 
vn 0.677165 0.708661 -0.188976 
vn 0.354331 0.614173 -0.700787 
vn 0.251969 0.748031 -0.614173 
vn -0.173228 0.543307 -0.826772 
vn -0.102362 0.448819 -0.889764 
vn -0.19685 0.433071 -0.88189 
vn -0.472441 0.322835 -0.818898 
vn -0.472441 0.346457 -0.811024 
vn -0.464567 0.362205 -0.811024 
vn -0.732283 0.330709 -0.598425 
vn -0.748031 0.267717 -0.606299 
vn -0.795276 0.275591 -0.543307 
vn 0.519685 0.00787402 0.850394 
vn 0.519685 -0.00787402 0.858268 
vn -0.291339 -0.259843 0.92126 
vn -0.291339 -0.204724 0.937008 
vn 0.511811 -0.133858 0.850394 
vn -0.267717 -0.015748 0.96063 
vn -0.874016 -0.102362 0.472441 
vn -0.80315 0.141732 0.582677 
vn -0.937008 -0.133858 0.322835 
vn -0.826772 -0.338583 0.448819 
vn -0.874016 -0.440945 -0.204724 
vn -0.472441 -0.23622 -0.850394 
vn -0.889764 -0.377953 -0.244094 
vn -0.448819 -0.251969 -0.858268 
vn -0.826772 -0.385827 0.409449 
vn -0.677165 -0.614173 0.401575 
vn -0.165354 -0.417323 0.889764 
vn -0.787402 -0.559055 -0.275591 
vn -0.0472441 -0.503937 0.858268 
vn 0.566929 0 0.826772 
vn 0.787402 -0.291339 0.543307 
vn 0.338583 -0.748031 0.566929 
vn -0.0393701 -0.984252 0.15748 
vn -0.551181 -0.755906 0.362205 
vn -0.677165 -0.661417 -0.314961 
vn -0.149606 -0.905512 -0.401575 
vn -0.377953 -0.275591 -0.88189 
vn 0.0551181 -0.543307 -0.84252 
vn -0.913386 0.23622 -0.330709 
vn -0.88189 0.330709 -0.346457 
vn -0.944882 0.149606 -0.283465 
vn -0.984252 0.188976 -0.015748 
vn -0.952756 0.307087 -0.0472441 
vn -0.929134 0.283465 0.23622 
vn -0.992126 0.141732 0.0314961 
vn -0.952756 0.149606 0.259843 
vn -0.771654 0.291339 0.566929 
vn -0.984252 -0.110236 -0.149606 
vn -0.952756 0.102362 0.291339 
vn -0.811024 0.149606 0.574803 
vn -0.291339 0.220472 0.929134 
vn -0.267717 0.307087 0.913386 
vn 0.228346 0.291339 0.929134 
vn 0.204724 0.283465 0.937008 
vn 0.440945 0.307087 0.84252 
vn -0.0866142 0.0629921 0.992126 
vn 0.440945 0.354331 0.826772 
vn 0.795276 0.307087 0.519685 
vn 0.275591 0.0944882 0.952756 
vn 0.425197 -0.299213 0.850394 
vn 0.417323 -0.259843 0.874016 
vn 0.464567 -0.314961 0.826772 
vn 0.755906 -0.15748 0.637795 
vn 0.582677 0.204724 0.787402 
vn 0.984252 -0.015748 0.181102 
vn 0.889764 0.283465 0.354331 
vn 0.976378 0.0708661 -0.19685 
vn 0.826772 0.401575 0.393701 
vn 0.968504 0.23622 -0.0787402 
vn 1 0.0551181 -0.00787402 
vn 0.976378 0.204724 0.00787402 
vn 0.944882 0.338583 0 
vn 0.929134 0.370079 0 
vn 0.96063 0.251969 0.0866142 
vn 0.96063 0.283465 -0.0551181 
vn -0.015748 -0.0472441 -1 
vn -0.685039 -0.283465 -0.677165 
vn -0.19685 -0.944882 -0.275591 
vn -1 -0.0472441 0.0393701 
vn -0.787402 -0.393701 0.464567 
vn -0.15748 -0.188976 0.968504 
vn -0.96063 0.00787402 -0.267717 
vn -0.740157 -0.433071 0.511811 
vn -0.133858 -0.204724 0.968504 
vn -0.913386 -0.338583 -0.212598 
vn -0.519685 0.102362 -0.850394 
vn 0.133858 -0.015748 -0.992126 
vn -0.551181 -0.173228 -0.818898 
vn 0.165354 0.0314961 -0.984252 
vn -0.535433 -0.299213 -0.787402 
vn 0.204724 -0.015748 -0.976378 
vn -0.866142 -0.472441 -0.165354 
vn -0.393701 -0.488189 -0.779528 
vn -0.259843 -0.582677 -0.771654 
vn 0.283465 -0.0393701 -0.96063 
vn 0.614173 -0.283465 -0.740157 
vn 0.228346 -0.771654 -0.598425 
vn 0.00787402 -1 -0.0787402 
vn -0.700787 -0.692913 -0.165354 
vn -0.551181 -0.818898 -0.149606 
vn -0.606299 -0.598425 0.519685 
vn -0.480315 -0.692913 0.535433 
vn -0.0551181 -0.220472 0.976378 
vn 0.0472441 -0.866142 0.496063 
vn 0.346457 -0.433071 0.834646 
vn 0.259843 -0.96063 -0.102362 
vn 0.535433 -0.267717 -0.80315 
vn 0.905512 -0.251969 -0.354331 
vn -0.125984 -0.527559 -0.84252 
vn 0.92126 -0.354331 0.165354 
vn -0.606299 -0.708661 -0.362205 
vn 0.582677 -0.551181 0.590551 
vn -0.535433 -0.811024 0.228346 
vn -0.0314961 -0.771654 0.637795 
vn -0.220472 -0.456693 0.858268 
vn 0.535433 -0.228346 0.811024 
vn 0.92126 -0.354331 0.165354 
vn 0.952756 -0.00787402 0.299213 
vn 0.0314961 -0.708661 0.708661 
vn 0.637795 -0.314961 0.700787 
vn 0.952756 0.0708661 0.291339 
vn 0.645669 -0.440945 0.622047 
vn 0.929134 0.125984 0.354331 
vn 0.826772 -0.417323 0.377953 
vn 0.96063 0.149606 0.228346 
vn 0.110236 -0.913386 0.393701 
vn -0.787402 -0.503937 0.362205 
vn -0.850394 -0.370079 -0.370079 
vn -0.606299 -0.708661 -0.362205 
vn -0.771654 -0.409449 -0.480315 
vn -0.677165 -0.708661 0.204724 
vn -0.551181 -0.527559 -0.645669 
vn -0.393701 -0.913386 -0.110236 
vn -0.267717 -0.472441 -0.834646 
vn 0.307087 -0.952756 0.0551181 
vn -0.0314961 -0.92126 -0.377953 
vn 0.614173 -0.551181 -0.559055 
vn 0.0708661 -0.228346 -0.968504 
vn 0.677165 -0.724409 -0.102362 
vn 0.574803 -0.811024 0.110236 
vn 0.755906 -0.251969 -0.598425 
vn 0.149606 -0.0393701 -0.984252 
vn 0.905512 -0.417323 -0.0393701 
vn 0.700787 -0.354331 -0.622047 
vn 0.779528 -0.102362 -0.622047 
vn 0.133858 -0.015748 -0.992126 
vn 0.818898 -0.574803 -0.0314961 
vn 0.944882 -0.314961 0.0551181 
vn 0.779528 0.275591 -0.559055 
vn 0.165354 0.0314961 -0.984252 
vn 0.937008 0.307087 0.165354 
vn 0.692913 -0.448819 0.566929 
vn 0.76378 -0.645669 -0.0629921 
vn 0.692913 0.440945 -0.566929 
vn 0.204724 -0.015748 -0.976378 
vn 0.283465 -0.0393701 -0.96063 
vn 0.779528 0.606299 0.165354 
vn 0.716535 0.472441 -0.511811 
vn 0.913386 0.110236 -0.393701 
vn 0.614173 -0.283465 -0.740157 
vn 0.582677 0.141732 0.80315 
vn 0.779528 0.598425 0.165354 
vn -0.19685 -0.944882 -0.275591 
vn -0.15748 -0.188976 0.968504 
vn 0.464567 0.314961 0.826772 
vn -0.133858 -0.204724 0.968504 
vn -0.0551181 -0.220472 0.976378 
vn 0.511811 0.354331 0.779528 
vn 0.968504 0.204724 0.15748 
vn 0.740157 0.015748 0.669291 
vn 0.346457 -0.433071 0.834646 
vn 0.874016 -0.480315 0.0866142 
vn 0.614173 -0.283465 -0.740157 
vn 0.346457 -0.433071 0.834646 
vn 0.228346 -0.771654 -0.598425 
vn 0.0472441 -0.866142 0.496063 
vn 0.00787402 -1 -0.0787402 
vn 0.929134 -0.370079 -0.0551181 
vn 0.748031 -0.661417 -0.0551181 
vn 0.795276 -0.606299 -0.0551181 
vn 0.897638 -0.448819 -0.0393701 
vn 0.80315 -0.598425 0 
vn 0.716535 -0.700787 0.015748 
vn 0.826772 -0.559055 -0.0393701 
vn 0.669291 -0.740157 0 
vn 0.598425 -0.795276 -0.0944882 
vn 0.929134 -0.362205 -0.015748 
vn 0.913386 -0.307087 0.259843 
vn 1 0.0551181 -0.00787402 
vn 0.92126 -0.385827 0.023622 
vn 0.976378 0.0708661 -0.19685 
vn 0.929134 -0.346457 -0.149606 
vn 0.984252 -0.015748 0.181102 
vn 0.811024 -0.535433 0.244094 
vn 0.755906 -0.15748 0.637795 
vn 0.464567 -0.314961 0.826772 
vn 0.598425 -0.732283 0.322835 
vn 0.724409 -0.614173 0.307087 
vn 0.425197 -0.299213 0.850394 
vn 0.88189 -0.393701 0.251969 
vn 0.417323 -0.259843 0.874016 
vn 0.834646 -0.464567 0.291339 
vn 0.511811 -0.133858 0.850394 
vn 0.88189 -0.338583 -0.338583 
vn 0.937008 -0.23622 0.244094 
vn 0.952756 0.188976 0.251969 
vn 0.519685 -0.00787402 0.858268 
vn 0.874016 0.188976 -0.440945 
vn 0.385827 -0.322835 -0.866142 
vn -0.314961 -0.905512 0.283465 
vn 0.866142 0.393701 0.307087 
vn 0.519685 0.00787402 0.850394 
vn 0.322835 0.023622 -0.944882 
vn -0.472441 -0.23622 -0.850394 
vn 0.212598 0.212598 -0.952756 
vn -0.448819 -0.251969 -0.858268 
vn -0.377953 -0.275591 -0.88189 
vn 0.755906 0.503937 -0.425197 
vn 0.267717 0.251969 -0.929134 
vn 0.511811 -0.11811 -0.850394 
vn 0.0551181 -0.543307 -0.84252 
vn 0.866142 0.425197 0.251969 
vn 0.566929 0 0.826772 
vn 0.748031 0.519685 -0.417323 
vn 0.897638 0.0944882 -0.433071 
vn 0.992126 0.0314961 0.110236 
vn 0.787402 -0.291339 0.543307 
vn 0.76378 -0.582677 -0.267717 
vn 0.0551181 -0.543307 -0.84252 
vn 0.787402 -0.291339 0.543307 
vn -0.149606 -0.905512 -0.401575 
vn 0.338583 -0.748031 0.566929 
vn -0.0393701 -0.984252 0.15748 
vn 0.480315 -0.385827 0.787402 
vn 0.11811 -0.826772 0.551181 
vn 0.858268 -0.519685 0 
vn -0.023622 -1 0 
vn 0.110236 -0.834646 -0.543307 
vn 0.480315 -0.385827 -0.787402 
vn 0.850394 0.00787402 0.527559 
vn 0.850394 0.00787402 -0.527559 
vn 0.992126 0.133858 0 
vn 0.110236 -0.133858 0.984252 
vn 0.480315 -0.385827 0.787402 
vn 0.480315 -0.385827 -0.787402 
vn 0.110236 -0.141732 -0.984252 
vn 0.653543 0.393701 0.653543 
vn 0.614173 0.362205 0.700787 
vn 0.0472441 -0.11811 0.992126 
vn 0.818898 0.566929 0 
vn 0.0787402 -0.0629921 0.992126 
vn 0.645669 0.385827 -0.653543 
vn 0.598425 0.362205 -0.708661 
vn 0.0314961 -0.110236 -0.992126 
vn -0.015748 -0.0472441 -1 
vn 0.811024 0.582677 0 
vn 0.692913 0.19685 -0.700787 
vn 0.732283 0.173228 0.653543 
vn 0.96063 0.283465 0 
vn 0.692913 -0.314961 -0.653543 
vn 0.889764 -0.448819 -0.0314961 
vn 0.771654 -0.480315 0.417323 

vt 0.562302 0.558251 
vt 0.560604 0.557623 
vt 0.560741 0.556643 
vt 0.56088 0.56715 
vt 0.558294 0.557152 
vt 0.562633 0.557336 
vt 0.5584 0.558084 
vt 0.56088 0.56715 
vt 0.556936 0.561426 
vt 0.563576 0.560833 
vt 0.56088 0.56715 
vt 0.56404 0.560183 
vt 0.564944 0.563172 
vt 0.557212 0.56196 
vt 0.56088 0.56715 
vt 0.556679 0.567503 
vt 0.560855 0.567146 
vt 0.556312 0.567539 
vt 0.564403 0.563543 
vt 0.56088 0.56715 
vt 0.564755 0.566696 
vt 0.56088 0.56715 
vt 0.565322 0.56665 
vt 0.556677 0.569878 
vt 0.560855 0.567146 
vt 0.556305 0.570159 
vt 0.564682 0.570334 
vt 0.56088 0.56715 
vt 0.565224 0.570661 
vt 0.556936 0.572497 
vt 0.560855 0.567146 
vt 0.556588 0.573047 
vt 0.55798 0.575377 
vt 0.564149 0.573076 
vt 0.56088 0.56715 
vt 0.564626 0.573685 
vt 0.562416 0.577543 
vt 0.558194 0.57461 
vt 0.56088 0.56715 
vt 0.559829 0.575779 
vt 0.56088 0.56715 
vt 0.559799 0.576667 
vt 0.562162 0.576574 
vt 0.56088 0.56715 
vt 0.56088 0.56715 
vt 0.575585 0.519004 
vt 0.575552 0.521814 
vt 0.574168 0.521663 
vt 0.57402 0.524303 
vt 0.575879 0.524122 
vt 0.574244 0.518663 
vt 0.572533 0.523713 
vt 0.574477 0.515769 
vt 0.57565 0.516121 
vt 0.575613 0.513737 
vt 0.574612 0.513158 
vt 0.573517 0.512653 
vt 0.572689 0.521126 
vt 0.572927 0.518237 
vt 0.573225 0.515355 
vt 0.57151 0.517686 
vt 0.571897 0.514952 
vt 0.572402 0.512386 
vt 0.571361 0.512204 
vt 0.570804 0.514426 
vt 0.570255 0.516983 
vt 0.571048 0.520507 
vt 0.559004 0.53721 
vt 0.557224 0.538217 
vt 0.557923 0.536145 
vt 0.559308 0.535165 
vt 0.558551 0.534458 
vt 0.560359 0.535869 
vt 0.557086 0.534798 
vt 0.557703 0.5335 
vt 0.556818 0.532796 
vt 0.556206 0.533682 
vt 0.555685 0.534769 
vt 0.556423 0.536491 
vt 0.555187 0.535872 
vt 0.555751 0.537935 
vt 0.554538 0.537097 
vt 0.555032 0.539106 
vt 0.55648 0.539866 
vt 0.55573 0.54109 
vt 0.558335 0.53949 
vt 0.557434 0.541489 
vt 0.556462 0.543988 
vt 0.559272 0.540778 
vt 0.55821 0.543201 
vt 0.557355 0.546336 
vt 0.560358 0.538018 
vt 0.560465 0.543111 
vt 0.559253 0.545266 
vt 0.563795 0.535685 
vt 0.56278 0.533869 
vt 0.563695 0.529547 
vt 0.558558 0.548339 
vt 0.557578 0.552633 
vt 0.558366 0.55295 
vt 0.559799 0.549787 
vt 0.559142 0.553283 
vt 0.560374 0.553716 
vt 0.561508 0.550101 
vt 0.560522 0.547164 
vt 0.562876 0.547375 
vt 0.561843 0.545296 
vt 0.563798 0.543759 
vt 0.564802 0.545935 
vt 0.562247 0.540747 
vt 0.564813 0.539045 
vt 0.565799 0.542761 
vt 0.56633 0.545359 
vt 0.567887 0.545131 
vt 0.567803 0.542061 
vt 0.567769 0.535037 
vt 0.58091 0.525182 
vt 0.580396 0.527152 
vt 0.579446 0.526288 
vt 0.578954 0.528125 
vt 0.580178 0.529075 
vt 0.578283 0.532888 
vt 0.57613 0.530485 
vt 0.574834 0.536811 
vt 0.574197 0.529401 
vt 0.577802 0.526774 
vt 0.576822 0.525392 
vt 0.576902 0.52274 
vt 0.577687 0.523822 
vt 0.577708 0.521126 
vt 0.578541 0.525014 
vt 0.579179 0.523316 
vt 0.579972 0.524393 
vt 0.578453 0.522278 
vt 0.580564 0.52267 
vt 0.581393 0.523432 
vt 0.581862 0.521358 
vt 0.581184 0.520536 
vt 0.580509 0.519647 
vt 0.579777 0.521707 
vt 0.579035 0.520732 
vt 0.579796 0.518808 
vt 0.578342 0.519699 
vt 0.579122 0.518119 
vt 0.569271 0.542148 
vt 0.569253 0.545029 
vt 0.569485 0.535103 
vt 0.570769 0.542313 
vt 0.570619 0.545123 
vt 0.572153 0.54539 
vt 0.571351 0.535235 
vt 0.572479 0.542695 
vt 0.573399 0.54579 
vt 0.569449 0.527671 
vt 0.573218 0.536014 
vt 0.573749 0.542971 
vt 0.576325 0.544228 
vt 0.575739 0.546947 
vt 0.577831 0.548336 
vt 0.578485 0.545883 
vt 0.579277 0.549506 
vt 0.578797 0.538094 
vt 0.580164 0.547496 
vt 0.58061 0.550822 
vt 0.580538 0.541975 
vt 0.580839 0.537143 
vt 0.580126 0.532967 
vt 0.581957 0.540074 
vt 0.582911 0.543172 
vt 0.5817 0.545351 
vt 0.58361 0.546501 
vt 0.58256 0.547668 
vt 0.584016 0.548542 
vt 0.58176 0.549173 
vt 0.583164 0.549564 
vt 0.584319 0.550521 
vt 0.583681 0.551452 
vt 0.582473 0.550761 
vt 0.583053 0.552368 
vt 0.581428 0.552289 
vt 0.582071 0.553716 
vt 0.569838 0.519766 
vt 0.570673 0.523004 
vt 0.569207 0.521966 
vt 0.572079 0.528498 
vt 0.568004 0.522755 
vt 0.568496 0.519738 
vt 0.567418 0.528116 
vt 0.56734 0.520493 
vt 0.567876 0.517461 
vt 0.566539 0.523533 
vt 0.565553 0.528813 
vt 0.563967 0.525052 
vt 0.565196 0.52427 
vt 0.563654 0.522598 
vt 0.564872 0.521896 
vt 0.563277 0.520022 
vt 0.566087 0.521202 
vt 0.564531 0.519466 
vt 0.564146 0.517105 
vt 0.563056 0.517708 
vt 0.562878 0.515551 
vt 0.563769 0.514831 
vt 0.564757 0.514081 
vt 0.565645 0.518896 
vt 0.565232 0.516401 
vt 0.566741 0.518271 
vt 0.566292 0.515902 
vt 0.567278 0.515321 
vt 0.565744 0.513621 
vt 0.566657 0.513335 
vt 0.564946 0.548542 
vt 0.563983 0.547185 
vt 0.564685 0.546821 
vt 0.563844 0.548393 
vt 0.565604 0.547387 
vt 0.564363 0.54957 
vt 0.566072 0.548435 
vt 0.565489 0.550149 
vt 0.565961 0.549493 
vt 0.56689 0.550692 
vt 0.567136 0.549164 
vt 0.566042 0.54738 
vt 0.567123 0.547841 
vt 0.568125 0.551916 
vt 0.568221 0.549672 
vt 0.568117 0.547794 
vt 0.569384 0.55083 
vt 0.569504 0.548247 
vt 0.570512 0.551384 
vt 0.570691 0.547654 
vt 0.568802 0.553211 
vt 0.566349 0.551511 
vt 0.565381 0.551862 
vt 0.564629 0.550421 
vt 0.565956 0.55341 
vt 0.567297 0.553093 
vt 0.566069 0.554653 
vt 0.567862 0.554366 
vt 0.566015 0.556273 
vt 0.569456 0.555113 
vt 0.568258 0.556273 
vt 0.568586 0.559784 
vt 0.566788 0.560273 
vt 0.570212 0.559513 
vt 0.571832 0.555452 
vt 0.568629 0.561479 
vt 0.566701 0.564991 
vt 0.570252 0.561121 
vt 0.568728 0.564652 
vt 0.56824 0.567676 
vt 0.566593 0.568534 
vt 0.570161 0.564066 
vt 0.569729 0.567282 
vt 0.568041 0.569813 
vt 0.56659 0.570433 
vt 0.56922 0.569473 
vt 0.571095 0.567719 
vt 0.572148 0.564482 
vt 0.567458 0.572181 
vt 0.566205 0.572679 
vt 0.566242 0.574781 
vt 0.568664 0.571896 
vt 0.567415 0.57427 
vt 0.567097 0.576337 
vt 0.566246 0.576974 
vt 0.570117 0.569931 
vt 0.568247 0.574226 
vt 0.571945 0.569458 
vt 0.571003 0.571222 
vt 0.569571 0.572596 
vt 0.570425 0.57382 
vt 0.569628 0.576025 
vt 0.568941 0.574819 
vt 0.567941 0.576135 
vt 0.568492 0.576898 
vt 0.568963 0.578162 
vt 0.567512 0.57795 
vt 0.566434 0.577664 
vt 0.568534 0.578628 
vt 0.566439 0.5792 
vt 0.567959 0.579991 
vt 0.567088 0.580156 
vt 0.573556 0.561261 
vt 0.574036 0.564152 
vt 0.575893 0.562655 
vt 0.571982 0.561894 
vt 0.571905 0.560536 
vt 0.573316 0.559279 
vt 0.575212 0.559479 
vt 0.573205 0.554619 
vt 0.574494 0.554917 
vt 0.575445 0.560694 
vt 0.572544 0.550977 
vt 0.573693 0.54754 
vt 0.573311 0.551438 
vt 0.574483 0.548114 
vt 0.574263 0.551044 
vt 0.575393 0.548527 
vt 0.576047 0.552498 
vt 0.576744 0.550084 
vt 0.577683 0.552798 
vt 0.576499 0.553989 
vt 0.577431 0.556578 
vt 0.578546 0.55545 
vt 0.577654 0.55809 
vt 0.579636 0.558398 
vt 0.57821 0.560298 
vt 0.580394 0.560969 
vt 0.577865 0.56326 
vt 0.578987 0.562019 
vt 0.579871 0.562971 
vt 0.581003 0.562088 
vt 0.57886 0.564094 
vt 0.577236 0.56479 
vt 0.577239 0.566511 
vt 0.580845 0.564032 
vt 0.581713 0.563285 
vt 0.578415 0.565445 
vt 0.578298 0.567061 
vt 0.579682 0.566381 
vt 0.579495 0.567904 
vt 0.580513 0.568332 
vt 0.580038 0.565097 
vt 0.580599 0.566886 
vt 0.581608 0.567653 
vt 0.581732 0.568926 
vt 0.581539 0.56508 
vt 0.582346 0.564457 
vt 0.580915 0.565915 
vt 0.581789 0.566703 
vt 0.582407 0.566177 
vt 0.583131 0.565831 
vt 0.582593 0.567523 
vt 0.582161 0.568781 
vt 0.583257 0.566488 
vt 0.582971 0.569118 
vt 0.583738 0.567446 
vt 0.583607 0.568523 
vt 0.578004 0.576898 
vt 0.577985 0.57863 
vt 0.576805 0.577436 
vt 0.577297 0.579783 
vt 0.576344 0.579665 
vt 0.575709 0.578337 
vt 0.577207 0.575391 
vt 0.575683 0.57635 
vt 0.576325 0.575302 
vt 0.578064 0.573626 
vt 0.57816 0.576116 
vt 0.575277 0.577956 
vt 0.574344 0.576031 
vt 0.576808 0.573123 
vt 0.576626 0.570551 
vt 0.577949 0.570956 
vt 0.575848 0.573313 
vt 0.577546 0.568459 
vt 0.575081 0.574242 
vt 0.574376 0.572133 
vt 0.573399 0.573877 
vt 0.572566 0.571296 
vt 0.57525 0.570639 
vt 0.573483 0.569346 
vt 0.576236 0.567909 
vt 0.574783 0.568028 
vt 0.572643 0.567439 
vt 0.574444 0.566089 
vt 0.576221 0.565796 

usemtl Rig1Mtl

f 3114/3114/3114 3115/3115/3115 3116/3116/3116 
f 3114/3114/3114 3117/3117/3117 3115/3115/3115 
f 3115/3115/3115 3118/3118/3118 3116/3116/3116 
f 3116/3116/3116 3119/3119/3119 3114/3114/3114 
f 3118/3118/3118 3115/3115/3115 3120/3120/3120 
f 3115/3115/3115 3121/3121/3121 3120/3120/3120 
f 3120/3120/3120 3122/3122/3122 3118/3118/3118 
f 3119/3119/3119 3123/3123/3123 3114/3114/3114 
f 3123/3123/3123 3124/3124/3124 3114/3114/3114 
f 3123/3123/3123 3119/3119/3119 3125/3125/3125 
f 3126/3126/3126 3123/3123/3123 3125/3125/3125 
f 3122/3122/3122 3120/3120/3120 3127/3127/3127 
f 3120/3120/3120 3128/3128/3128 3127/3127/3127 
f 3129/3129/3129 3122/3122/3122 3127/3127/3127 
f 3127/3127/3127 3130/3130/3130 3129/3129/3129 
f 3122/3122/3122 3129/3129/3129 3131/3131/3131 
f 3123/3123/3123 3126/3126/3126 3132/3132/3132 
f 3132/3132/3132 3133/3133/3133 3123/3123/3123 
f 3132/3132/3132 3126/3126/3126 3134/3134/3134 
f 3134/3134/3134 3135/3135/3135 3132/3132/3132 
f 3126/3126/3126 3136/3136/3136 3134/3134/3134 
f 3129/3129/3129 3137/3137/3137 3131/3131/3131 
f 3129/3129/3129 3138/3138/3138 3137/3137/3137 
f 3131/3131/3131 3137/3137/3137 3139/3139/3139 
f 3134/3134/3134 3136/3136/3136 3140/3140/3140 
f 3140/3140/3140 3141/3141/3141 3134/3134/3134 
f 3136/3136/3136 3142/3142/3142 3140/3140/3140 
f 3137/3137/3137 3143/3143/3143 3139/3139/3139 
f 3137/3137/3137 3144/3144/3144 3143/3143/3143 
f 3139/3139/3139 3143/3143/3143 3145/3145/3145 
f 3143/3143/3143 3146/3146/3146 3145/3145/3145 
f 3140/3140/3140 3142/3142/3142 3147/3147/3147 
f 3147/3147/3147 3148/3148/3148 3140/3140/3140 
f 3142/3142/3142 3149/3149/3149 3147/3147/3147 
f 3150/3150/3150 3147/3147/3147 3149/3149/3149 
f 3146/3146/3146 3143/3143/3143 3151/3151/3151 
f 3143/3143/3143 3152/3152/3152 3151/3151/3151 
f 3153/3153/3153 3146/3146/3146 3151/3151/3151 
f 3151/3151/3151 3154/3154/3154 3153/3153/3153 
f 3146/3146/3146 3153/3153/3153 3155/3155/3155 
f 3147/3147/3147 3150/3150/3150 3156/3156/3156 
f 3150/3150/3150 3155/3155/3155 3156/3156/3156 
f 3155/3155/3155 3153/3153/3153 3156/3156/3156 
f 3157/3157/3157 3147/3147/3147 3156/3156/3156 
f 3153/3153/3153 3158/3158/3158 3156/3156/3156 
f 3159/3159/3159 3160/3160/3160 3161/3161/3161 
f 3160/3160/3160 3162/3162/3162 3161/3161/3161 
f 3162/3162/3162 3160/3160/3160 3163/3163/3163 
f 3159/3159/3159 3161/3161/3161 3164/3164/3164 
f 3165/3165/3165 3161/3161/3161 3162/3162/3162 
f 3166/3166/3166 3159/3159/3159 3164/3164/3164 
f 3159/3159/3159 3166/3166/3166 3167/3167/3167 
f 3166/3166/3166 3168/3168/3168 3167/3167/3167 
f 3168/3168/3168 3166/3166/3166 3169/3169/3169 
f 3170/3170/3170 3169/3169/3169 3166/3166/3166 
f 3171/3171/3171 3164/3164/3164 3161/3161/3161 
f 3171/3171/3171 3161/3161/3161 3165/3165/3165 
f 3172/3172/3172 3164/3164/3164 3171/3171/3171 
f 3173/3173/3173 3166/3166/3166 3164/3164/3164 
f 3172/3172/3172 3173/3173/3173 3164/3164/3164 
f 3173/3173/3173 3170/3170/3170 3166/3166/3166 
f 3171/3171/3171 3174/3174/3174 3172/3172/3172 
f 3174/3174/3174 3173/3173/3173 3172/3172/3172 
f 3175/3175/3175 3170/3170/3170 3173/3173/3173 
f 3173/3173/3173 3174/3174/3174 3175/3175/3175 
f 3170/3170/3170 3175/3175/3175 3176/3176/3176 
f 3175/3175/3175 3177/3177/3177 3176/3176/3176 
f 3177/3177/3177 3175/3175/3175 3178/3178/3178 
f 3175/3175/3175 3179/3179/3179 3178/3178/3178 
f 3175/3175/3175 3174/3174/3174 3179/3179/3179 
f 3174/3174/3174 3171/3171/3171 3180/3180/3180 
f 3174/3174/3174 3180/3180/3180 3179/3179/3179 
f 3165/3165/3165 3180/3180/3180 3171/3171/3171 
f 3181/3181/3181 3182/3182/3182 3183/3183/3183 
f 3183/3183/3183 3184/3184/3184 3181/3181/3181 
f 3184/3184/3184 3183/3183/3183 3185/3185/3185 
f 3186/3186/3186 3181/3181/3181 3184/3184/3184 
f 3187/3187/3187 3185/3185/3185 3183/3183/3183 
f 3185/3185/3185 3187/3187/3187 3188/3188/3188 
f 3187/3187/3187 3189/3189/3189 3188/3188/3188 
f 3189/3189/3189 3187/3187/3187 3190/3190/3190 
f 3187/3187/3187 3191/3191/3191 3190/3190/3190 
f 3183/3183/3183 3192/3192/3192 3187/3187/3187 
f 3191/3191/3191 3187/3187/3187 3192/3192/3192 
f 3192/3192/3192 3183/3183/3183 3182/3182/3182 
f 3192/3192/3192 3193/3193/3193 3191/3191/3191 
f 3193/3193/3193 3192/3192/3192 3194/3194/3194 
f 3182/3182/3182 3194/3194/3194 3192/3192/3192 
f 3194/3194/3194 3195/3195/3195 3193/3193/3193 
f 3195/3195/3195 3194/3194/3194 3196/3196/3196 
f 3197/3197/3197 3196/3196/3196 3194/3194/3194 
f 3194/3194/3194 3182/3182/3182 3197/3197/3197 
f 3196/3196/3196 3197/3197/3197 3198/3198/3198 
f 3182/3182/3182 3199/3199/3199 3197/3197/3197 
f 3182/3182/3182 3181/3181/3181 3199/3199/3199 
f 3200/3200/3200 3198/3198/3198 3197/3197/3197 
f 3200/3200/3200 3197/3197/3197 3199/3199/3199 
f 3200/3200/3200 3201/3201/3201 3198/3198/3198 
f 3181/3181/3181 3202/3202/3202 3199/3199/3199 
f 3199/3199/3199 3202/3202/3202 3200/3200/3200 
f 3203/3203/3203 3201/3201/3201 3200/3200/3200 
f 3202/3202/3202 3203/3203/3203 3200/3200/3200 
f 3201/3201/3201 3203/3203/3203 3204/3204/3204 
f 3205/3205/3205 3202/3202/3202 3181/3181/3181 
f 3181/3181/3181 3186/3186/3186 3205/3205/3205 
f 3206/3206/3206 3203/3203/3203 3202/3202/3202 
f 3205/3205/3205 3206/3206/3206 3202/3202/3202 
f 3207/3207/3207 3204/3204/3204 3203/3203/3203 
f 3203/3203/3203 3206/3206/3206 3207/3207/3207 
f 3186/3186/3186 3208/3208/3208 3205/3205/3205 
f 3208/3208/3208 3186/3186/3186 3209/3209/3209 
f 3210/3210/3210 3208/3208/3208 3209/3209/3209 
f 3207/3207/3207 3211/3211/3211 3204/3204/3204 
f 3211/3211/3211 3212/3212/3212 3204/3204/3204 
f 3212/3212/3212 3211/3211/3211 3213/3213/3213 
f 3214/3214/3214 3213/3213/3213 3211/3211/3211 
f 3213/3213/3213 3214/3214/3214 3215/3215/3215 
f 3214/3214/3214 3216/3216/3216 3215/3215/3215 
f 3216/3216/3216 3214/3214/3214 3217/3217/3217 
f 3211/3211/3211 3218/3218/3218 3214/3214/3214 
f 3214/3214/3214 3218/3218/3218 3217/3217/3217 
f 3218/3218/3218 3211/3211/3211 3207/3207/3207 
f 3218/3218/3218 3219/3219/3219 3217/3217/3217 
f 3207/3207/3207 3220/3220/3220 3218/3218/3218 
f 3219/3219/3219 3218/3218/3218 3220/3220/3220 
f 3220/3220/3220 3207/3207/3207 3206/3206/3206 
f 3220/3220/3220 3221/3221/3221 3219/3219/3219 
f 3219/3219/3219 3221/3221/3221 3222/3222/3222 
f 3220/3220/3220 3206/3206/3206 3223/3223/3223 
f 3221/3221/3221 3220/3220/3220 3223/3223/3223 
f 3205/3205/3205 3223/3223/3223 3206/3206/3206 
f 3208/3208/3208 3223/3223/3223 3205/3205/3205 
f 3224/3224/3224 3221/3221/3221 3223/3223/3223 
f 3223/3223/3223 3208/3208/3208 3224/3224/3224 
f 3222/3222/3222 3221/3221/3221 3225/3225/3225 
f 3221/3221/3221 3224/3224/3224 3225/3225/3225 
f 3226/3226/3226 3222/3222/3222 3225/3225/3225 
f 3227/3227/3227 3226/3226/3226 3225/3225/3225 
f 3224/3224/3224 3228/3228/3228 3225/3225/3225 
f 3225/3225/3225 3228/3228/3228 3227/3227/3227 
f 3208/3208/3208 3229/3229/3229 3224/3224/3224 
f 3224/3224/3224 3229/3229/3229 3228/3228/3228 
f 3230/3230/3230 3231/3231/3231 3232/3232/3232 
f 3231/3231/3231 3233/3233/3233 3232/3232/3232 
f 3233/3233/3233 3231/3231/3231 3234/3234/3234 
f 3234/3234/3234 3235/3235/3235 3233/3233/3233 
f 3233/3233/3233 3235/3235/3235 3236/3236/3236 
f 3237/3237/3237 3236/3236/3236 3235/3235/3235 
f 3238/3238/3238 3236/3236/3236 3237/3237/3237 
f 3233/3233/3233 3236/3236/3236 3239/3239/3239 
f 3239/3239/3239 3232/3232/3232 3233/3233/3233 
f 3238/3238/3238 3240/3240/3240 3236/3236/3236 
f 3239/3239/3239 3236/3236/3236 3240/3240/3240 
f 3163/3163/3163 3240/3240/3240 3238/3238/3238 
f 3241/3241/3241 3240/3240/3240 3163/3163/3163 
f 3240/3240/3240 3241/3241/3241 3242/3242/3242 
f 3242/3242/3242 3239/3239/3239 3240/3240/3240 
f 3243/3243/3243 3242/3242/3242 3241/3241/3241 
f 3244/3244/3244 3232/3232/3232 3239/3239/3239 
f 3239/3239/3239 3242/3242/3242 3244/3244/3244 
f 3245/3245/3245 3232/3232/3232 3244/3244/3244 
f 3242/3242/3242 3245/3245/3245 3244/3244/3244 
f 3232/3232/3232 3245/3245/3245 3246/3246/3246 
f 3230/3230/3230 3232/3232/3232 3246/3246/3246 
f 3247/3247/3247 3245/3245/3245 3242/3242/3242 
f 3242/3242/3242 3243/3243/3243 3247/3247/3247 
f 3248/3248/3248 3230/3230/3230 3246/3246/3246 
f 3230/3230/3230 3248/3248/3248 3249/3249/3249 
f 3248/3248/3248 3250/3250/3250 3249/3249/3249 
f 3250/3250/3250 3248/3248/3248 3251/3251/3251 
f 3248/3248/3248 3252/3252/3252 3251/3251/3251 
f 3253/3253/3253 3246/3246/3246 3245/3245/3245 
f 3246/3246/3246 3253/3253/3253 3248/3248/3248 
f 3248/3248/3248 3253/3253/3253 3252/3252/3252 
f 3247/3247/3247 3253/3253/3253 3245/3245/3245 
f 3254/3254/3254 3252/3252/3252 3253/3253/3253 
f 3253/3253/3253 3247/3247/3247 3254/3254/3254 
f 3254/3254/3254 3247/3247/3247 3243/3243/3243 
f 3252/3252/3252 3254/3254/3254 3255/3255/3255 
f 3254/3254/3254 3243/3243/3243 3256/3256/3256 
f 3254/3254/3254 3257/3257/3257 3255/3255/3255 
f 3257/3257/3257 3254/3254/3254 3256/3256/3256 
f 3227/3227/3227 3228/3228/3228 3258/3258/3258 
f 3227/3227/3227 3258/3258/3258 3259/3259/3259 
f 3228/3228/3228 3260/3260/3260 3258/3258/3258 
f 3228/3228/3228 3229/3229/3229 3260/3260/3260 
f 3261/3261/3261 3259/3259/3259 3258/3258/3258 
f 3259/3259/3259 3261/3261/3261 3262/3262/3262 
f 3261/3261/3261 3263/3263/3263 3262/3262/3262 
f 3258/3258/3258 3264/3264/3264 3261/3261/3261 
f 3264/3264/3264 3258/3258/3258 3260/3260/3260 
f 3263/3263/3263 3261/3261/3261 3265/3265/3265 
f 3264/3264/3264 3265/3265/3265 3261/3261/3261 
f 3265/3265/3265 3266/3266/3266 3263/3263/3263 
f 3229/3229/3229 3267/3267/3267 3260/3260/3260 
f 3267/3267/3267 3264/3264/3264 3260/3260/3260 
f 3265/3265/3265 3264/3264/3264 3268/3268/3268 
f 3266/3266/3266 3265/3265/3265 3269/3269/3269 
f 3268/3268/3268 3269/3269/3269 3265/3265/3265 
f 3270/3270/3270 3266/3266/3266 3269/3269/3269 
f 3266/3266/3266 3270/3270/3270 3271/3271/3271 
f 3269/3269/3269 3268/3268/3268 3237/3237/3237 
f 3237/3237/3237 3270/3270/3270 3269/3269/3269 
f 3270/3270/3270 3272/3272/3272 3271/3271/3271 
f 3238/3238/3238 3268/3268/3268 3264/3264/3264 
f 3238/3238/3238 3237/3237/3237 3268/3268/3268 
f 3272/3272/3272 3270/3270/3270 3273/3273/3273 
f 3273/3273/3273 3274/3274/3274 3272/3272/3272 
f 3270/3270/3270 3237/3237/3237 3275/3275/3275 
f 3275/3275/3275 3273/3273/3273 3270/3270/3270 
f 3274/3274/3274 3273/3273/3273 3276/3276/3276 
f 3276/3276/3276 3277/3277/3277 3274/3274/3274 
f 3273/3273/3273 3275/3275/3275 3278/3278/3278 
f 3278/3278/3278 3276/3276/3276 3273/3273/3273 
f 3275/3275/3275 3237/3237/3237 3235/3235/3235 
f 3279/3279/3279 3278/3278/3278 3275/3275/3275 
f 3275/3275/3275 3280/3280/3280 3279/3279/3279 
f 3275/3275/3275 3235/3235/3235 3280/3280/3280 
f 3278/3278/3278 3279/3279/3279 3281/3281/3281 
f 3235/3235/3235 3234/3234/3234 3280/3280/3280 
f 3278/3278/3278 3281/3281/3281 3282/3282/3282 
f 3282/3282/3282 3283/3283/3283 3278/3278/3278 
f 3276/3276/3276 3278/3278/3278 3283/3283/3283 
f 3284/3284/3284 3283/3283/3283 3282/3282/3282 
f 3283/3283/3283 3284/3284/3284 3285/3285/3285 
f 3285/3285/3285 3276/3276/3276 3283/3283/3283 
f 3285/3285/3285 3284/3284/3284 3286/3286/3286 
f 3276/3276/3276 3285/3285/3285 3287/3287/3287 
f 3287/3287/3287 3277/3277/3277 3276/3276/3276 
f 3288/3288/3288 3285/3285/3285 3286/3286/3286 
f 3287/3287/3287 3285/3285/3285 3288/3288/3288 
f 3288/3288/3288 3286/3286/3286 3289/3289/3289 
f 3290/3290/3290 3288/3288/3288 3289/3289/3289 
f 3288/3288/3288 3291/3291/3291 3287/3287/3287 
f 3291/3291/3291 3288/3288/3288 3290/3290/3290 
f 3291/3291/3291 3277/3277/3277 3287/3287/3287 
f 3290/3290/3290 3292/3292/3292 3291/3291/3291 
f 3277/3277/3277 3291/3291/3291 3293/3293/3293 
f 3292/3292/3292 3293/3293/3293 3291/3291/3291 
f 3293/3293/3293 3292/3292/3292 3294/3294/3294 
f 3180/3180/3180 3295/3295/3295 3179/3179/3179 
f 3296/3296/3296 3295/3295/3295 3180/3180/3180 
f 3180/3180/3180 3165/3165/3165 3296/3296/3296 
f 3295/3295/3295 3296/3296/3296 3297/3297/3297 
f 3296/3296/3296 3165/3165/3165 3298/3298/3298 
f 3298/3298/3298 3165/3165/3165 3162/3162/3162 
f 3297/3297/3297 3296/3296/3296 3267/3267/3267 
f 3267/3267/3267 3296/3296/3296 3298/3298/3298 
f 3264/3264/3264 3267/3267/3267 3298/3298/3298 
f 3238/3238/3238 3264/3264/3264 3298/3298/3298 
f 3298/3298/3298 3162/3162/3162 3238/3238/3238 
f 3162/3162/3162 3163/3163/3163 3238/3238/3238 
f 3267/3267/3267 3299/3299/3299 3297/3297/3297 
f 3300/3300/3300 3297/3297/3297 3299/3299/3299 
f 3301/3301/3301 3299/3299/3299 3267/3267/3267 
f 3229/3229/3229 3301/3301/3301 3267/3267/3267 
f 3300/3300/3300 3299/3299/3299 3302/3302/3302 
f 3303/3303/3303 3300/3300/3300 3302/3302/3302 
f 3301/3301/3301 3304/3304/3304 3299/3299/3299 
f 3304/3304/3304 3302/3302/3302 3299/3299/3299 
f 3301/3301/3301 3229/3229/3229 3305/3305/3305 
f 3229/3229/3229 3208/3208/3208 3305/3305/3305 
f 3208/3208/3208 3210/3210/3210 3305/3305/3305 
f 3306/3306/3306 3305/3305/3305 3210/3210/3210 
f 3305/3305/3305 3307/3307/3307 3301/3301/3301 
f 3305/3305/3305 3306/3306/3306 3307/3307/3307 
f 3304/3304/3304 3301/3301/3301 3307/3307/3307 
f 3308/3308/3308 3307/3307/3307 3306/3306/3306 
f 3307/3307/3307 3308/3308/3308 3309/3309/3309 
f 3309/3309/3309 3304/3304/3304 3307/3307/3307 
f 3309/3309/3309 3308/3308/3308 3310/3310/3310 
f 3304/3304/3304 3309/3309/3309 3311/3311/3311 
f 3311/3311/3311 3302/3302/3302 3304/3304/3304 
f 3312/3312/3312 3309/3309/3309 3310/3310/3310 
f 3312/3312/3312 3311/3311/3311 3309/3309/3309 
f 3313/3313/3313 3312/3312/3312 3310/3310/3310 
f 3313/3313/3313 3310/3310/3310 3314/3314/3314 
f 3315/3315/3315 3313/3313/3313 3314/3314/3314 
f 3313/3313/3313 3315/3315/3315 3316/3316/3316 
f 3317/3317/3317 3313/3313/3313 3316/3316/3316 
f 3311/3311/3311 3312/3312/3312 3318/3318/3318 
f 3312/3312/3312 3313/3313/3313 3319/3319/3319 
f 3313/3313/3313 3317/3317/3317 3319/3319/3319 
f 3319/3319/3319 3318/3318/3318 3312/3312/3312 
f 3320/3320/3320 3311/3311/3311 3318/3318/3318 
f 3319/3319/3319 3320/3320/3320 3318/3318/3318 
f 3311/3311/3311 3320/3320/3320 3302/3302/3302 
f 3303/3303/3303 3302/3302/3302 3320/3320/3320 
f 3320/3320/3320 3319/3319/3319 3321/3321/3321 
f 3321/3321/3321 3303/3303/3303 3320/3320/3320 
f 3319/3319/3319 3317/3317/3317 3321/3321/3321 
f 3303/3303/3303 3321/3321/3321 3322/3322/3322 
f 3317/3317/3317 3323/3323/3323 3321/3321/3321 
f 3321/3321/3321 3324/3324/3324 3322/3322/3322 
f 3324/3324/3324 3321/3321/3321 3323/3323/3323 
f 3325/3325/3325 3326/3326/3326 3327/3327/3327 
f 3325/3325/3325 3328/3328/3328 3326/3326/3326 
f 3327/3327/3327 3329/3329/3329 3325/3325/3325 
f 3330/3330/3330 3328/3328/3328 3325/3325/3325 
f 3329/3329/3329 3331/3331/3331 3325/3325/3325 
f 3332/3332/3332 3330/3330/3330 3325/3325/3325 
f 3331/3331/3331 3333/3333/3333 3325/3325/3325 
f 3333/3333/3333 3332/3332/3332 3325/3325/3325 
f 3331/3331/3331 3334/3334/3334 3333/3333/3333 
f 3333/3333/3333 3334/3334/3334 3332/3332/3332 
f 3335/3335/3335 3334/3334/3334 3331/3331/3331 
f 3335/3335/3335 3331/3331/3331 3336/3336/3336 
f 3336/3336/3336 3337/3337/3337 3335/3335/3335 
f 3335/3335/3335 3338/3338/3338 3334/3334/3334 
f 3339/3339/3339 3335/3335/3335 3337/3337/3337 
f 3339/3339/3339 3338/3338/3338 3335/3335/3335 
f 3337/3337/3337 3340/3340/3340 3339/3339/3339 
f 3341/3341/3341 3339/3339/3339 3340/3340/3340 
f 3339/3339/3339 3341/3341/3341 3338/3338/3338 
f 3341/3341/3341 3340/3340/3340 3342/3342/3342 
f 3341/3341/3341 3342/3342/3342 3343/3343/3343 
f 3343/3343/3343 3342/3342/3342 3344/3344/3344 
f 3338/3338/3338 3341/3341/3341 3345/3345/3345 
f 3343/3343/3343 3345/3345/3345 3341/3341/3341 
f 3338/3338/3338 3346/3346/3346 3334/3334/3334 
f 3332/3332/3332 3334/3334/3334 3346/3346/3346 
f 3347/3347/3347 3332/3332/3332 3346/3346/3346 
f 3332/3332/3332 3347/3347/3347 3348/3348/3348 
f 3349/3349/3349 3347/3347/3347 3346/3346/3346 
f 3346/3346/3346 3338/3338/3338 3350/3350/3350 
f 3349/3349/3349 3346/3346/3346 3350/3350/3350 
f 3345/3345/3345 3350/3350/3350 3338/3338/3338 
f 3350/3350/3350 3351/3351/3351 3349/3349/3349 
f 3351/3351/3351 3350/3350/3350 3352/3352/3352 
f 3345/3345/3345 3352/3352/3352 3350/3350/3350 
f 3353/3353/3353 3351/3351/3351 3352/3352/3352 
f 3354/3354/3354 3352/3352/3352 3345/3345/3345 
f 3343/3343/3343 3354/3354/3354 3345/3345/3345 
f 3353/3353/3353 3352/3352/3352 3355/3355/3355 
f 3352/3352/3352 3354/3354/3354 3355/3355/3355 
f 3356/3356/3356 3353/3353/3353 3355/3355/3355 
f 3353/3353/3353 3356/3356/3356 3357/3357/3357 
f 3355/3355/3355 3354/3354/3354 3358/3358/3358 
f 3356/3356/3356 3355/3355/3355 3358/3358/3358 
f 3343/3343/3343 3359/3359/3359 3354/3354/3354 
f 3359/3359/3359 3358/3358/3358 3354/3354/3354 
f 3356/3356/3356 3360/3360/3360 3357/3357/3357 
f 3360/3360/3360 3361/3361/3361 3357/3357/3357 
f 3356/3356/3356 3358/3358/3358 3362/3362/3362 
f 3356/3356/3356 3362/3362/3362 3360/3360/3360 
f 3363/3363/3363 3361/3361/3361 3360/3360/3360 
f 3360/3360/3360 3362/3362/3362 3363/3363/3363 
f 3364/3364/3364 3361/3361/3361 3363/3363/3363 
f 3361/3361/3361 3364/3364/3364 3365/3365/3365 
f 3362/3362/3362 3366/3366/3366 3363/3363/3363 
f 3364/3364/3364 3363/3363/3363 3367/3367/3367 
f 3363/3363/3363 3366/3366/3366 3367/3367/3367 
f 3368/3368/3368 3365/3365/3365 3364/3364/3364 
f 3365/3365/3365 3368/3368/3368 3369/3369/3369 
f 3370/3370/3370 3364/3364/3364 3367/3367/3367 
f 3364/3364/3364 3370/3370/3370 3368/3368/3368 
f 3366/3366/3366 3371/3371/3371 3367/3367/3367 
f 3370/3370/3370 3367/3367/3367 3371/3371/3371 
f 3362/3362/3362 3372/3372/3372 3366/3366/3366 
f 3371/3371/3371 3366/3366/3366 3372/3372/3372 
f 3373/3373/3373 3369/3369/3369 3368/3368/3368 
f 3369/3369/3369 3373/3373/3373 3374/3374/3374 
f 3375/3375/3375 3374/3374/3374 3373/3373/3373 
f 3368/3368/3368 3376/3376/3376 3373/3373/3373 
f 3376/3376/3376 3368/3368/3368 3370/3370/3370 
f 3375/3375/3375 3373/3373/3373 3377/3377/3377 
f 3373/3373/3373 3376/3376/3376 3377/3377/3377 
f 3378/3378/3378 3375/3375/3375 3377/3377/3377 
f 3379/3379/3379 3375/3375/3375 3378/3378/3378 
f 3371/3371/3371 3380/3380/3380 3370/3370/3370 
f 3376/3376/3376 3370/3370/3370 3380/3380/3380 
f 3377/3377/3377 3376/3376/3376 3381/3381/3381 
f 3382/3382/3382 3380/3380/3380 3371/3371/3371 
f 3371/3371/3371 3372/3372/3372 3382/3382/3382 
f 3380/3380/3380 3382/3382/3382 3383/3383/3383 
f 3384/3384/3384 3380/3380/3380 3383/3383/3383 
f 3380/3380/3380 3384/3384/3384 3376/3376/3376 
f 3384/3384/3384 3383/3383/3383 3385/3385/3385 
f 3386/3386/3386 3384/3384/3384 3385/3385/3385 
f 3387/3387/3387 3376/3376/3376 3384/3384/3384 
f 3384/3384/3384 3386/3386/3386 3387/3387/3387 
f 3376/3376/3376 3387/3387/3387 3381/3381/3381 
f 3388/3388/3388 3377/3377/3377 3381/3381/3381 
f 3387/3387/3387 3388/3388/3388 3381/3381/3381 
f 3377/3377/3377 3388/3388/3388 3378/3378/3378 
f 3386/3386/3386 3389/3389/3389 3387/3387/3387 
f 3388/3388/3388 3387/3387/3387 3389/3389/3389 
f 3389/3389/3389 3386/3386/3386 3390/3390/3390 
f 3378/3378/3378 3388/3388/3388 3391/3391/3391 
f 3388/3388/3388 3389/3389/3389 3391/3391/3391 
f 3392/3392/3392 3378/3378/3378 3391/3391/3391 
f 3389/3389/3389 3393/3393/3393 3391/3391/3391 
f 3394/3394/3394 3392/3392/3392 3391/3391/3391 
f 3393/3393/3393 3395/3395/3395 3391/3391/3391 
f 3396/3396/3396 3394/3394/3394 3391/3391/3391 
f 3395/3395/3395 3396/3396/3396 3391/3391/3391 
f 3372/3372/3372 3397/3397/3397 3398/3398/3398 
f 3397/3397/3397 3399/3399/3399 3398/3398/3398 
f 3397/3397/3397 3372/3372/3372 3400/3400/3400 
f 3372/3372/3372 3362/3362/3362 3400/3400/3400 
f 3358/3358/3358 3400/3400/3400 3362/3362/3362 
f 3400/3400/3400 3358/3358/3358 3401/3401/3401 
f 3401/3401/3401 3397/3397/3397 3400/3400/3400 
f 3358/3358/3358 3359/3359/3359 3401/3401/3401 
f 3397/3397/3397 3401/3401/3401 3402/3402/3402 
f 3401/3401/3401 3359/3359/3359 3402/3402/3402 
f 3403/3403/3403 3397/3397/3397 3402/3402/3402 
f 3404/3404/3404 3402/3402/3402 3359/3359/3359 
f 3402/3402/3402 3405/3405/3405 3403/3403/3403 
f 3405/3405/3405 3402/3402/3402 3404/3404/3404 
f 3397/3397/3397 3403/3403/3403 3406/3406/3406 
f 3399/3399/3399 3397/3397/3397 3406/3406/3406 
f 3407/3407/3407 3404/3404/3404 3359/3359/3359 
f 3359/3359/3359 3343/3343/3343 3407/3407/3407 
f 3344/3344/3344 3407/3407/3407 3343/3343/3343 
f 3407/3407/3407 3344/3344/3344 3408/3408/3408 
f 3408/3408/3408 3409/3409/3409 3407/3407/3407 
f 3404/3404/3404 3407/3407/3407 3409/3409/3409 
f 3410/3410/3410 3409/3409/3409 3408/3408/3408 
f 3409/3409/3409 3411/3411/3411 3404/3404/3404 
f 3409/3409/3409 3410/3410/3410 3411/3411/3411 
f 3404/3404/3404 3411/3411/3411 3405/3405/3405 
f 3412/3412/3412 3411/3411/3411 3410/3410/3410 
f 3413/3413/3413 3411/3411/3411 3412/3412/3412 
f 3411/3411/3411 3413/3413/3413 3405/3405/3405 
f 3412/3412/3412 3414/3414/3414 3413/3413/3413 
f 3415/3415/3415 3413/3413/3413 3414/3414/3414 
f 3416/3416/3416 3405/3405/3405 3413/3413/3413 
f 3413/3413/3413 3415/3415/3415 3416/3416/3416 
f 3405/3405/3405 3416/3416/3416 3417/3417/3417 
f 3415/3415/3415 3417/3417/3417 3416/3416/3416 
f 3403/3403/3403 3405/3405/3405 3417/3417/3417 
f 3417/3417/3417 3415/3415/3415 3418/3418/3418 
f 3419/3419/3419 3403/3403/3403 3417/3417/3417 
f 3418/3418/3418 3419/3419/3419 3417/3417/3417 
f 3403/3403/3403 3419/3419/3419 3406/3406/3406 
f 3418/3418/3418 3420/3420/3420 3419/3419/3419 
f 3421/3421/3421 3406/3406/3406 3419/3419/3419 
f 3420/3420/3420 3421/3421/3421 3419/3419/3419 
f 3406/3406/3406 3421/3421/3421 3399/3399/3399 
f 3422/3422/3422 3421/3421/3421 3420/3420/3420 
f 3399/3399/3399 3421/3421/3421 3423/3423/3423 
f 3421/3421/3421 3422/3422/3422 3424/3424/3424 
f 3423/3423/3423 3421/3421/3421 3424/3424/3424 
f 3425/3425/3425 3424/3424/3424 3422/3422/3422 
f 3422/3422/3422 3426/3426/3426 3425/3425/3425 
f 3427/3427/3427 3423/3423/3423 3424/3424/3424 
f 3427/3427/3427 3424/3424/3424 3425/3425/3425 
f 3423/3423/3423 3428/3428/3428 3399/3399/3399 
f 3427/3427/3427 3428/3428/3428 3423/3423/3423 
f 3428/3428/3428 3429/3429/3429 3399/3399/3399 
f 3430/3430/3430 3425/3425/3425 3426/3426/3426 
f 3430/3430/3430 3427/3427/3427 3425/3425/3425 
f 3426/3426/3426 3431/3431/3431 3430/3430/3430 
f 3432/3432/3432 3429/3429/3429 3428/3428/3428 
f 3428/3428/3428 3427/3427/3427 3432/3432/3432 
f 3429/3429/3429 3432/3432/3432 3433/3433/3433 
f 3434/3434/3434 3433/3433/3433 3432/3432/3432 
f 3434/3434/3434 3432/3432/3432 3427/3427/3427 
f 3433/3433/3433 3434/3434/3434 3435/3435/3435 
f 3435/3435/3435 3434/3434/3434 3436/3436/3436 
f 3434/3434/3434 3427/3427/3427 3437/3437/3437 
f 3427/3427/3427 3430/3430/3430 3437/3437/3437 
f 3436/3436/3436 3434/3434/3434 3438/3438/3438 
f 3434/3434/3434 3437/3437/3437 3438/3438/3438 
f 3439/3439/3439 3436/3436/3436 3438/3438/3438 
f 3436/3436/3436 3439/3439/3439 3440/3440/3440 
f 3431/3431/3431 3441/3441/3441 3430/3430/3430 
f 3441/3441/3441 3437/3437/3437 3430/3430/3430 
f 3441/3441/3441 3431/3431/3431 3442/3442/3442 
f 3438/3438/3438 3437/3437/3437 3443/3443/3443 
f 3437/3437/3437 3441/3441/3441 3443/3443/3443 
f 3438/3438/3438 3444/3444/3444 3439/3439/3439 
f 3444/3444/3444 3438/3438/3438 3443/3443/3443 
f 3445/3445/3445 3443/3443/3443 3441/3441/3441 
f 3442/3442/3442 3445/3445/3445 3441/3441/3441 
f 3443/3443/3443 3445/3445/3445 3444/3444/3444 
f 3445/3445/3445 3442/3442/3442 3446/3446/3446 
f 3439/3439/3439 3444/3444/3444 3447/3447/3447 
f 3444/3444/3444 3445/3445/3445 3447/3447/3447 
f 3448/3448/3448 3439/3439/3439 3447/3447/3447 
f 3445/3445/3445 3449/3449/3449 3447/3447/3447 
f 3450/3450/3450 3448/3448/3448 3447/3447/3447 
f 3449/3449/3449 3451/3451/3451 3447/3447/3447 
f 3452/3452/3452 3450/3450/3450 3447/3447/3447 
f 3447/3447/3447 3451/3451/3451 3452/3452/3452 
f 3453/3453/3453 3454/3454/3454 3455/3455/3455 
f 3455/3455/3455 3454/3454/3454 3456/3456/3456 
f 3456/3456/3456 3457/3457/3457 3455/3455/3455 
f 3457/3457/3457 3458/3458/3458 3455/3455/3455 
f 3459/3459/3459 3453/3453/3453 3455/3455/3455 
f 3458/3458/3458 3460/3460/3460 3455/3455/3455 
f 3461/3461/3461 3459/3459/3459 3455/3455/3455 
f 3460/3460/3460 3461/3461/3461 3455/3455/3455 
f 3459/3459/3459 3462/3462/3462 3463/3463/3463 
f 3464/3464/3464 3465/3465/3465 3460/3460/3460 
f 3462/3462/3462 3459/3459/3459 3466/3466/3466 
f 3461/3461/3461 3466/3466/3466 3459/3459/3459 
f 3467/3467/3467 3462/3462/3462 3466/3466/3466 
f 3462/3462/3462 3467/3467/3467 3468/3468/3468 
f 3466/3466/3466 3461/3461/3461 3469/3469/3469 
f 3469/3469/3469 3467/3467/3467 3466/3466/3466 
f 3467/3467/3467 3470/3470/3470 3468/3468/3468 
f 3461/3461/3461 3471/3471/3471 3469/3469/3469 
f 3471/3471/3471 3461/3461/3461 3460/3460/3460 
f 3460/3460/3460 3465/3465/3465 3471/3471/3471 
f 3465/3465/3465 3472/3472/3472 3471/3471/3471 
f 3472/3472/3472 3469/3469/3469 3471/3471/3471 
f 3472/3472/3472 3465/3465/3465 3473/3473/3473 
f 3474/3474/3474 3472/3472/3472 3473/3473/3473 
f 3469/3469/3469 3472/3472/3472 3475/3475/3475 
f 3467/3467/3467 3469/3469/3469 3475/3475/3475 
f 3472/3472/3472 3474/3474/3474 3476/3476/3476 
f 3476/3476/3476 3475/3475/3475 3472/3472/3472 
f 3382/3382/3382 3476/3476/3476 3474/3474/3474 
f 3477/3477/3477 3467/3467/3467 3475/3475/3475 
f 3467/3467/3467 3477/3477/3477 3470/3470/3470 
f 3475/3475/3475 3476/3476/3476 3478/3478/3478 
f 3475/3475/3475 3478/3478/3478 3477/3477/3477 
f 3476/3476/3476 3382/3382/3382 3479/3479/3479 
f 3479/3479/3479 3478/3478/3478 3476/3476/3476 
f 3479/3479/3479 3382/3382/3382 3372/3372/3372 
f 3477/3477/3477 3429/3429/3429 3470/3470/3470 
f 3478/3478/3478 3479/3479/3479 3480/3480/3480 
f 3372/3372/3372 3480/3480/3480 3479/3479/3479 
f 3481/3481/3481 3477/3477/3477 3478/3478/3478 
f 3478/3478/3478 3480/3480/3480 3481/3481/3481 
f 3477/3477/3477 3481/3481/3481 3429/3429/3429 
f 3480/3480/3480 3372/3372/3372 3398/3398/3398 
f 3480/3480/3480 3399/3399/3399 3481/3481/3481 
f 3399/3399/3399 3480/3480/3480 3398/3398/3398 
f 3481/3481/3481 3399/3399/3399 3429/3429/3429 

g Rig8

v -5.26321 5.52833 -3.5338 
v -5.17458 5.52616 -3.54893 
v -5.25369 5.43916 -3.50988 
v -5.17495 5.43723 -3.52332 
v -5.16337 5.31626 -3.31926 
v -5.31226 5.43643 -3.45457 
v -5.16337 5.31626 -3.31926 
v -5.32912 5.52525 -3.47155 
v -5.37149 5.51992 -3.40621 
v -5.07308 5.43722 -3.51345 
v -5.16337 5.31626 -3.31926 
v -5.05993 5.52614 -3.53782 
v -4.99634 5.51096 -3.44438 
v -5.3499 5.43169 -3.39652 
v -5.16337 5.31626 -3.31926 
v -5.38919 5.51452 -3.33018 
v -5.01658 5.42373 -3.43043 
v -5.16337 5.31626 -3.31926 
v -4.96709 5.49819 -3.31074 
v -4.99059 5.41238 -3.31169 
v -5.16337 5.31626 -3.31926 
v -5.36563 5.42689 -3.32896 
v -5.16337 5.31626 -3.31926 
v -5.38462 5.50797 -3.24248 
v -5.36157 5.42107 -3.25104 
v -5.16337 5.31626 -3.31926 
v -5.33664 5.41886 -3.19231 
v -5.16337 5.31626 -3.31926 
v -5.35657 5.50548 -3.17638 
v -5.25304 5.50411 -3.09204 
v -5.24466 5.41764 -3.11737 
v -5.16337 5.31626 -3.31926 
v -5.13046 5.49374 -3.11119 
v -5.13575 5.40843 -3.13439 
v -5.16337 5.31626 -3.31926 
v -5.06004 5.40761 -3.15944 
v -5.16337 5.31626 -3.31926 
v -5.04526 5.49282 -3.13939 
v -5.00207 5.40877 -3.20469 
v -5.16337 5.31626 -3.31926 
v -4.98001 5.49412 -3.19032 
v -4.96676 5.49625 -3.25347 
v -4.9903 5.41066 -3.2608 
v -5.16337 5.31626 -3.31926 
v -5.16337 5.31626 -3.31926 
v -4.87402 6.09533 -3.49002 
v -4.99734 6.05232 -3.57899 
v -4.96707 6.13828 -3.53199 
v -4.89735 6.00166 -3.52948 
v -5.08927 6.09151 -3.55467 
v -4.80397 6.06136 -3.42176 
v -4.82208 5.96159 -3.44898 
v -4.86339 6.16761 -3.43839 
v -4.7621 6.03664 -3.26073 
v -4.77708 5.93244 -3.25904 
v -4.79376 5.94028 -3.18898 
v -4.8098 6.14162 -3.38617 
v -4.93228 6.2393 -3.27017 
v -4.93457 6.20048 -3.47051 
v -4.93228 6.2393 -3.27017 
v -5.00002 6.2259 -3.45473 
v -4.93228 6.2393 -3.27017 
v -5.05262 6.1715 -3.51136 
v -5.04719 6.247 -3.40735 
v -4.93228 6.2393 -3.27017 
v -5.11428 6.19907 -3.44944 
v -5.15553 6.12403 -3.48163 
v -5.198 6.14373 -3.3593 
v -5.1538 6.21577 -3.34573 
v -5.21106 6.15017 -3.24981 
v -5.07743 6.25978 -3.32799 
v -4.93228 6.2393 -3.27017 
v -5.08673 6.26395 -3.25696 
v -4.93228 6.2393 -3.27017 
v -5.16596 6.22123 -3.25291 
v -5.15249 6.20948 -3.17243 
v -5.19659 6.13631 -3.15488 
v -5.07642 6.25496 -3.19538 
v -4.93228 6.2393 -3.27017 
v -5.11937 6.19089 -3.10762 
v -5.161 6.11438 -3.07844 
v -5.05109 6.24074 -3.14579 
v -4.93228 6.2393 -3.27017 
v -5.05693 6.13378 -3.0599 
v -5.0939 6.04702 -3.02216 
v -4.99488 6.01317 -2.98363 
v -5.00332 6.19704 -3.10928 
v -4.93228 6.2393 -3.27017 
v -4.96478 6.10509 -3.02724 
v -4.93282 6.17508 -3.08429 
v -4.93228 6.2393 -3.27017 
v -4.88117 6.07892 -3.08419 
v -4.86885 6.15506 -3.12786 
v -4.93228 6.2393 -3.27017 
v -4.90503 5.98231 -3.05081 
v -4.80272 6.13342 -3.16741 
v -4.93228 6.2393 -3.27017 
v -4.79472 6.05064 -3.13587 
v -4.81214 5.94895 -3.11176 
v -4.77762 6.04329 -3.20134 
v -4.78964 6.12779 -3.2175 
v -4.93228 6.2393 -3.27017 
v -4.77776 6.12271 -3.26295 
v -4.93228 6.2393 -3.27017 
v -4.93228 6.2393 -3.27017 
v -4.89735 6.00166 -3.52948 
v -5.04772 5.91506 -3.60025 
v -4.99734 6.05232 -3.57899 
v -5.08927 6.09151 -3.55467 
v -4.94363 5.873 -3.54578 
v -4.82208 5.96159 -3.44898 
v -4.85053 5.82351 -3.45678 
v -4.98799 5.73641 -3.55453 
v -4.90261 5.69894 -3.45903 
v -4.96098 5.58953 -3.45048 
v -5.15859 5.94662 -3.57267 
v -5.15553 6.12403 -3.48163 
v -5.23456 5.96548 -3.49839 
v -5.09858 5.7594 -3.59339 
v -5.20573 5.78009 -3.56967 
v -5.28137 5.79061 -3.49666 
v -5.03364 5.61399 -3.54478 
v -5.05993 5.52614 -3.53782 
v -4.99634 5.51096 -3.44438 
v -5.14293 5.62329 -3.56745 
v -5.17458 5.52616 -3.54893 
v -5.23927 5.63318 -3.54874 
v -5.30924 5.63576 -3.48201 
v -5.26321 5.52833 -3.5338 
v -5.32912 5.52525 -3.47155 
v -4.93411 5.8197 -3.05383 
v -4.90503 5.98231 -3.05081 
v -5.0546 5.85393 -2.99767 
v -4.99488 6.01317 -2.98363 
v -4.81214 5.94895 -3.11176 
v -4.85948 5.79373 -3.10436 
v -4.90128 5.67312 -3.13017 
v -4.97579 5.68884 -3.07685 
v -4.95089 5.56895 -3.16527 
v -5.0939 6.04702 -3.02216 
v -5.02 5.57474 -3.11334 
v -4.98001 5.49412 -3.19032 
v -5.04526 5.49282 -3.13939 
v -5.08414 5.7073 -3.02966 
v -5.11117 5.58268 -3.07723 
v -5.13046 5.49374 -3.11119 
v -5.23487 5.60368 -3.06757 
v -5.25304 5.50411 -3.09204 
v -5.33503 5.61652 -3.15086 
v -5.35657 5.50548 -3.17638 
v -5.20941 5.7432 -3.03328 
v -5.30485 5.7721 -3.11512 
v -5.17135 5.90419 -3.01643 
v -5.25341 5.94935 -3.08981 
v -5.161 6.11438 -3.07844 
v -5.15553 6.12403 -3.48163 
v -5.28465 5.9711 -3.37211 
v -5.198 6.14373 -3.3593 
v -5.23456 5.96548 -3.49839 
v -5.30407 5.97243 -3.25765 
v -5.21106 6.15017 -3.24981 
v -5.33077 5.79187 -3.38974 
v -5.28137 5.79061 -3.49666 
v -5.30924 5.63576 -3.48201 
v -5.19659 6.13631 -3.15488 
v -5.35454 5.63318 -3.39935 
v -5.32912 5.52525 -3.47155 
v -5.37149 5.51992 -3.40621 
v -5.38919 5.51452 -3.33018 
v -5.37306 5.62942 -3.31165 
v -5.38462 5.50797 -3.24248 
v -5.35047 5.79041 -3.28569 
v -5.36563 5.62261 -3.22069 
v -5.35657 5.50548 -3.17638 
v -5.33503 5.61652 -3.15086 
v -5.33901 5.78324 -3.19014 
v -5.30485 5.7721 -3.11512 
v -5.25341 5.94935 -3.08981 
v -5.2889 5.96544 -3.16468 
v -5.161 6.11438 -3.07844 
v -4.77708 5.93244 -3.25904 
v -4.85053 5.82351 -3.45678 
v -4.82208 5.96159 -3.44898 
v -4.81307 5.78518 -3.27086 
v -4.90261 5.69894 -3.45903 
v -4.83514 5.78925 -3.19168 
v -4.79376 5.94028 -3.18898 
v -4.85948 5.79373 -3.10436 
v -4.81214 5.94895 -3.11176 
v -4.90128 5.67312 -3.13017 
v -4.88314 5.67122 -3.21174 
v -4.95089 5.56895 -3.16527 
v -4.8667 5.66949 -3.2857 
v -4.96098 5.58953 -3.45048 
v -4.93938 5.5694 -3.23609 
v -4.98001 5.49412 -3.19032 
v -4.96676 5.49625 -3.25347 
v -4.92895 5.56981 -3.30031 
v -4.96709 5.49819 -3.31074 
v -4.99634 5.51096 -3.44438 

vn -0.425197 -0.275591 -0.866142 
vn -0.0393701 -0.275591 -0.96063 
vn -0.362205 -0.574803 -0.732283 
vn -0.0393701 -0.598425 -0.80315 
vn -0.220472 -0.866142 -0.456693 
vn -0.606299 -0.582677 -0.543307 
vn -0.370079 -0.858268 -0.362205 
vn -0.732283 -0.259843 -0.629921 
vn -0.88189 -0.259843 -0.401575 
vn 0.385827 -0.574803 -0.724409 
vn -0.0314961 -0.858268 -0.511811 
vn 0.448819 -0.299213 -0.84252 
vn 0.866142 -0.267717 -0.425197 
vn -0.732283 -0.590551 -0.346457 
vn -0.433071 -0.866142 -0.251969 
vn -0.96063 -0.259843 -0.110236 
vn 0.708661 -0.590551 -0.377953 
vn 0.212598 -0.866142 -0.448819 
vn 0.96063 -0.259843 -0.125984 
vn 0.787402 -0.598425 -0.125984 
vn 0.433071 -0.858268 -0.267717 
vn -0.795276 -0.598425 -0.110236 
vn -0.472441 -0.874016 -0.102362 
vn -0.944882 -0.267717 0.19685 
vn -0.771654 -0.614173 0.149606 
vn -0.456693 -0.889764 0.0472441 
vn -0.637795 -0.622047 0.456693 
vn -0.354331 -0.897638 0.244094 
vn -0.771654 -0.283465 0.566929 
vn -0.275591 -0.291339 0.913386 
vn -0.228346 -0.606299 0.76378 
vn -0.141732 -0.905512 0.401575 
vn 0.212598 -0.267717 0.937008 
vn 0.149606 -0.629921 0.755906 
vn 0.0708661 -0.897638 0.440945 
vn 0.370079 -0.622047 0.685039 
vn 0.204724 -0.897638 0.385827 
vn 0.456693 -0.275591 0.84252 
vn 0.677165 -0.614173 0.409449 
vn 0.377953 -0.905512 0.204724 
vn 0.818898 -0.291339 0.496063 
vn 0.96063 -0.267717 0.0866142 
vn 0.787402 -0.614173 0.0629921 
vn 0.480315 -0.874016 0.015748 
vn 0.488189 -0.866142 -0.11811 
vn 0.637795 0.267717 -0.724409 
vn 0.259843 0.377953 -0.889764 
vn 0.275591 0.480315 -0.834646 
vn 0.629921 0.165354 -0.76378 
vn -0.212598 0.535433 -0.818898 
vn 0.88189 0.102362 -0.456693 
vn 0.874016 -0.023622 -0.488189 
vn 0.622047 0.637795 -0.456693 
vn 1 0.015748 0 
vn 0.992126 -0.125984 0.00787402 
vn 0.96063 -0.11811 0.251969 
vn 0.795276 0.527559 -0.291339 
vn 0.574803 0.818898 -0.0866142 
vn 0.377953 0.755906 -0.535433 
vn 0.503937 0.850394 -0.15748 
vn 0.0944882 0.874016 -0.472441 
vn 0.401575 0.897638 -0.181102 
vn -0.181102 0.645669 -0.740157 
vn -0.0866142 0.944882 -0.314961 
vn 0.283465 0.944882 -0.173228 
vn -0.496063 0.708661 -0.496063 
vn -0.590551 0.574803 -0.566929 
vn -0.795276 0.543307 -0.259843 
vn -0.653543 0.724409 -0.23622 
vn -0.84252 0.543307 0.0472441 
vn -0.173228 0.976378 -0.149606 
vn 0.212598 0.968504 -0.125984 
vn -0.188976 0.984252 0.0472441 
vn 0.165354 0.984252 -0.0629921 
vn -0.685039 0.732283 0.0393701 
vn -0.614173 0.708661 0.338583 
vn -0.748031 0.543307 0.370079 
vn -0.149606 0.96063 0.251969 
vn 0.15748 0.984252 0.0393701 
vn -0.370079 0.653543 0.661417 
vn -0.433071 0.519685 0.740157 
vn 0.0393701 0.866142 0.496063 
vn 0.181102 0.976378 0.141732 
vn -0.141732 0.543307 0.826772 
vn -0.19685 0.464567 0.866142 
vn 0.228346 0.338583 0.913386 
vn 0.110236 0.779528 0.614173 
vn 0.307087 0.905512 0.283465 
vn 0.251969 0.425197 0.866142 
vn 0.338583 0.692913 0.637795 
vn 0.322835 0.874016 0.370079 
vn 0.582677 0.23622 0.779528 
vn 0.551181 0.629921 0.551181 
vn 0.322835 0.897638 0.307087 
vn 0.582677 0.133858 0.80315 
vn 0.740157 0.543307 0.401575 
vn 0.456693 0.84252 0.291339 
vn 0.826772 0.125984 0.551181 
vn 0.811024 0.00787402 0.590551 
vn 0.968504 0.0314961 0.244094 
vn 0.834646 0.527559 0.15748 
vn 0.527559 0.826772 0.188976 
vn 0.874016 0.480315 0.00787402 
vn 0.598425 0.795276 0.0629921 
vn 0.598425 0.795276 0.015748 
vn 0.559055 -0.0787402 -0.826772 
vn 0.102362 0.0314961 -0.992126 
vn 0.125984 0.0944882 -0.984252 
vn -0.401575 0.299213 -0.866142 
vn 0.535433 -0.11811 -0.834646 
vn 0.834646 -0.165354 -0.527559 
vn 0.826772 -0.23622 -0.503937 
vn 0.496063 -0.220472 -0.84252 
vn 0.787402 -0.362205 -0.496063 
vn 0.795276 -0.401575 -0.448819 
vn -0.440945 0.212598 -0.874016 
vn -0.732283 0.417323 -0.535433 
vn -0.76378 0.322835 -0.559055 
vn 0.0393701 -0.102362 -0.992126 
vn -0.464567 0.0472441 -0.88189 
vn -0.795276 0.15748 -0.582677 
vn 0.464567 -0.275591 -0.84252 
vn 0.440945 -0.259843 -0.858268 
vn 0.818898 -0.377953 -0.425197 
vn -0.00787402 -0.149606 -0.992126 
vn -0.0551181 -0.141732 -0.992126 
vn -0.464567 -0.023622 -0.88189 
vn -0.787402 0.0944882 -0.606299 
vn -0.496063 -0.015748 -0.866142 
vn -0.795276 0.102362 -0.598425 
vn 0.456693 -0.212598 0.866142 
vn 0.488189 -0.149606 0.858268 
vn 0.102362 -0.125984 0.984252 
vn 0.125984 -0.0551181 0.992126 
vn 0.779528 -0.204724 0.598425 
vn 0.748031 -0.291339 0.598425 
vn 0.724409 -0.433071 0.535433 
vn 0.409449 -0.362205 0.84252 
vn 0.732283 -0.472441 0.488189 
vn -0.377953 0.181102 0.905512 
vn 0.409449 -0.417323 0.811024 
vn 0.771654 -0.433071 0.464567 
vn 0.417323 -0.409449 0.811024 
vn 0.125984 -0.275591 0.952756 
vn 0.15748 -0.346457 0.92126 
vn 0.181102 -0.346457 0.92126 
vn -0.338583 -0.188976 0.92126 
vn -0.346457 -0.188976 0.92126 
vn -0.795276 0.00787402 0.598425 
vn -0.818898 0.023622 0.566929 
vn -0.385827 -0.102362 0.913386 
vn -0.787402 0.0708661 0.614173 
vn -0.409449 0.0787402 0.913386 
vn -0.724409 0.244094 0.637795 
vn -0.677165 0.346457 0.653543 
vn -0.732283 0.417323 -0.535433 
vn -0.897638 0.354331 -0.259843 
vn -0.858268 0.456693 -0.244094 
vn -0.76378 0.322835 -0.559055 
vn -0.937008 0.354331 0.015748 
vn -0.889764 0.464567 0.023622 
vn -0.929134 0.204724 -0.299213 
vn -0.795276 0.15748 -0.582677 
vn -0.787402 0.0944882 -0.606299 
vn -0.834646 0.433071 0.330709 
vn -0.929134 0.149606 -0.338583 
vn -0.795276 0.102362 -0.598425 
vn -0.92126 0.149606 -0.346457 
vn -0.984252 0.149606 -0.0708661 
vn -0.984252 0.149606 -0.0551181 
vn -0.968504 0.110236 0.220472 
vn -0.976378 0.19685 -0.023622 
vn -0.96063 0.110236 0.251969 
vn -0.818898 0.023622 0.566929 
vn -0.795276 0.00787402 0.598425 
vn -0.944882 0.15748 0.283465 
vn -0.787402 0.0708661 0.614173 
vn -0.724409 0.244094 0.637795 
vn -0.889764 0.322835 0.322835 
vn -0.677165 0.346457 0.653543 
vn 0.968504 -0.23622 0.015748 
vn 0.826772 -0.23622 -0.503937 
vn 0.834646 -0.165354 -0.527559 
vn 0.944882 -0.322835 0 
vn 0.787402 -0.362205 -0.496063 
vn 0.913386 -0.330709 0.251969 
vn 0.929134 -0.259843 0.259843 
vn 0.748031 -0.291339 0.598425 
vn 0.779528 -0.204724 0.598425 
vn 0.724409 -0.433071 0.535433 
vn 0.866142 -0.456693 0.204724 
vn 0.732283 -0.472441 0.488189 
vn 0.889764 -0.464567 -0.023622 
vn 0.795276 -0.401575 -0.448819 
vn 0.874016 -0.456693 0.141732 
vn 0.771654 -0.433071 0.464567 
vn 0.905512 -0.409449 0.110236 
vn 0.88189 -0.472441 -0.0629921 
vn 0.897638 -0.425197 -0.0944882 
vn 0.818898 -0.377953 -0.425197 

vt 0.480377 0.678904 
vt 0.473755 0.678904 
vt 0.480593 0.671725 
vt 0.47471 0.671724 
vt 0.481352 0.648372 
vt 0.486613 0.671724 
vt 0.481352 0.648372 
vt 0.487152 0.678904 
vt 0.492427 0.678904 
vt 0.469094 0.667877 
vt 0.481352 0.648372 
vt 0.465511 0.678903 
vt 0.465511 0.65393 
vt 0.4913 0.671724 
vt 0.481352 0.648372 
vt 0.499496 0.678816 
vt 0.468889 0.652854 
vt 0.481218 0.648281 
vt 0.465511 0.637725 
vt 0.469496 0.638455 
vt 0.481218 0.648281 
vt 0.495659 0.667536 
vt 0.481352 0.648372 
vt 0.499496 0.654322 
vt 0.496425 0.653202 
vt 0.481352 0.648372 
vt 0.496552 0.645418 
vt 0.481352 0.648372 
vt 0.499496 0.645561 
vt 0.499496 0.624071 
vt 0.495478 0.630145 
vt 0.481352 0.648372 
vt 0.486625 0.624071 
vt 0.486145 0.629248 
vt 0.481352 0.648372 
vt 0.480049 0.629077 
vt 0.481352 0.648372 
vt 0.479764 0.624071 
vt 0.474434 0.629243 
vt 0.481352 0.648372 
vt 0.473445 0.624071 
vt 0.465512 0.624071 
vt 0.469934 0.62981 
vt 0.481352 0.648372 
vt 0.481218 0.648281 
vt 0.440433 0.630014 
vt 0.44821 0.624041 
vt 0.447563 0.629014 
vt 0.43962 0.624041 
vt 0.460204 0.624041 
vt 0.430421 0.632567 
vt 0.426318 0.624042 
vt 0.441632 0.637911 
vt 0.429893 0.648438 
vt 0.426318 0.648685 
vt 0.426318 0.655491 
vt 0.437696 0.640818 
vt 0.444577 0.650945 
vt 0.446381 0.636772 
vt 0.444577 0.650945 
vt 0.450103 0.639038 
vt 0.444577 0.650945 
vt 0.45614 0.631004 
vt 0.452418 0.643304 
vt 0.444622 0.650981 
vt 0.456488 0.639465 
vt 0.460204 0.636292 
vt 0.460204 0.648461 
vt 0.45662 0.648946 
vt 0.460204 0.65882 
vt 0.453303 0.64962 
vt 0.444622 0.650981 
vt 0.453026 0.654971 
vt 0.444622 0.650981 
vt 0.456579 0.656978 
vt 0.45636 0.671343 
vt 0.460204 0.678566 
vt 0.451569 0.659298 
vt 0.444622 0.650981 
vt 0.45205 0.672216 
vt 0.452982 0.678625 
vt 0.449369 0.662665 
vt 0.44458 0.651023 
vt 0.446281 0.672724 
vt 0.445945 0.678626 
vt 0.43805 0.678626 
vt 0.445527 0.663612 
vt 0.44458 0.651023 
vt 0.439693 0.672896 
vt 0.441138 0.663933 
vt 0.44458 0.651023 
vt 0.430458 0.671728 
vt 0.437942 0.661754 
vt 0.44458 0.651023 
vt 0.426318 0.678615 
vt 0.434552 0.656692 
vt 0.44458 0.651023 
vt 0.429949 0.659561 
vt 0.426318 0.662992 
vt 0.42992 0.653729 
vt 0.434354 0.652807 
vt 0.444577 0.650945 
vt 0.434175 0.649283 
vt 0.444577 0.650945 
vt 0.444577 0.650945 
vt 0.513649 0.771715 
vt 0.5299 0.74933 
vt 0.5299 0.771715 
vt 0.547459 0.771715 
vt 0.513649 0.74933 
vt 0.495806 0.771715 
vt 0.495806 0.74933 
vt 0.513649 0.726208 
vt 0.495806 0.726208 
vt 0.495806 0.703077 
vt 0.547459 0.74933 
vt 0.565797 0.771715 
vt 0.565797 0.74933 
vt 0.5299 0.726208 
vt 0.547459 0.726208 
vt 0.565797 0.726208 
vt 0.513649 0.703077 
vt 0.513649 0.688099 
vt 0.495806 0.688099 
vt 0.5299 0.703077 
vt 0.5299 0.688099 
vt 0.547459 0.703077 
vt 0.565797 0.703077 
vt 0.547459 0.688099 
vt 0.565797 0.688099 
vt 0.688767 0.74933 
vt 0.688767 0.771715 
vt 0.669406 0.74933 
vt 0.669403 0.771715 
vt 0.704975 0.771715 
vt 0.704975 0.74933 
vt 0.704975 0.726208 
vt 0.688767 0.726208 
vt 0.704975 0.703077 
vt 0.653159 0.771715 
vt 0.688767 0.703077 
vt 0.704975 0.688099 
vt 0.688767 0.688099 
vt 0.669401 0.726208 
vt 0.669396 0.703077 
vt 0.669392 0.688099 
vt 0.653159 0.703077 
vt 0.653159 0.688099 
vt 0.635407 0.703077 
vt 0.635407 0.688099 
vt 0.653159 0.726208 
vt 0.635407 0.726208 
vt 0.653159 0.74933 
vt 0.635407 0.74933 
vt 0.635407 0.771715 
vt 0.565797 0.771715 
vt 0.58133 0.74933 
vt 0.58133 0.771715 
vt 0.565797 0.74933 
vt 0.599042 0.74933 
vt 0.599042 0.771715 
vt 0.58133 0.726208 
vt 0.565797 0.726208 
vt 0.565797 0.703077 
vt 0.618024 0.771715 
vt 0.58133 0.703077 
vt 0.565797 0.688099 
vt 0.58133 0.688099 
vt 0.599042 0.688099 
vt 0.599042 0.703077 
vt 0.618024 0.688099 
vt 0.599042 0.726208 
vt 0.618024 0.703077 
vt 0.635408 0.688099 
vt 0.635408 0.703077 
vt 0.618024 0.726208 
vt 0.635408 0.726208 
vt 0.635408 0.74933 
vt 0.618024 0.74933 
vt 0.635408 0.771715 
vt 0.453885 0.771715 
vt 0.495807 0.74933 
vt 0.495807 0.771715 
vt 0.453885 0.74933 
vt 0.495807 0.726208 
vt 0.442199 0.74933 
vt 0.442199 0.771715 
vt 0.42611 0.74933 
vt 0.42611 0.771715 
vt 0.42611 0.726208 
vt 0.442199 0.726208 
vt 0.42611 0.703077 
vt 0.453885 0.726208 
vt 0.495807 0.703077 
vt 0.442199 0.703077 
vt 0.42611 0.688099 
vt 0.442199 0.688099 
vt 0.453885 0.703077 
vt 0.453885 0.688099 
vt 0.495807 0.688099 

usemtl Rig1Mtl

f 3482/3482/3482 3483/3483/3483 3484/3484/3484 
f 3483/3483/3483 3485/3485/3485 3484/3484/3484 
f 3485/3485/3485 3486/3486/3486 3484/3484/3484 
f 3487/3487/3487 3482/3482/3482 3484/3484/3484 
f 3488/3488/3488 3487/3487/3487 3484/3484/3484 
f 3482/3482/3482 3487/3487/3487 3489/3489/3489 
f 3487/3487/3487 3490/3490/3490 3489/3489/3489 
f 3483/3483/3483 3491/3491/3491 3485/3485/3485 
f 3492/3492/3492 3485/3485/3485 3491/3491/3491 
f 3493/3493/3493 3491/3491/3491 3483/3483/3483 
f 3491/3491/3491 3493/3493/3493 3494/3494/3494 
f 3490/3490/3490 3487/3487/3487 3495/3495/3495 
f 3487/3487/3487 3496/3496/3496 3495/3495/3495 
f 3495/3495/3495 3497/3497/3497 3490/3490/3490 
f 3494/3494/3494 3498/3498/3498 3491/3491/3491 
f 3498/3498/3498 3499/3499/3499 3491/3491/3491 
f 3498/3498/3498 3494/3494/3494 3500/3500/3500 
f 3498/3498/3498 3500/3500/3500 3501/3501/3501 
f 3501/3501/3501 3502/3502/3502 3498/3498/3498 
f 3497/3497/3497 3495/3495/3495 3503/3503/3503 
f 3495/3495/3495 3504/3504/3504 3503/3503/3503 
f 3503/3503/3503 3505/3505/3505 3497/3497/3497 
f 3505/3505/3505 3503/3503/3503 3506/3506/3506 
f 3503/3503/3503 3507/3507/3507 3506/3506/3506 
f 3505/3505/3505 3506/3506/3506 3508/3508/3508 
f 3506/3506/3506 3509/3509/3509 3508/3508/3508 
f 3505/3505/3505 3508/3508/3508 3510/3510/3510 
f 3508/3508/3508 3511/3511/3511 3510/3510/3510 
f 3511/3511/3511 3508/3508/3508 3512/3512/3512 
f 3508/3508/3508 3513/3513/3513 3512/3512/3512 
f 3512/3512/3512 3514/3514/3514 3511/3511/3511 
f 3512/3512/3512 3515/3515/3515 3514/3514/3514 
f 3516/3516/3516 3515/3515/3515 3512/3512/3512 
f 3517/3517/3517 3514/3514/3514 3515/3515/3515 
f 3515/3515/3515 3518/3518/3518 3517/3517/3517 
f 3514/3514/3514 3517/3517/3517 3519/3519/3519 
f 3520/3520/3520 3519/3519/3519 3517/3517/3517 
f 3517/3517/3517 3521/3521/3521 3520/3520/3520 
f 3519/3519/3519 3520/3520/3520 3522/3522/3522 
f 3522/3522/3522 3520/3520/3520 3523/3523/3523 
f 3524/3524/3524 3523/3523/3523 3520/3520/3520 
f 3520/3520/3520 3525/3525/3525 3524/3524/3524 
f 3523/3523/3523 3524/3524/3524 3500/3500/3500 
f 3501/3501/3501 3500/3500/3500 3524/3524/3524 
f 3524/3524/3524 3526/3526/3526 3501/3501/3501 
f 3527/3527/3527 3528/3528/3528 3529/3529/3529 
f 3528/3528/3528 3527/3527/3527 3530/3530/3530 
f 3529/3529/3529 3528/3528/3528 3531/3531/3531 
f 3532/3532/3532 3530/3530/3530 3527/3527/3527 
f 3530/3530/3530 3532/3532/3532 3533/3533/3533 
f 3534/3534/3534 3532/3532/3532 3527/3527/3527 
f 3529/3529/3529 3534/3534/3534 3527/3527/3527 
f 3535/3535/3535 3533/3533/3533 3532/3532/3532 
f 3533/3533/3533 3535/3535/3535 3536/3536/3536 
f 3535/3535/3535 3537/3537/3537 3536/3536/3536 
f 3538/3538/3538 3535/3535/3535 3532/3532/3532 
f 3538/3538/3538 3532/3532/3532 3534/3534/3534 
f 3534/3534/3534 3539/3539/3539 3538/3538/3538 
f 3534/3534/3534 3529/3529/3529 3540/3540/3540 
f 3540/3540/3540 3541/3541/3541 3534/3534/3534 
f 3529/3529/3529 3542/3542/3542 3540/3540/3540 
f 3542/3542/3542 3543/3543/3543 3540/3540/3540 
f 3542/3542/3542 3529/3529/3529 3544/3544/3544 
f 3529/3529/3529 3531/3531/3531 3544/3544/3544 
f 3544/3544/3544 3545/3545/3545 3542/3542/3542 
f 3545/3545/3545 3546/3546/3546 3542/3542/3542 
f 3531/3531/3531 3547/3547/3547 3544/3544/3544 
f 3545/3545/3545 3544/3544/3544 3547/3547/3547 
f 3547/3547/3547 3531/3531/3531 3548/3548/3548 
f 3547/3547/3547 3548/3548/3548 3549/3549/3549 
f 3549/3549/3549 3550/3550/3550 3547/3547/3547 
f 3550/3550/3550 3545/3545/3545 3547/3547/3547 
f 3550/3550/3550 3549/3549/3549 3551/3551/3551 
f 3545/3545/3545 3550/3550/3550 3552/3552/3552 
f 3552/3552/3552 3553/3553/3553 3545/3545/3545 
f 3550/3550/3550 3554/3554/3554 3552/3552/3552 
f 3554/3554/3554 3555/3555/3555 3552/3552/3552 
f 3550/3550/3550 3551/3551/3551 3556/3556/3556 
f 3554/3554/3554 3550/3550/3550 3556/3556/3556 
f 3556/3556/3556 3551/3551/3551 3557/3557/3557 
f 3551/3551/3551 3558/3558/3558 3557/3557/3557 
f 3556/3556/3556 3559/3559/3559 3554/3554/3554 
f 3559/3559/3559 3556/3556/3556 3557/3557/3557 
f 3559/3559/3559 3560/3560/3560 3554/3554/3554 
f 3557/3557/3557 3558/3558/3558 3561/3561/3561 
f 3561/3561/3561 3559/3559/3559 3557/3557/3557 
f 3558/3558/3558 3562/3562/3562 3561/3561/3561 
f 3559/3559/3559 3561/3561/3561 3563/3563/3563 
f 3563/3563/3563 3564/3564/3564 3559/3559/3559 
f 3561/3561/3561 3562/3562/3562 3565/3565/3565 
f 3565/3565/3565 3563/3563/3563 3561/3561/3561 
f 3562/3562/3562 3566/3566/3566 3565/3565/3565 
f 3567/3567/3567 3565/3565/3565 3566/3566/3566 
f 3563/3563/3563 3565/3565/3565 3568/3568/3568 
f 3568/3568/3568 3569/3569/3569 3563/3563/3563 
f 3565/3565/3565 3567/3567/3567 3570/3570/3570 
f 3570/3570/3570 3568/3568/3568 3565/3565/3565 
f 3568/3568/3568 3570/3570/3570 3571/3571/3571 
f 3571/3571/3571 3572/3572/3572 3568/3568/3568 
f 3567/3567/3567 3573/3573/3573 3570/3570/3570 
f 3570/3570/3570 3574/3574/3574 3571/3571/3571 
f 3574/3574/3574 3575/3575/3575 3571/3571/3571 
f 3574/3574/3574 3570/3570/3570 3573/3573/3573 
f 3573/3573/3573 3567/3567/3567 3576/3576/3576 
f 3573/3573/3573 3577/3577/3577 3574/3574/3574 
f 3577/3577/3577 3578/3578/3578 3574/3574/3574 
f 3576/3576/3576 3579/3579/3579 3573/3573/3573 
f 3573/3573/3573 3579/3579/3579 3577/3577/3577 
f 3580/3580/3580 3579/3579/3579 3576/3576/3576 
f 3537/3537/3537 3579/3579/3579 3580/3580/3580 
f 3537/3537/3537 3581/3581/3581 3579/3579/3579 
f 3581/3581/3581 3577/3577/3577 3579/3579/3579 
f 3537/3537/3537 3535/3535/3535 3581/3581/3581 
f 3581/3581/3581 3582/3582/3582 3577/3577/3577 
f 3582/3582/3582 3583/3583/3583 3577/3577/3577 
f 3535/3535/3535 3584/3584/3584 3581/3581/3581 
f 3584/3584/3584 3582/3582/3582 3581/3581/3581 
f 3584/3584/3584 3585/3585/3585 3582/3582/3582 
f 3538/3538/3538 3584/3584/3584 3535/3535/3535 
f 3538/3538/3538 3586/3586/3586 3584/3584/3584 
f 3587/3587/3587 3588/3588/3588 3589/3589/3589 
f 3589/3589/3589 3588/3588/3588 3590/3590/3590 
f 3588/3588/3588 3587/3587/3587 3591/3591/3591 
f 3592/3592/3592 3591/3591/3591 3587/3587/3587 
f 3591/3591/3591 3592/3592/3592 3593/3593/3593 
f 3593/3593/3593 3594/3594/3594 3591/3591/3591 
f 3594/3594/3594 3588/3588/3588 3591/3591/3591 
f 3594/3594/3594 3593/3593/3593 3595/3595/3595 
f 3596/3596/3596 3594/3594/3594 3595/3595/3595 
f 3588/3588/3588 3597/3597/3597 3590/3590/3590 
f 3590/3590/3590 3597/3597/3597 3598/3598/3598 
f 3599/3599/3599 3598/3598/3598 3597/3597/3597 
f 3600/3600/3600 3597/3597/3597 3588/3588/3588 
f 3588/3588/3588 3594/3594/3594 3600/3600/3600 
f 3597/3597/3597 3601/3601/3601 3599/3599/3599 
f 3597/3597/3597 3600/3600/3600 3601/3601/3601 
f 3601/3601/3601 3602/3602/3602 3599/3599/3599 
f 3594/3594/3594 3596/3596/3596 3603/3603/3603 
f 3603/3603/3603 3600/3600/3600 3594/3594/3594 
f 3604/3604/3604 3603/3603/3603 3596/3596/3596 
f 3596/3596/3596 3605/3605/3605 3604/3604/3604 
f 3600/3600/3600 3603/3603/3603 3606/3606/3606 
f 3604/3604/3604 3606/3606/3606 3603/3603/3603 
f 3606/3606/3606 3601/3601/3601 3600/3600/3600 
f 3606/3606/3606 3604/3604/3604 3607/3607/3607 
f 3601/3601/3601 3608/3608/3608 3602/3602/3602 
f 3601/3601/3601 3606/3606/3606 3608/3608/3608 
f 3607/3607/3607 3608/3608/3608 3606/3606/3606 
f 3608/3608/3608 3609/3609/3609 3602/3602/3602 
f 3608/3608/3608 3607/3607/3607 3610/3610/3610 
f 3608/3608/3608 3610/3610/3610 3609/3609/3609 
f 3610/3610/3610 3611/3611/3611 3609/3609/3609 
f 3612/3612/3612 3613/3613/3613 3614/3614/3614 
f 3614/3614/3614 3613/3613/3613 3615/3615/3615 
f 3612/3612/3612 3616/3616/3616 3613/3613/3613 
f 3617/3617/3617 3616/3616/3616 3612/3612/3612 
f 3618/3618/3618 3617/3617/3617 3612/3612/3612 
f 3612/3612/3612 3619/3619/3619 3618/3618/3618 
f 3619/3619/3619 3612/3612/3612 3614/3614/3614 
f 3620/3620/3620 3618/3618/3618 3619/3619/3619 
f 3621/3621/3621 3614/3614/3614 3615/3615/3615 
f 3619/3619/3619 3622/3622/3622 3620/3620/3620 
f 3623/3623/3623 3620/3620/3620 3622/3622/3622 
f 3622/3622/3622 3624/3624/3624 3623/3623/3623 
f 3622/3622/3622 3619/3619/3619 3625/3625/3625 
f 3614/3614/3614 3625/3625/3625 3619/3619/3619 
f 3624/3624/3624 3622/3622/3622 3626/3626/3626 
f 3625/3625/3625 3626/3626/3626 3622/3622/3622 
f 3627/3627/3627 3624/3624/3624 3626/3626/3626 
f 3627/3627/3627 3626/3626/3626 3628/3628/3628 
f 3625/3625/3625 3628/3628/3628 3626/3626/3626 
f 3629/3629/3629 3627/3627/3627 3628/3628/3628 
f 3629/3629/3629 3628/3628/3628 3630/3630/3630 
f 3631/3631/3631 3629/3629/3629 3630/3630/3630 
f 3628/3628/3628 3625/3625/3625 3632/3632/3632 
f 3632/3632/3632 3630/3630/3630 3628/3628/3628 
f 3614/3614/3614 3632/3632/3632 3625/3625/3625 
f 3630/3630/3630 3632/3632/3632 3633/3633/3633 
f 3632/3632/3632 3614/3614/3614 3634/3634/3634 
f 3634/3634/3634 3633/3633/3633 3632/3632/3632 
f 3614/3614/3614 3621/3621/3621 3634/3634/3634 
f 3633/3633/3633 3634/3634/3634 3635/3635/3635 
f 3634/3634/3634 3621/3621/3621 3635/3635/3635 
f 3636/3636/3636 3635/3635/3635 3621/3621/3621 
f 3637/3637/3637 3638/3638/3638 3639/3639/3639 
f 3638/3638/3638 3637/3637/3637 3640/3640/3640 
f 3641/3641/3641 3639/3639/3639 3638/3638/3638 
f 3639/3639/3639 3641/3641/3641 3642/3642/3642 
f 3640/3640/3640 3643/3643/3643 3638/3638/3638 
f 3640/3640/3640 3644/3644/3644 3643/3643/3643 
f 3645/3645/3645 3643/3643/3643 3644/3644/3644 
f 3642/3642/3642 3641/3641/3641 3646/3646/3646 
f 3643/3643/3643 3645/3645/3645 3647/3647/3647 
f 3648/3648/3648 3647/3647/3647 3645/3645/3645 
f 3647/3647/3647 3648/3648/3648 3649/3649/3649 
f 3647/3647/3647 3649/3649/3649 3650/3650/3650 
f 3647/3647/3647 3650/3650/3650 3651/3651/3651 
f 3643/3643/3643 3647/3647/3647 3651/3651/3651 
f 3651/3651/3651 3650/3650/3650 3652/3652/3652 
f 3638/3638/3638 3643/3643/3643 3653/3653/3653 
f 3643/3643/3643 3651/3651/3651 3653/3653/3653 
f 3638/3638/3638 3653/3653/3653 3641/3641/3641 
f 3651/3651/3651 3652/3652/3652 3654/3654/3654 
f 3653/3653/3653 3651/3651/3651 3654/3654/3654 
f 3654/3654/3654 3652/3652/3652 3655/3655/3655 
f 3654/3654/3654 3655/3655/3655 3656/3656/3656 
f 3653/3653/3653 3654/3654/3654 3657/3657/3657 
f 3657/3657/3657 3654/3654/3654 3656/3656/3656 
f 3641/3641/3641 3653/3653/3653 3657/3657/3657 
f 3657/3657/3657 3656/3656/3656 3658/3658/3658 
f 3659/3659/3659 3657/3657/3657 3658/3658/3658 
f 3641/3641/3641 3657/3657/3657 3660/3660/3660 
f 3657/3657/3657 3659/3659/3659 3660/3660/3660 
f 3641/3641/3641 3660/3660/3660 3646/3646/3646 
f 3660/3660/3660 3659/3659/3659 3661/3661/3661 
f 3646/3646/3646 3660/3660/3660 3661/3661/3661 
f 3662/3662/3662 3663/3663/3663 3664/3664/3664 
f 3663/3663/3663 3662/3662/3662 3665/3665/3665 
f 3663/3663/3663 3665/3665/3665 3666/3666/3666 
f 3662/3662/3662 3667/3667/3667 3665/3665/3665 
f 3667/3667/3667 3662/3662/3662 3668/3668/3668 
f 3668/3668/3668 3669/3669/3669 3667/3667/3667 
f 3669/3669/3669 3668/3668/3668 3670/3670/3670 
f 3669/3669/3669 3671/3671/3671 3667/3667/3667 
f 3672/3672/3672 3667/3667/3667 3671/3671/3671 
f 3672/3672/3672 3665/3665/3665 3667/3667/3667 
f 3671/3671/3671 3673/3673/3673 3672/3672/3672 
f 3666/3666/3666 3665/3665/3665 3674/3674/3674 
f 3665/3665/3665 3672/3672/3672 3674/3674/3674 
f 3666/3666/3666 3674/3674/3674 3675/3675/3675 
f 3676/3676/3676 3672/3672/3672 3673/3673/3673 
f 3676/3676/3676 3674/3674/3674 3672/3672/3672 
f 3676/3676/3676 3673/3673/3673 3677/3677/3677 
f 3678/3678/3678 3676/3676/3676 3677/3677/3677 
f 3674/3674/3674 3676/3676/3676 3679/3679/3679 
f 3678/3678/3678 3679/3679/3679 3676/3676/3676 
f 3675/3675/3675 3674/3674/3674 3679/3679/3679 
f 3679/3679/3679 3678/3678/3678 3680/3680/3680 
f 3675/3675/3675 3679/3679/3679 3681/3681/3681 
f 3681/3681/3681 3679/3679/3679 3680/3680/3680 

g Rig9

v -5.22235 6.06586 -3.16321 
v -5.161 6.11438 -3.07844 
v -5.19659 6.13631 -3.15488 
v -5.24306 5.96783 -3.25535 
v -5.22988 5.9576 -3.17529 
v -5.10744 5.8132 -3.27017 
v -5.18723 6.04422 -3.08901 
v -5.0939 6.04702 -3.02216 
v -5.19851 5.9425 -3.11082 
v -5.10744 5.8132 -3.27017 
v -5.12102 5.97776 -3.03437 
v -5.13711 5.89251 -3.06335 
v -5.10744 5.8132 -3.27017 
v -5.02332 5.94436 -2.99698 
v -4.99488 6.01317 -2.98363 
v -5.05217 5.87302 -3.03086 
v -5.10744 5.8132 -3.27017 
v -4.93467 5.91391 -3.06218 
v -4.90503 5.98231 -3.05081 
v -4.97509 5.85521 -3.08751 
v -5.10744 5.8132 -3.27017 
v -4.84301 5.88099 -3.12135 
v -4.81214 5.94895 -3.11176 
v -4.79376 5.94028 -3.18898 
v -4.82488 5.87244 -3.19631 
v -4.89527 5.8356 -3.13892 
v -5.10744 5.8132 -3.27017 
v -4.8793 5.83001 -3.20405 
v -5.10744 5.8132 -3.27017 
v -4.86481 5.82495 -3.26313 
v -5.10744 5.8132 -3.27017 
v -4.92709 5.933 -3.52683 
v -5.02575 5.98299 -3.57489 
v -4.89735 6.00166 -3.52948 
v -4.82208 5.96159 -3.44898 
v -4.99734 6.05232 -3.57899 
v -4.85282 5.89347 -3.44869 
v -4.77708 5.93244 -3.25904 
v -4.80842 5.8647 -3.26431 
v -4.9046 5.84521 -3.42333 
v -5.10744 5.8132 -3.27017 
v -4.9704 5.8719 -3.49123 
v -5.10744 5.8132 -3.27017 
v -5.05759 5.90523 -3.53298 
v -5.10744 5.8132 -3.27017 
v -5.13712 5.92975 -3.51247 
v -5.10744 5.8132 -3.27017 
v -5.11645 6.02166 -3.55128 
v -5.08927 6.09151 -3.55467 
v -5.19481 5.95097 -3.45086 
v -5.10744 5.8132 -3.27017 
v -5.18183 6.05375 -3.48038 
v -5.15553 6.12403 -3.48163 
v -5.22374 6.07318 -3.36163 
v -5.198 6.14373 -3.3593 
v -5.23169 5.96362 -3.34769 
v -5.10744 5.8132 -3.27017 
v -5.23662 6.07954 -3.25535 
v -5.21106 6.15017 -3.24981 
v -5.10744 5.8132 -3.27017 
v -4.78088 6.64938 -3.71435 
v -4.6732 6.54153 -3.76642 
v -4.75465 6.52804 -3.74766 
v -4.67321 6.67161 -3.73729 
v -4.80394 6.76043 -3.63631 
v -4.67322 6.79973 -3.65767 
v -4.93852 6.69682 -3.62365 
v -4.89162 6.60333 -3.70155 
v -5.01134 6.62756 -3.59952 
v -4.72026 6.37651 -3.70637 
v -4.67321 6.36185 -3.72848 
v -4.67322 6.24671 -3.63617 
v -4.69199 6.26302 -3.61381 
v -4.71003 6.26001 -3.60472 
v -4.94816 6.5459 -3.67639 
v -5.07645 6.52492 -3.57336 
v -4.83884 6.49716 -3.73391 
v -4.77084 6.36429 -3.69421 
v -4.8774 6.45068 -3.70932 
v -5.00234 6.46022 -3.64884 
v -5.11091 6.35476 -3.53057 
v -4.79506 6.33405 -3.66891 
v -4.7266 6.25234 -3.59116 
v -4.91208 6.38271 -3.68154 
v -5.03741 6.32031 -3.60253 
v -5.13334 6.20926 -3.50996 
v -4.81889 6.29345 -3.63953 
v -4.74191 6.23654 -3.56184 
v -4.94222 6.27428 -3.62889 
v -5.06638 6.1742 -3.58185 
v -5.15553 6.12403 -3.48163 
v -5.08927 6.09151 -3.55467 
v -4.84272 6.22026 -3.58825 
v -4.76414 6.17893 -3.50861 
v -4.9771 6.12613 -3.60515 
v -4.99734 6.05232 -3.57899 
v -4.87918 6.07209 -3.55854 
v -4.80083 6.03339 -3.48193 
v -4.89735 6.00166 -3.52948 
v -4.82208 5.96159 -3.44898 
v -4.67321 6.43688 -3.02991 
v -4.74291 6.52937 -3.03015 
v -4.71289 6.42305 -3.05197 
v -4.67325 6.34099 -3.05897 
v -4.6922 6.31886 -3.08619 
v -4.67323 6.54153 -3.02165 
v -4.75479 6.37749 -3.05045 
v -4.70551 6.29788 -3.10179 
v -4.81453 6.48866 -3.02286 
v -4.77527 6.66316 -3.04259 
v -4.67322 6.68982 -3.0348 
v -4.80294 6.7706 -3.11651 
v -4.67321 6.81194 -3.11879 
v -4.93635 6.70506 -3.1012 
v -4.88071 6.61031 -3.03459 
v -5.01155 6.63175 -3.09801 
v -4.94316 6.54757 -3.03698 
v -5.07927 6.52503 -3.09363 
v -4.85124 6.44025 -3.0171 
v -5.00411 6.45643 -3.03921 
v -5.10555 6.34719 -3.07299 
v -4.77727 6.34456 -3.0513 
v -4.72084 6.26698 -3.10088 
v -4.88238 6.36941 -3.01075 
v -4.79919 6.29981 -3.05235 
v -4.73482 6.23553 -3.09985 
v -5.03172 6.30493 -3.02614 
v -5.13099 6.19802 -3.08733 
v -4.92675 6.24748 -3.00715 
v -4.82225 6.19719 -3.05232 
v -4.75509 6.16046 -3.10215 
v -5.0637 6.15708 -3.03367 
v -5.161 6.11438 -3.07844 
v -5.0939 6.04702 -3.02216 
v -4.96822 6.10331 -3.00791 
v -4.99488 6.01317 -2.98363 
v -4.90503 5.98231 -3.05081 
v -4.85858 6.05915 -3.06433 
v -4.78917 6.01952 -3.12074 
v -4.81214 5.94895 -3.11176 
v -4.82127 6.84723 -3.38114 
v -4.67322 6.90142 -3.23987 
v -4.67323 6.90804 -3.39404 
v -4.80294 6.7706 -3.11651 
v -4.67321 6.81194 -3.11879 
v -4.81905 6.83254 -3.23196 
v -4.93635 6.70506 -3.1012 
v -4.82113 6.83032 -3.50648 
v -4.67322 6.88078 -3.52462 
v -4.80394 6.76043 -3.63631 
v -4.67322 6.79973 -3.65767 
v -4.93852 6.69682 -3.62365 
v -4.969 6.74924 -3.2158 
v -4.97429 6.75724 -3.4915 
v -4.97195 6.76211 -3.36626 
v -5.01155 6.63175 -3.09801 
v -5.04797 6.6722 -3.46926 
v -5.01134 6.62756 -3.59952 
v -5.11612 6.55321 -3.44451 
v -5.07645 6.52492 -3.57336 
v -5.05196 6.67914 -3.3488 
v -5.11091 6.35476 -3.53057 
v -5.04429 6.66552 -3.20799 
v -5.12735 6.56263 -3.32915 
v -5.114 6.5478 -3.19876 
v -5.07927 6.52503 -3.09363 
v -5.15049 6.37406 -3.41026 
v -5.16115 6.37661 -3.30257 
v -5.14294 6.36595 -3.17546 
v -5.10555 6.34719 -3.07299 
v -5.17326 6.22945 -3.38917 
v -5.13334 6.20926 -3.50996 
v -5.15553 6.12403 -3.48163 
v -5.198 6.14373 -3.3593 
v -5.18479 6.23416 -3.28104 
v -5.21106 6.15017 -3.24981 
v -5.16788 6.21994 -3.17376 
v -5.19659 6.13631 -3.15488 
v -5.13099 6.19802 -3.08733 
v -5.161 6.11438 -3.07844 
v -4.67321 6.36185 -3.72848 
v -4.6732 6.55127 -3.39344 
v -4.67322 6.24671 -3.63617 
v -4.67322 6.19369 -3.34938 
v -4.6732 6.54153 -3.76642 
v -4.67323 6.25353 -3.15342 
v -4.67321 6.67161 -3.73729 
v -4.67325 6.34099 -3.05897 
v -4.67322 6.79973 -3.65767 
v -4.67321 6.43688 -3.02991 
v -4.67322 6.88078 -3.52462 
v -4.67323 6.90804 -3.39404 
v -4.67323 6.54153 -3.02165 
v -4.67322 6.90142 -3.23987 
v -4.67322 6.68982 -3.0348 
v -4.67321 6.81194 -3.11879 
v -4.67322 6.19369 -3.34938 
v -4.69199 6.26302 -3.61381 
v -4.67322 6.24671 -3.63617 
v -4.71003 6.26001 -3.60472 
v -4.7266 6.25234 -3.59116 
v -4.68734 6.21658 -3.34132 
v -4.74191 6.23654 -3.56184 
v -4.70331 6.24015 -3.19135 
v -4.69712 6.20718 -3.33018 
v -4.76414 6.17893 -3.50861 
v -4.721 6.14417 -3.30613 
v -4.80083 6.03339 -3.48193 
v -4.71508 6.22035 -3.20041 
v -4.73482 6.23553 -3.09985 
v -4.75509 6.16046 -3.10215 
v -4.72084 6.26698 -3.10088 
v -4.73724 6.15181 -3.209 
v -4.78917 6.01952 -3.12074 
v -4.68663 6.24061 -3.16775 
v -4.70551 6.29788 -3.10179 
v -4.67323 6.25353 -3.15342 
v -4.6922 6.31886 -3.08619 
v -4.67325 6.34099 -3.05897 
v -4.77303 6.01112 -3.20815 
v -4.79376 5.94028 -3.18898 
v -4.81214 5.94895 -3.11176 
v -4.77708 5.93244 -3.25904 
v -4.75836 6.00368 -3.28753 
v -4.82208 5.96159 -3.44898 

vn -0.937008 0.165354 0.314961 
vn -0.748031 0.181102 0.637795 
vn -0.897638 0.291339 0.330709 
vn -0.952756 -0.299213 0.00787402 
vn -0.913386 -0.330709 0.228346 
vn -0.724409 -0.677165 0.102362 
vn -0.771654 0.0787402 0.629921 
vn -0.480315 0.0393701 0.874016 
vn -0.818898 -0.354331 0.456693 
vn -0.692913 -0.700787 0.173228 
vn -0.527559 -0.0787402 0.850394 
vn -0.582677 -0.566929 0.582677 
vn -0.535433 -0.811024 0.23622 
vn 0.023622 -0.314961 0.952756 
vn 0.0708661 -0.212598 0.976378 
vn -0.102362 -0.692913 0.708661 
vn -0.181102 -0.944882 0.275591 
vn 0.401575 -0.456693 0.795276 
vn 0.456693 -0.338583 0.826772 
vn 0.15748 -0.826772 0.543307 
vn -0.0551181 -0.96063 0.259843 
vn 0.614173 -0.559055 0.551181 
vn 0.692913 -0.401575 0.606299 
vn 0.866142 -0.425197 0.259843 
vn 0.748031 -0.622047 0.244094 
vn 0.283465 -0.866142 0.409449 
vn -0.00787402 -0.984252 0.181102 
vn 0.330709 -0.929134 0.165354 
vn 0.0472441 -0.992126 0.0944882 
vn 0.362205 -0.929134 -0.015748 
vn 0.0472441 -1 -0.023622 
vn 0.385827 -0.433071 -0.811024 
vn -0.015748 -0.251969 -0.968504 
vn 0.488189 -0.244094 -0.84252 
vn 0.771654 -0.354331 -0.527559 
vn 0.0472441 -0.0787402 -0.992126 
vn 0.653543 -0.559055 -0.511811 
vn 0.905512 -0.425197 0 
vn 0.779528 -0.629921 -0.015748 
vn 0.275591 -0.889764 -0.370079 
vn -0.00787402 -0.976378 -0.212598 
vn 0.0866142 -0.811024 -0.582677 
vn -0.125984 -0.937008 -0.322835 
vn -0.188976 -0.677165 -0.708661 
vn -0.267717 -0.889764 -0.362205 
vn -0.566929 -0.527559 -0.637795 
vn -0.488189 -0.80315 -0.330709 
vn -0.519685 -0.0314961 -0.850394 
vn -0.472441 0.141732 -0.874016 
vn -0.826772 -0.385827 -0.409449 
vn -0.669291 -0.708661 -0.220472 
vn -0.834646 0.125984 -0.543307 
vn -0.787402 0.283465 -0.543307 
vn -0.952756 0.19685 -0.244094 
vn -0.905512 0.338583 -0.244094 
vn -0.929134 -0.322835 -0.188976 
vn -0.740157 -0.669291 -0.110236 
vn -0.976378 0.204724 0.023622 
vn -0.944882 0.338583 0.0314961 
vn -0.755906 -0.661417 -0.015748 
vn -0.267717 0.370079 -0.889764 
vn -0.275591 0 -0.96063 
vn -0.220472 -0.023622 -0.976378 
vn -0.267717 0.377953 -0.889764 
vn -0.346457 0.677165 -0.653543 
vn -0.314961 0.685039 -0.653543 
vn -0.527559 0.566929 -0.637795 
vn -0.401575 0.275591 -0.874016 
vn -0.716535 0.385827 -0.582677 
vn -0.283465 -0.440945 -0.850394 
vn -0.488189 -0.417323 -0.76378 
vn -0.685039 -0.598425 -0.409449 
vn -0.448819 -0.76378 -0.472441 
vn -0.110236 -0.84252 -0.519685 
vn -0.543307 0.11811 -0.826772 
vn -0.818898 0.19685 -0.543307 
vn -0.267717 -0.0944882 -0.96063 
vn -0.11811 -0.488189 -0.866142 
vn -0.322835 -0.220472 -0.92126 
vn -0.582677 -0.023622 -0.811024 
vn -0.850394 0.0551181 -0.519685 
vn -0.0787402 -0.566929 -0.818898 
vn -0.125984 -0.858268 -0.488189 
vn -0.259843 -0.307087 -0.913386 
vn -0.566929 -0.0866142 -0.818898 
vn -0.84252 0.0551181 -0.535433 
vn 0.0393701 -0.598425 -0.80315 
vn 0.425197 -0.76378 -0.488189 
vn -0.133858 -0.283465 -0.952756 
vn -0.527559 -0.0787402 -0.84252 
vn -0.866142 0.0708661 -0.496063 
vn -0.566929 -0.125984 -0.818898 
vn 0.307087 -0.448819 -0.84252 
vn 0.748031 -0.440945 -0.488189 
vn -0.0314961 -0.244094 -0.968504 
vn -0.0314961 -0.330709 -0.944882 
vn 0.409449 -0.354331 -0.84252 
vn 0.755906 -0.370079 -0.535433 
vn 0.401575 -0.440945 -0.80315 
vn 0.795276 -0.417323 -0.448819 
vn -0.330709 -0.220472 0.913386 
vn -0.0314961 -0.023622 1 
vn -0.110236 -0.244094 0.96063 
vn -0.433071 -0.393701 0.811024 
vn -0.00787402 -0.559055 0.834646 
vn -0.165354 -0.0314961 0.984252 
vn 0.259843 -0.220472 0.937008 
vn 0.354331 -0.535433 0.771654 
vn 0.0787402 -0.00787402 1 
vn -0.11811 0.338583 0.937008 
vn -0.15748 0.354331 0.92126 
vn -0.267717 0.692913 0.669291 
vn -0.251969 0.700787 0.669291 
vn -0.409449 0.622047 0.661417 
vn -0.15748 0.291339 0.944882 
vn -0.590551 0.480315 0.653543 
vn -0.251969 0.212598 0.944882 
vn -0.708661 0.307087 0.629921 
vn 0.0787402 0 1 
vn -0.314961 0.165354 0.937008 
vn -0.740157 0.141732 0.661417 
vn 0.370079 -0.181102 0.913386 
vn 0.566929 -0.464567 0.685039 
vn 0.102362 0 0.992126 
vn 0.409449 -0.141732 0.897638 
vn 0.740157 -0.291339 0.606299 
vn -0.346457 0.0866142 0.937008 
vn -0.724409 0.204724 0.653543 
vn 0.0944882 -0.0314961 0.992126 
vn 0.448819 -0.149606 0.88189 
vn 0.787402 -0.244094 0.566929 
vn -0.370079 0.133858 0.92126 
vn -0.645669 0.299213 0.708661 
vn -0.322835 0.23622 0.913386 
vn 0.125984 0.023622 0.992126 
vn 0.165354 0.110236 0.976378 
vn 0.527559 -0.0708661 0.84252 
vn 0.496063 -0.141732 0.858268 
vn 0.811024 -0.228346 0.535433 
vn 0.787402 -0.19685 0.582677 
vn -0.425197 0.905512 -0.015748 
vn -0.362205 0.889764 0.275591 
vn -0.385827 0.92126 -0.0472441 
vn -0.267717 0.692913 0.669291 
vn -0.251969 0.700787 0.669291 
vn -0.401575 0.866142 0.291339 
vn -0.409449 0.622047 0.661417 
vn -0.401575 0.866142 -0.299213 
vn -0.354331 0.874016 -0.322835 
vn -0.346457 0.677165 -0.653543 
vn -0.314961 0.685039 -0.653543 
vn -0.527559 0.566929 -0.637795 
vn -0.574803 0.771654 0.267717 
vn -0.606299 0.748031 -0.259843 
vn -0.606299 0.795276 0.015748 
vn -0.590551 0.480315 0.653543 
vn -0.80315 0.551181 -0.228346 
vn -0.716535 0.385827 -0.582677 
vn -0.92126 0.314961 -0.220472 
vn -0.818898 0.19685 -0.543307 
vn -0.795276 0.606299 0.015748 
vn -0.850394 0.0551181 -0.519685 
vn -0.755906 0.598425 0.251969 
vn -0.929134 0.362205 0.015748 
vn -0.897638 0.362205 0.251969 
vn -0.708661 0.307087 0.629921 
vn -0.968504 0.133858 -0.212598 
vn -0.984252 0.165354 0.023622 
vn -0.944882 0.173228 0.267717 
vn -0.740157 0.141732 0.661417 
vn -0.96063 0.149606 -0.228346 
vn -0.84252 0.0551181 -0.535433 
vn -0.866142 0.0708661 -0.496063 
vn -0.952756 0.204724 -0.212598 
vn -0.976378 0.228346 0.023622 
vn -0.944882 0.314961 0.0708661 
vn -0.92126 0.259843 0.299213 
vn -0.858268 0.362205 0.354331 
vn -0.724409 0.204724 0.653543 
vn -0.645669 0.299213 0.708661 
vn 1 0 0 
vn 1 0 0 
vn 1 0 0 
vn 1 0 0 
vn 1 0 0 
vn 1 0 0 
vn 1 0 0 
vn 1 0 0 
vn 1 0 0 
vn 1 0 0 
vn 1 0 0 
vn 1 0 0 
vn 1 0 0 
vn 1 0 0 
vn 1 0 0 
vn 1 0 0 
vn -0.519685 -0.850394 -0.015748 
vn -0.448819 -0.76378 -0.472441 
vn -0.685039 -0.598425 -0.409449 
vn -0.110236 -0.84252 -0.519685 
vn -0.125984 -0.858268 -0.488189 
vn -0.023622 -1 -0.0393701 
vn 0.425197 -0.76378 -0.488189 
vn 0.322835 -0.897638 0.314961 
vn 0.834646 -0.551181 -0.00787402 
vn 0.748031 -0.440945 -0.488189 
vn 0.944882 -0.322835 -0.023622 
vn 0.755906 -0.370079 -0.535433 
vn 0.88189 -0.417323 0.19685 
vn 0.740157 -0.291339 0.606299 
vn 0.787402 -0.244094 0.566929 
vn 0.566929 -0.464567 0.685039 
vn 0.944882 -0.267717 0.188976 
vn 0.811024 -0.228346 0.535433 
vn 0.291339 -0.858268 0.417323 
vn 0.354331 -0.535433 0.771654 
vn 0.0551181 -0.787402 0.614173 
vn -0.00787402 -0.559055 0.834646 
vn -0.433071 -0.393701 0.811024 
vn 0.952756 -0.228346 0.204724 
vn 0.952756 -0.220472 0.220472 
vn 0.787402 -0.19685 0.582677 
vn 0.96063 -0.267717 0.0393701 
vn 0.96063 -0.283465 -0.0472441 
vn 0.795276 -0.417323 -0.448819 

vt 0.531633 0.910008 
vt 0.534457 0.891868 
vt 0.534457 0.908329 
vt 0.528835 0.917649 
vt 0.528133 0.911473 
vt 0.517616 0.918123 
vt 0.530439 0.899698 
vt 0.525069 0.891867 
vt 0.526307 0.904457 
vt 0.517616 0.918123 
vt 0.523835 0.898058 
vt 0.521932 0.903048 
vt 0.517616 0.918123 
vt 0.517637 0.896845 
vt 0.517901 0.891867 
vt 0.517106 0.90201 
vt 0.517616 0.918123 
vt 0.511673 0.897752 
vt 0.510997 0.891867 
vt 0.512446 0.903437 
vt 0.517616 0.918123 
vt 0.504743 0.898653 
vt 0.500606 0.891868 
vt 0.500606 0.909183 
vt 0.504036 0.91015 
vt 0.507614 0.904715 
vt 0.517592 0.918149 
vt 0.506426 0.912017 
vt 0.517592 0.918149 
vt 0.505349 0.916461 
vt 0.517592 0.918149 
vt 0.510221 0.940085 
vt 0.516907 0.942715 
vt 0.509287 0.946737 
vt 0.500606 0.946736 
vt 0.517018 0.946737 
vt 0.504641 0.937423 
vt 0.500606 0.915562 
vt 0.503394 0.915981 
vt 0.507444 0.932119 
vt 0.517592 0.918149 
vt 0.511357 0.935019 
vt 0.517592 0.918149 
vt 0.516642 0.935685 
vt 0.517592 0.918149 
vt 0.521493 0.935464 
vt 0.517592 0.918149 
vt 0.523076 0.94184 
vt 0.524158 0.946737 
vt 0.525252 0.934644 
vt 0.517592 0.918149 
vt 0.529735 0.938593 
vt 0.53441 0.946737 
vt 0.53143 0.93295 
vt 0.534457 0.936035 
vt 0.527836 0.927694 
vt 0.517619 0.91816 
vt 0.532081 0.917538 
vt 0.534458 0.917184 
vt 0.517619 0.91816 
vt 0.547459 0.868636 
vt 0.5299 0.882794 
vt 0.5299 0.868636 
vt 0.547459 0.882794 
vt 0.565797 0.868636 
vt 0.565797 0.882794 
vt 0.565797 0.85456 
vt 0.547459 0.85456 
vt 0.565797 0.838559 
vt 0.513649 0.868636 
vt 0.513649 0.882794 
vt 0.495806 0.882794 
vt 0.495806 0.868636 
vt 0.495806 0.85456 
vt 0.547459 0.838559 
vt 0.565797 0.823956 
vt 0.5299 0.85456 
vt 0.513649 0.85456 
vt 0.5299 0.838559 
vt 0.547459 0.823956 
vt 0.565797 0.806794 
vt 0.513649 0.838559 
vt 0.495806 0.838559 
vt 0.5299 0.823956 
vt 0.547459 0.806794 
vt 0.565797 0.78072 
vt 0.513649 0.823956 
vt 0.495806 0.823956 
vt 0.5299 0.806794 
vt 0.547459 0.78072 
vt 0.565797 0.771715 
vt 0.547459 0.771715 
vt 0.513649 0.806794 
vt 0.495806 0.806794 
vt 0.5299 0.78072 
vt 0.5299 0.771715 
vt 0.513649 0.78072 
vt 0.495806 0.78072 
vt 0.513649 0.771715 
vt 0.495806 0.771715 
vt 0.688765 0.882794 
vt 0.669409 0.868636 
vt 0.688766 0.868636 
vt 0.704975 0.882794 
vt 0.704975 0.868636 
vt 0.669411 0.882794 
vt 0.688766 0.85456 
vt 0.704975 0.85456 
vt 0.669405 0.85456 
vt 0.653159 0.868636 
vt 0.653159 0.882794 
vt 0.635407 0.868636 
vt 0.635407 0.882794 
vt 0.635407 0.85456 
vt 0.653159 0.85456 
vt 0.635407 0.838559 
vt 0.653159 0.838559 
vt 0.635407 0.823956 
vt 0.669401 0.838559 
vt 0.653159 0.823956 
vt 0.635407 0.806794 
vt 0.688767 0.838559 
vt 0.704975 0.838559 
vt 0.669401 0.823956 
vt 0.688767 0.823956 
vt 0.704975 0.823956 
vt 0.653159 0.806794 
vt 0.635407 0.78072 
vt 0.669403 0.806794 
vt 0.688767 0.806794 
vt 0.704975 0.806794 
vt 0.653159 0.78072 
vt 0.635407 0.771715 
vt 0.653159 0.771715 
vt 0.669403 0.78072 
vt 0.669403 0.771715 
vt 0.688767 0.771715 
vt 0.688767 0.78072 
vt 0.704975 0.78072 
vt 0.704975 0.771715 
vt 0.599042 0.868636 
vt 0.618024 0.882794 
vt 0.599042 0.882794 
vt 0.635408 0.868636 
vt 0.635408 0.882794 
vt 0.618024 0.868636 
vt 0.635408 0.85456 
vt 0.58133 0.868636 
vt 0.58133 0.882794 
vt 0.565797 0.868636 
vt 0.565797 0.882794 
vt 0.565797 0.85456 
vt 0.618024 0.85456 
vt 0.58133 0.85456 
vt 0.599042 0.85456 
vt 0.635408 0.838559 
vt 0.58133 0.838559 
vt 0.565797 0.838559 
vt 0.58133 0.823956 
vt 0.565797 0.823956 
vt 0.599042 0.838559 
vt 0.565797 0.806794 
vt 0.618024 0.838559 
vt 0.599042 0.823956 
vt 0.618024 0.823956 
vt 0.635408 0.823956 
vt 0.58133 0.806794 
vt 0.599042 0.806794 
vt 0.618024 0.806794 
vt 0.635408 0.806794 
vt 0.58133 0.78072 
vt 0.565797 0.78072 
vt 0.565797 0.771715 
vt 0.58133 0.771715 
vt 0.599042 0.78072 
vt 0.599042 0.771715 
vt 0.618024 0.78072 
vt 0.618024 0.771715 
vt 0.635408 0.78072 
vt 0.635408 0.771715 
vt 0.494855 0.908576 
vt 0.459927 0.939374 
vt 0.494855 0.884421 
vt 0.454996 0.884421 
vt 0.494855 0.936388 
vt 0.426438 0.884421 
vt 0.494855 0.956831 
vt 0.426438 0.908972 
vt 0.494855 0.995571 
vt 0.426438 0.924083 
vt 0.472364 0.995571 
vt 0.461066 0.995571 
vt 0.426438 0.940447 
vt 0.447608 0.995571 
vt 0.426438 0.963499 
vt 0.426438 0.995571 
vt 0.46103 0.882794 
vt 0.495807 0.868636 
vt 0.495807 0.882794 
vt 0.495807 0.85456 
vt 0.495807 0.838559 
vt 0.453885 0.838559 
vt 0.495807 0.823956 
vt 0.442199 0.838559 
vt 0.453885 0.823956 
vt 0.495807 0.806794 
vt 0.453885 0.806794 
vt 0.495807 0.78072 
vt 0.442199 0.823956 
vt 0.42611 0.823956 
vt 0.42611 0.806794 
vt 0.42611 0.838559 
vt 0.442199 0.806794 
vt 0.42611 0.78072 
vt 0.441302 0.875003 
vt 0.42611 0.85456 
vt 0.43965 0.882794 
vt 0.42611 0.868636 
vt 0.42611 0.882794 
vt 0.442199 0.78072 
vt 0.442199 0.771715 
vt 0.42611 0.771715 
vt 0.453885 0.771715 
vt 0.453885 0.78072 
vt 0.495807 0.771715 

usemtl Rig1Mtl

f 3682/3682/3682 3683/3683/3683 3684/3684/3684 
f 3682/3682/3682 3685/3685/3685 3686/3686/3686 
f 3685/3685/3685 3687/3687/3687 3686/3686/3686 
f 3683/3683/3683 3682/3682/3682 3688/3688/3688 
f 3686/3686/3686 3688/3688/3688 3682/3682/3682 
f 3688/3688/3688 3689/3689/3689 3683/3683/3683 
f 3688/3688/3688 3686/3686/3686 3690/3690/3690 
f 3686/3686/3686 3691/3691/3691 3690/3690/3690 
f 3689/3689/3689 3688/3688/3688 3692/3692/3692 
f 3688/3688/3688 3690/3690/3690 3692/3692/3692 
f 3690/3690/3690 3693/3693/3693 3692/3692/3692 
f 3690/3690/3690 3694/3694/3694 3693/3693/3693 
f 3695/3695/3695 3689/3689/3689 3692/3692/3692 
f 3689/3689/3689 3695/3695/3695 3696/3696/3696 
f 3697/3697/3697 3692/3692/3692 3693/3693/3693 
f 3692/3692/3692 3697/3697/3697 3695/3695/3695 
f 3693/3693/3693 3698/3698/3698 3697/3697/3697 
f 3699/3699/3699 3696/3696/3696 3695/3695/3695 
f 3696/3696/3696 3699/3699/3699 3700/3700/3700 
f 3701/3701/3701 3695/3695/3695 3697/3697/3697 
f 3695/3695/3695 3701/3701/3701 3699/3699/3699 
f 3697/3697/3697 3702/3702/3702 3701/3701/3701 
f 3703/3703/3703 3700/3700/3700 3699/3699/3699 
f 3700/3700/3700 3703/3703/3703 3704/3704/3704 
f 3705/3705/3705 3704/3704/3704 3703/3703/3703 
f 3706/3706/3706 3705/3705/3705 3703/3703/3703 
f 3701/3701/3701 3707/3707/3707 3699/3699/3699 
f 3699/3699/3699 3707/3707/3707 3703/3703/3703 
f 3701/3701/3701 3708/3708/3708 3707/3707/3707 
f 3703/3703/3703 3709/3709/3709 3706/3706/3706 
f 3709/3709/3709 3703/3703/3703 3707/3707/3707 
f 3707/3707/3707 3710/3710/3710 3709/3709/3709 
f 3706/3706/3706 3709/3709/3709 3711/3711/3711 
f 3709/3709/3709 3712/3712/3712 3711/3711/3711 
f 3713/3713/3713 3714/3714/3714 3715/3715/3715 
f 3716/3716/3716 3713/3713/3713 3715/3715/3715 
f 3715/3715/3715 3714/3714/3714 3717/3717/3717 
f 3718/3718/3718 3713/3713/3713 3716/3716/3716 
f 3716/3716/3716 3719/3719/3719 3718/3718/3718 
f 3719/3719/3719 3720/3720/3720 3718/3718/3718 
f 3719/3719/3719 3706/3706/3706 3720/3720/3720 
f 3706/3706/3706 3719/3719/3719 3705/3705/3705 
f 3711/3711/3711 3718/3718/3718 3720/3720/3720 
f 3711/3711/3711 3720/3720/3720 3706/3706/3706 
f 3721/3721/3721 3713/3713/3713 3718/3718/3718 
f 3718/3718/3718 3711/3711/3711 3721/3721/3721 
f 3711/3711/3711 3722/3722/3722 3721/3721/3721 
f 3713/3713/3713 3721/3721/3721 3723/3723/3723 
f 3721/3721/3721 3724/3724/3724 3723/3723/3723 
f 3723/3723/3723 3714/3714/3714 3713/3713/3713 
f 3714/3714/3714 3723/3723/3723 3725/3725/3725 
f 3723/3723/3723 3726/3726/3726 3725/3725/3725 
f 3727/3727/3727 3714/3714/3714 3725/3725/3725 
f 3725/3725/3725 3728/3728/3728 3727/3727/3727 
f 3714/3714/3714 3727/3727/3727 3729/3729/3729 
f 3729/3729/3729 3717/3717/3717 3714/3714/3714 
f 3717/3717/3717 3729/3729/3729 3730/3730/3730 
f 3731/3731/3731 3729/3729/3729 3727/3727/3727 
f 3727/3727/3727 3732/3732/3732 3731/3731/3731 
f 3733/3733/3733 3730/3730/3730 3729/3729/3729 
f 3729/3729/3729 3731/3731/3731 3733/3733/3733 
f 3730/3730/3730 3733/3733/3733 3734/3734/3734 
f 3735/3735/3735 3734/3734/3734 3733/3733/3733 
f 3731/3731/3731 3735/3735/3735 3733/3733/3733 
f 3734/3734/3734 3735/3735/3735 3736/3736/3736 
f 3731/3731/3731 3737/3737/3737 3735/3735/3735 
f 3731/3731/3731 3738/3738/3738 3737/3737/3737 
f 3739/3739/3739 3736/3736/3736 3735/3735/3735 
f 3735/3735/3735 3737/3737/3737 3739/3739/3739 
f 3736/3736/3736 3739/3739/3739 3740/3740/3740 
f 3739/3739/3739 3684/3684/3684 3740/3740/3740 
f 3737/3737/3737 3685/3685/3685 3739/3739/3739 
f 3737/3737/3737 3741/3741/3741 3685/3685/3685 
f 3684/3684/3684 3739/3739/3739 3682/3682/3682 
f 3685/3685/3685 3682/3682/3682 3739/3739/3739 
f 3742/3742/3742 3743/3743/3743 3744/3744/3744 
f 3743/3743/3743 3742/3742/3742 3745/3745/3745 
f 3746/3746/3746 3745/3745/3745 3742/3742/3742 
f 3747/3747/3747 3745/3745/3745 3746/3746/3746 
f 3742/3742/3742 3748/3748/3748 3746/3746/3746 
f 3748/3748/3748 3742/3742/3742 3749/3749/3749 
f 3744/3744/3744 3749/3749/3749 3742/3742/3742 
f 3750/3750/3750 3748/3748/3748 3749/3749/3749 
f 3743/3743/3743 3751/3751/3751 3744/3744/3744 
f 3751/3751/3751 3743/3743/3743 3752/3752/3752 
f 3753/3753/3753 3751/3751/3751 3752/3752/3752 
f 3751/3751/3751 3753/3753/3753 3754/3754/3754 
f 3755/3755/3755 3751/3751/3751 3754/3754/3754 
f 3756/3756/3756 3750/3750/3750 3749/3749/3749 
f 3756/3756/3756 3757/3757/3757 3750/3750/3750 
f 3749/3749/3749 3744/3744/3744 3758/3758/3758 
f 3758/3758/3758 3756/3756/3756 3749/3749/3749 
f 3759/3759/3759 3744/3744/3744 3751/3751/3751 
f 3744/3744/3744 3759/3759/3759 3758/3758/3758 
f 3751/3751/3751 3755/3755/3755 3759/3759/3759 
f 3756/3756/3756 3758/3758/3758 3760/3760/3760 
f 3759/3759/3759 3760/3760/3760 3758/3758/3758 
f 3757/3757/3757 3756/3756/3756 3761/3761/3761 
f 3760/3760/3760 3761/3761/3761 3756/3756/3756 
f 3761/3761/3761 3762/3762/3762 3757/3757/3757 
f 3755/3755/3755 3763/3763/3763 3759/3759/3759 
f 3760/3760/3760 3759/3759/3759 3763/3763/3763 
f 3763/3763/3763 3755/3755/3755 3764/3764/3764 
f 3761/3761/3761 3760/3760/3760 3765/3765/3765 
f 3763/3763/3763 3765/3765/3765 3760/3760/3760 
f 3762/3762/3762 3761/3761/3761 3766/3766/3766 
f 3766/3766/3766 3761/3761/3761 3765/3765/3765 
f 3766/3766/3766 3767/3767/3767 3762/3762/3762 
f 3764/3764/3764 3768/3768/3768 3763/3763/3763 
f 3765/3765/3765 3763/3763/3763 3768/3768/3768 
f 3768/3768/3768 3764/3764/3764 3769/3769/3769 
f 3765/3765/3765 3770/3770/3770 3766/3766/3766 
f 3770/3770/3770 3765/3765/3765 3768/3768/3768 
f 3767/3767/3767 3766/3766/3766 3771/3771/3771 
f 3770/3770/3770 3771/3771/3771 3766/3766/3766 
f 3771/3771/3771 3772/3772/3772 3767/3767/3767 
f 3772/3772/3772 3771/3771/3771 3773/3773/3773 
f 3769/3769/3769 3774/3774/3774 3768/3768/3768 
f 3768/3768/3768 3774/3774/3774 3770/3770/3770 
f 3774/3774/3774 3769/3769/3769 3775/3775/3775 
f 3776/3776/3776 3773/3773/3773 3771/3771/3771 
f 3771/3771/3771 3770/3770/3770 3776/3776/3776 
f 3774/3774/3774 3776/3776/3776 3770/3770/3770 
f 3776/3776/3776 3777/3777/3777 3773/3773/3773 
f 3775/3775/3775 3778/3778/3778 3774/3774/3774 
f 3776/3776/3776 3774/3774/3774 3778/3778/3778 
f 3778/3778/3778 3777/3777/3777 3776/3776/3776 
f 3778/3778/3778 3775/3775/3775 3779/3779/3779 
f 3778/3778/3778 3780/3780/3780 3777/3777/3777 
f 3779/3779/3779 3780/3780/3780 3778/3778/3778 
f 3780/3780/3780 3779/3779/3779 3781/3781/3781 
f 3782/3782/3782 3783/3783/3783 3784/3784/3784 
f 3784/3784/3784 3785/3785/3785 3782/3782/3782 
f 3785/3785/3785 3784/3784/3784 3786/3786/3786 
f 3783/3783/3783 3782/3782/3782 3787/3787/3787 
f 3788/3788/3788 3786/3786/3786 3784/3784/3784 
f 3786/3786/3786 3788/3788/3788 3789/3789/3789 
f 3790/3790/3790 3784/3784/3784 3783/3783/3783 
f 3784/3784/3784 3790/3790/3790 3788/3788/3788 
f 3787/3787/3787 3791/3791/3791 3783/3783/3783 
f 3791/3791/3791 3787/3787/3787 3792/3792/3792 
f 3792/3792/3792 3793/3793/3793 3791/3791/3791 
f 3793/3793/3793 3792/3792/3792 3794/3794/3794 
f 3795/3795/3795 3791/3791/3791 3793/3793/3793 
f 3796/3796/3796 3783/3783/3783 3791/3791/3791 
f 3791/3791/3791 3795/3795/3795 3796/3796/3796 
f 3783/3783/3783 3796/3796/3796 3790/3790/3790 
f 3797/3797/3797 3796/3796/3796 3795/3795/3795 
f 3796/3796/3796 3797/3797/3797 3798/3798/3798 
f 3798/3798/3798 3790/3790/3790 3796/3796/3796 
f 3799/3799/3799 3798/3798/3798 3797/3797/3797 
f 3790/3790/3790 3798/3798/3798 3800/3800/3800 
f 3788/3788/3788 3790/3790/3790 3800/3800/3800 
f 3798/3798/3798 3799/3799/3799 3801/3801/3801 
f 3801/3801/3801 3800/3800/3800 3798/3798/3798 
f 3802/3802/3802 3801/3801/3801 3799/3799/3799 
f 3800/3800/3800 3803/3803/3803 3788/3788/3788 
f 3789/3789/3789 3788/3788/3788 3803/3803/3803 
f 3803/3803/3803 3804/3804/3804 3789/3789/3789 
f 3803/3803/3803 3800/3800/3800 3805/3805/3805 
f 3800/3800/3800 3801/3801/3801 3805/3805/3805 
f 3804/3804/3804 3803/3803/3803 3806/3806/3806 
f 3805/3805/3805 3806/3806/3806 3803/3803/3803 
f 3806/3806/3806 3807/3807/3807 3804/3804/3804 
f 3801/3801/3801 3802/3802/3802 3808/3808/3808 
f 3808/3808/3808 3805/3805/3805 3801/3801/3801 
f 3809/3809/3809 3808/3808/3808 3802/3802/3802 
f 3810/3810/3810 3806/3806/3806 3805/3805/3805 
f 3805/3805/3805 3808/3808/3808 3810/3810/3810 
f 3811/3811/3811 3807/3807/3807 3806/3806/3806 
f 3806/3806/3806 3810/3810/3810 3811/3811/3811 
f 3807/3807/3807 3811/3811/3811 3812/3812/3812 
f 3808/3808/3808 3809/3809/3809 3813/3813/3813 
f 3813/3813/3813 3810/3810/3810 3808/3808/3808 
f 3814/3814/3814 3813/3813/3813 3809/3809/3809 
f 3813/3813/3813 3814/3814/3814 3815/3815/3815 
f 3810/3810/3810 3813/3813/3813 3816/3816/3816 
f 3815/3815/3815 3816/3816/3816 3813/3813/3813 
f 3816/3816/3816 3811/3811/3811 3810/3810/3810 
f 3816/3816/3816 3815/3815/3815 3817/3817/3817 
f 3816/3816/3816 3817/3817/3817 3818/3818/3818 
f 3811/3811/3811 3816/3816/3816 3819/3819/3819 
f 3819/3819/3819 3812/3812/3812 3811/3811/3811 
f 3818/3818/3818 3819/3819/3819 3816/3816/3816 
f 3812/3812/3812 3819/3819/3819 3820/3820/3820 
f 3818/3818/3818 3820/3820/3820 3819/3819/3819 
f 3820/3820/3820 3818/3818/3818 3821/3821/3821 
f 3822/3822/3822 3823/3823/3823 3824/3824/3824 
f 3823/3823/3823 3825/3825/3825 3826/3826/3826 
f 3823/3823/3823 3827/3827/3827 3825/3825/3825 
f 3823/3823/3823 3822/3822/3822 3827/3827/3827 
f 3827/3827/3827 3828/3828/3828 3825/3825/3825 
f 3824/3824/3824 3829/3829/3829 3822/3822/3822 
f 3829/3829/3829 3824/3824/3824 3830/3830/3830 
f 3830/3830/3830 3831/3831/3831 3829/3829/3829 
f 3831/3831/3831 3830/3830/3830 3832/3832/3832 
f 3833/3833/3833 3829/3829/3829 3831/3831/3831 
f 3827/3827/3827 3834/3834/3834 3828/3828/3828 
f 3829/3829/3829 3833/3833/3833 3835/3835/3835 
f 3835/3835/3835 3822/3822/3822 3829/3829/3829 
f 3836/3836/3836 3827/3827/3827 3822/3822/3822 
f 3822/3822/3822 3835/3835/3835 3836/3836/3836 
f 3827/3827/3827 3836/3836/3836 3834/3834/3834 
f 3834/3834/3834 3837/3837/3837 3828/3828/3828 
f 3833/3833/3833 3838/3838/3838 3835/3835/3835 
f 3835/3835/3835 3838/3838/3838 3836/3836/3836 
f 3838/3838/3838 3833/3833/3833 3839/3839/3839 
f 3839/3839/3839 3840/3840/3840 3838/3838/3838 
f 3840/3840/3840 3839/3839/3839 3841/3841/3841 
f 3838/3838/3838 3842/3842/3842 3836/3836/3836 
f 3834/3834/3834 3836/3836/3836 3842/3842/3842 
f 3838/3838/3838 3840/3840/3840 3842/3842/3842 
f 3843/3843/3843 3840/3840/3840 3841/3841/3841 
f 3842/3842/3842 3844/3844/3844 3834/3834/3834 
f 3837/3837/3837 3834/3834/3834 3844/3844/3844 
f 3840/3840/3840 3845/3845/3845 3842/3842/3842 
f 3842/3842/3842 3845/3845/3845 3844/3844/3844 
f 3844/3844/3844 3846/3846/3846 3837/3837/3837 
f 3845/3845/3845 3846/3846/3846 3844/3844/3844 
f 3846/3846/3846 3847/3847/3847 3837/3837/3837 
f 3840/3840/3840 3848/3848/3848 3845/3845/3845 
f 3840/3840/3840 3843/3843/3843 3848/3848/3848 
f 3849/3849/3849 3846/3846/3846 3845/3845/3845 
f 3849/3849/3849 3845/3845/3845 3848/3848/3848 
f 3850/3850/3850 3847/3847/3847 3846/3846/3846 
f 3846/3846/3846 3849/3849/3849 3850/3850/3850 
f 3847/3847/3847 3850/3850/3850 3851/3851/3851 
f 3843/3843/3843 3852/3852/3852 3848/3848/3848 
f 3852/3852/3852 3849/3849/3849 3848/3848/3848 
f 3852/3852/3852 3843/3843/3843 3853/3853/3853 
f 3854/3854/3854 3852/3852/3852 3853/3853/3853 
f 3852/3852/3852 3854/3854/3854 3855/3855/3855 
f 3849/3849/3849 3852/3852/3852 3856/3856/3856 
f 3852/3852/3852 3855/3855/3855 3856/3856/3856 
f 3856/3856/3856 3850/3850/3850 3849/3849/3849 
f 3855/3855/3855 3857/3857/3857 3856/3856/3856 
f 3850/3850/3850 3856/3856/3856 3858/3858/3858 
f 3857/3857/3857 3858/3858/3858 3856/3856/3856 
f 3858/3858/3858 3851/3851/3851 3850/3850/3850 
f 3858/3858/3858 3857/3857/3857 3859/3859/3859 
f 3851/3851/3851 3858/3858/3858 3860/3860/3860 
f 3859/3859/3859 3860/3860/3860 3858/3858/3858 
f 3860/3860/3860 3859/3859/3859 3861/3861/3861 
f 3862/3862/3862 3863/3863/3863 3864/3864/3864 
f 3864/3864/3864 3863/3863/3863 3865/3865/3865 
f 3866/3866/3866 3863/3863/3863 3862/3862/3862 
f 3865/3865/3865 3863/3863/3863 3867/3867/3867 
f 3868/3868/3868 3863/3863/3863 3866/3866/3866 
f 3867/3867/3867 3863/3863/3863 3869/3869/3869 
f 3870/3870/3870 3863/3863/3863 3868/3868/3868 
f 3869/3869/3869 3863/3863/3863 3871/3871/3871 
f 3872/3872/3872 3863/3863/3863 3870/3870/3870 
f 3873/3873/3873 3863/3863/3863 3872/3872/3872 
f 3871/3871/3871 3863/3863/3863 3874/3874/3874 
f 3875/3875/3875 3863/3863/3863 3873/3873/3873 
f 3874/3874/3874 3863/3863/3863 3876/3876/3876 
f 3877/3877/3877 3863/3863/3863 3875/3875/3875 
f 3876/3876/3876 3863/3863/3863 3877/3877/3877 
f 3878/3878/3878 3879/3879/3879 3880/3880/3880 
f 3878/3878/3878 3881/3881/3881 3879/3879/3879 
f 3881/3881/3881 3878/3878/3878 3882/3882/3882 
f 3882/3882/3882 3878/3878/3878 3883/3883/3883 
f 3882/3882/3882 3883/3883/3883 3884/3884/3884 
f 3878/3878/3878 3885/3885/3885 3883/3883/3883 
f 3886/3886/3886 3884/3884/3884 3883/3883/3883 
f 3883/3883/3883 3885/3885/3885 3886/3886/3886 
f 3884/3884/3884 3886/3886/3886 3887/3887/3887 
f 3886/3886/3886 3888/3888/3888 3887/3887/3887 
f 3888/3888/3888 3889/3889/3889 3887/3887/3887 
f 3886/3886/3886 3885/3885/3885 3890/3890/3890 
f 3888/3888/3888 3886/3886/3886 3890/3890/3890 
f 3885/3885/3885 3891/3891/3891 3890/3890/3890 
f 3892/3892/3892 3890/3890/3890 3891/3891/3891 
f 3891/3891/3891 3885/3885/3885 3893/3893/3893 
f 3890/3890/3890 3892/3892/3892 3894/3894/3894 
f 3888/3888/3888 3890/3890/3890 3894/3894/3894 
f 3894/3894/3894 3892/3892/3892 3895/3895/3895 
f 3896/3896/3896 3893/3893/3893 3885/3885/3885 
f 3885/3885/3885 3878/3878/3878 3896/3896/3896 
f 3893/3893/3893 3896/3896/3896 3897/3897/3897 
f 3898/3898/3898 3896/3896/3896 3878/3878/3878 
f 3899/3899/3899 3897/3897/3897 3896/3896/3896 
f 3898/3898/3898 3899/3899/3899 3896/3896/3896 
f 3899/3899/3899 3898/3898/3898 3900/3900/3900 
f 3901/3901/3901 3894/3894/3894 3895/3895/3895 
f 3888/3888/3888 3894/3894/3894 3901/3901/3901 
f 3902/3902/3902 3901/3901/3901 3895/3895/3895 
f 3902/3902/3902 3895/3895/3895 3903/3903/3903 
f 3904/3904/3904 3901/3901/3901 3902/3902/3902 
f 3905/3905/3905 3888/3888/3888 3901/3901/3901 
f 3904/3904/3904 3905/3905/3905 3901/3901/3901 
f 3889/3889/3889 3888/3888/3888 3905/3905/3905 
f 3905/3905/3905 3904/3904/3904 3906/3906/3906 
f 3889/3889/3889 3905/3905/3905 3906/3906/3906 

g Rig10

v -4.01876 7.22638 -3.91788 
v -3.92723 7.25536 -3.95895 
v -3.97297 7.21311 -3.93603 
v -3.95576 7.25565 -3.95134 
v -3.89456 7.25556 -3.96746 
v -3.97466 7.17935 -3.92 
v -3.92364 7.2108 -3.95234 
v -3.92035 7.17492 -3.9369 
v -4.04654 7.25298 -3.9094 
v -3.91531 7.28079 -3.95135 
v -3.94112 7.28062 -3.94465 
v -3.96194 7.17735 -3.87738 
v -3.9671 7.26174 -3.94735 
v -3.94731 7.27687 -3.95746 
v -3.9671 7.26174 -3.94735 
v -3.94975 7.27679 -3.95681 
v -3.94171 7.27703 -3.95893 
v -3.95576 7.25565 -3.95134 
v -3.92723 7.25536 -3.95895 
v -4.0553 7.28433 -3.90946 
v -3.97322 7.27475 -3.94692 
v -3.97322 7.27475 -3.94692 
v -3.86145 7.25568 -3.97617 
v -3.88606 7.21026 -3.96211 
v -3.84984 7.21008 -3.97007 
v -3.86768 7.17328 -3.94986 
v -3.89792 7.13647 -3.92441 
v -3.88552 7.28099 -3.95907 
v -3.90284 7.17043 -3.89463 
v -3.85698 7.28107 -3.96654 
v -3.88589 7.27752 -3.97343 
v -3.89456 7.25556 -3.96746 
v -3.8545 7.27763 -3.98077 
v -3.86145 7.25568 -3.97617 
v -3.91774 7.2773 -3.96517 
v -3.93514 7.17254 -3.88699 
v -3.94112 7.28062 -3.94465 
v -3.94679 7.28058 -3.94318 
v -3.97604 7.1952 -3.88004 
v -4.02873 7.1885 -3.90062 
v -4.07392 7.21199 -3.88297 
v -3.97659 7.14304 -3.90097 
v -4.03702 7.14901 -3.87524 
v -3.99411 7.26897 -3.89294 
v -3.96194 7.17735 -3.87738 
v -4.10538 7.26004 -3.87133 
v -3.9276 7.27891 -3.90104 
v -3.9233 7.27892 -3.90216 
v -3.9471 7.27016 -3.89222 
v -3.9249 7.26557 -3.89945 
v -3.86811 7.16885 -3.90292 
v -3.90658 7.1114 -3.90489 
v -3.82212 7.10814 -3.91882 
v -3.89921 7.22565 -3.89936 
v -3.85907 7.22301 -3.90945 
v -3.89306 7.21209 -3.8945 
v -3.86071 7.26425 -3.91593 
v -3.93714 7.22972 -3.88946 
v -3.88718 7.26423 -3.90898 
v -3.90318 7.2794 -3.90743 
v -3.88542 7.27928 -3.912 
v -3.94994 7.28055 -3.94236 
v -3.99411 7.26897 -3.89294 
v -3.94679 7.28058 -3.94318 
v -3.94731 7.27687 -3.95746 
v -3.9691 7.28972 -3.95145 
v -3.94171 7.27703 -3.95893 
v -3.94112 7.28062 -3.94465 
v -3.91774 7.2773 -3.96517 
v -3.91531 7.28079 -3.95135 
v -3.94112 7.28062 -3.94465 
v -3.94679 7.28058 -3.94318 
v -3.95849 7.29873 -3.95781 
v -3.91531 7.28079 -3.95135 
v -3.88589 7.27752 -3.97343 
v -3.88552 7.28099 -3.95907 
v -3.85698 7.28107 -3.96654 
v -3.88552 7.28099 -3.95907 
v -3.85698 7.28107 -3.96654 
v -3.88552 7.28099 -3.95907 
v -3.85698 7.28107 -3.96654 
v -3.87159 7.42504 -3.94119 
v -3.94994 7.28055 -3.94236 
v -4.0501 7.31831 -3.91577 
v -3.9691 7.28972 -3.95145 
v -3.94994 7.28055 -3.94236 
v -3.98372 7.34634 -3.90388 
v -4.03637 7.33716 -3.92321 
v -4.00565 7.35272 -3.93714 
v -3.95849 7.29873 -3.95781 
v -4.11457 7.35653 -3.87285 
v -3.89118 7.29222 -3.91273 
v -3.86239 7.29327 -3.92035 
v -3.85877 7.27917 -3.91893 
v -3.92566 7.2906 -3.90355 
v -3.94784 7.2909 -3.89558 
v -3.90117 7.36931 -3.91289 
v -3.86086 7.37134 -3.92332 
v -3.93905 7.36464 -3.90241 
v -3.80353 7.21007 -3.97409 
v -3.81951 7.13353 -3.93754 
v -3.83902 7.16837 -3.90861 
v -3.82906 7.28115 -3.96889 
v -3.79439 7.25579 -3.9823 
v -3.82851 7.25574 -3.97938 
v -3.82472 7.27769 -3.9833 
v -3.82851 7.25574 -3.97938 
v -3.79317 7.27774 -3.98599 
v -3.79439 7.25579 -3.9823 
v -3.76096 7.10877 -3.92444 
v -3.76096 7.13418 -3.94292 
v -3.76096 7.25581 -3.98521 
v -3.76096 7.20996 -3.97777 
v -3.76096 7.27777 -3.98877 
v -3.76096 7.25581 -3.98521 
v -3.81286 7.26263 -3.92175 
v -3.78292 7.26231 -3.92429 
v -3.79005 7.22163 -3.91707 
v -3.75591 7.26234 -3.92664 
v -3.75591 7.22215 -3.92012 
v -3.80128 7.20867 -3.90874 
v -3.8495 7.20881 -3.90463 
v -3.82768 7.22215 -3.91388 
v -3.80858 7.18297 -3.89614 
v -3.84931 7.22734 -3.89255 
v -3.84211 7.26331 -3.91938 
v -3.80411 7.16815 -3.91153 
v -3.79666 7.22651 -3.89738 
v -3.75788 7.16771 -3.91534 
v -3.75633 7.21006 -3.91329 
v -3.75633 7.18409 -3.90119 
v -3.75491 7.22655 -3.90102 
v -3.75591 7.27945 -3.92941 
v -3.82906 7.28115 -3.96889 
v -3.84262 7.27941 -3.92199 
v -3.81325 7.27952 -3.92449 
v -3.81421 7.29534 -3.92702 
v -3.84324 7.29443 -3.9244 
v -3.82897 7.37314 -3.928 
v -3.78428 7.29563 -3.9296 
v -3.78312 7.2795 -3.92706 
v -3.75591 7.29553 -3.93202 
v -3.75595 7.37445 -3.93422 
v -3.78984 7.37334 -3.93133 
v -3.85488 7.18287 -3.89052 
v -4.16056 7.12323 -3.76161 
v -4.08534 7.16754 -3.85265 
v -4.07369 7.123 -3.83448 
v -3.99623 7.11613 -3.87526 
v -4.1561 7.26569 -3.83141 
v -4.13055 7.20051 -3.8388 
v -4.18565 7.19618 -3.78899 
v -4.12008 7.31052 -3.86883 
v -4.16311 7.32686 -3.83176 
v -4.15883 7.37774 -3.83606 
v -4.1971 7.28977 -3.80124 
v -4.04363 7.32043 -3.849 
v -4.07691 7.29079 -3.82457 
v -4.07706 7.34318 -3.82676 
v -4.01969 7.24352 -3.85351 
v -3.99523 7.23042 -3.86545 
v -4.0649 7.19308 -3.80229 
v -4.07202 7.23377 -3.8162 
v -4.0386 7.28509 -3.84879 
v -4.00366 7.27588 -3.86793 
v -4.04056 7.37673 -3.85143 
v -4.0022 7.32644 -3.8737 
v -4.01624 7.30723 -3.86794 
v -4.19714 7.39366 -3.80234 
v -3.98456 7.19 -3.84979 
v -3.92004 7.22674 -3.8738 
v -3.88431 7.22689 -3.8832 
v -3.93528 7.22438 -3.86717 
v -3.97607 7.24689 -3.87508 
v -3.9684 7.28223 -3.88484 
v -3.93764 7.21655 -3.88404 
v -3.92144 7.30276 -3.88833 
v -3.92035 7.23058 -3.87565 
v -3.93881 7.30527 -3.88207 
v -3.92028 7.18481 -3.87439 
v -3.97767 7.34806 -3.88491 
v -3.94781 7.23435 -3.86662 
v -3.93528 7.22438 -3.86717 
v -3.95904 7.28096 -3.86866 
v -3.93825 7.23995 -3.87369 
v -3.95904 7.28096 -3.86866 
v -3.94781 7.23435 -3.86662 
v -4.05685 7.42499 -3.91169 
v -3.95291 7.35941 -3.96047 
v -3.98887 7.52332 -3.94495 
v -3.99589 7.65459 -3.94178 
v -3.91718 7.65431 -3.96997 
v -3.9187 7.74468 -3.9696 
v -3.90765 7.51854 -3.97243 
v -3.99532 7.74918 -3.94209 
v -4.06787 7.65499 -3.90422 
v -4.07035 7.53354 -3.90257 
v -3.83882 7.65415 -3.98664 
v -3.8411 7.74433 -3.98646 
v -4.08746 7.40072 -3.89123 
v -4.00734 7.48222 -3.87196 
v -3.94762 7.4879 -3.89872 
v -4.06556 7.7581 -3.90587 
v -4.00095 7.58333 -3.87475 
v -3.91932 7.58238 -3.90839 
v -4.13223 7.66238 -3.85968 
v -4.13266 7.54789 -3.85925 
v -3.8958 7.48624 -3.91449 
v -3.84918 7.58182 -3.92645 
v -3.84932 7.48694 -3.92646 
v -3.99651 7.87053 -3.94105 
v -3.92418 7.86956 -3.96761 
v -3.92387 7.96409 -3.95298 
v -4.06727 7.87232 -3.90439 
v -4.13261 7.76724 -3.85943 
v -4.06138 7.96705 -3.89104 
v -3.99115 7.96482 -3.92798 
v -3.84287 7.86907 -3.98573 
v -3.84274 7.96381 -3.97136 
v -3.83353 7.51965 -3.9871 
v -3.76096 7.65409 -3.99327 
v -3.76096 7.52062 -3.99327 
v -3.76096 7.74421 -3.99327 
v -3.84087 7.42321 -3.94705 
v -3.85038 7.4095 -3.9075 
v -3.85073 7.31771 -3.90678 
v -3.88675 7.31359 -3.89741 
v -3.82982 7.40848 -3.90992 
v -3.79638 7.48877 -3.93097 
v -3.79885 7.4225 -3.95063 
v -3.8017 7.58211 -3.9305 
v -3.75763 7.42229 -3.95413 
v -3.75441 7.40785 -3.91634 
v -3.75595 7.49029 -3.93441 
v -3.75595 7.58253 -3.93441 
v -3.79763 7.40792 -3.91266 
v -3.76096 7.86889 -3.99271 
v -3.76096 7.96466 -3.97821 
v -3.83803 8.04498 -3.93538 
v -3.76096 8.04504 -3.94192 
v -3.76096 8.00908 -3.95816 
v -4.14631 7.46071 -3.84721 
v -4.19688 7.48795 -3.8026 
v -4.19685 7.58652 -3.80269 
v -4.13393 7.87758 -3.85806 
v -4.19732 7.78486 -3.80222 
v -4.19697 7.68185 -3.80257 
v -4.19766 7.88384 -3.80122 
v -4.18687 7.97662 -3.78896 
v -4.12476 7.97108 -3.84575 
v -4.1627 8.05106 -3.76216 
v -4.10561 8.04681 -3.81743 
v -4.07662 7.41009 -3.82739 
v -4.02644 7.43279 -3.86094 
v -4.07623 7.48126 -3.82767 
v -4.04444 8.04522 -3.86078 
v -4.0761 7.58339 -3.82774 
v -3.702 7.1333 -3.9374 
v -3.69745 7.10794 -3.91823 
v -3.73843 7.26228 -3.92429 
v -3.73182 7.22173 -3.91709 
v -3.7085 7.26258 -3.92178 
v -3.62347 7.13466 -3.92342 
v -3.69405 7.22168 -3.9138 
v -3.67974 7.26329 -3.9194 
v -3.71906 7.2083 -3.90843 
v -3.72431 7.22647 -3.89729 
v -3.71626 7.1681 -3.91138 
v -3.71143 7.1823 -3.89566 
v -3.69251 7.22727 -3.8949 
v -3.67217 7.20643 -3.9035 
v -3.68213 7.16835 -3.90853 
v -3.67211 7.22726 -3.89238 
v -3.6525 7.16868 -3.9025 
v -3.62758 7.20842 -3.89241 
v -3.66277 7.2202 -3.90896 
v -3.66071 7.26421 -3.91585 
v -3.73823 7.27941 -3.92705 
v -3.7374 7.29549 -3.92959 
v -3.70814 7.27936 -3.92449 
v -3.73214 7.37337 -3.93133 
v -3.70746 7.2952 -3.927 
v -3.67923 7.27939 -3.922 
v -3.67862 7.29442 -3.92442 
v -3.66261 7.27913 -3.91884 
v -3.69297 7.37312 -3.928 
v -3.65925 7.29298 -3.92029 
v -3.66103 7.37208 -3.92333 
v -3.63606 7.27895 -3.91196 
v -3.62276 7.22196 -3.89877 
v -3.58455 7.22896 -3.88923 
v -3.63377 7.2641 -3.90888 
v -3.6182 7.27906 -3.90736 
v -3.59699 7.26552 -3.89949 
v -3.59855 7.27887 -3.9022 
v -3.57448 7.27011 -3.89207 
v -3.59432 7.27887 -3.90109 
v -3.63044 7.29193 -3.91268 
v -3.59622 7.29055 -3.90359 
v -3.57374 7.29085 -3.89544 
v -3.62098 7.37426 -3.91302 
v -3.58297 7.36541 -3.90247 
v -3.54444 7.34828 -3.88503 
v -3.66618 7.18171 -3.88975 
v -3.63674 7.2268 -3.88292 
v -3.60093 7.18426 -3.87394 
v -3.58369 7.21579 -3.88343 
v -3.55309 7.28209 -3.88465 
v -3.54534 7.2469 -3.87488 
v -3.51808 7.27572 -3.86784 
v -3.5198 7.32653 -3.87375 
v -3.53625 7.18944 -3.84913 
v -3.52659 7.23017 -3.86529 
v -3.45671 7.19266 -3.80215 
v -3.50126 7.24372 -3.85306 
v -3.5057 7.30723 -3.86794 
v -3.48271 7.28445 -3.84854 
v -3.44942 7.23402 -3.81611 
v -3.47829 7.32083 -3.84902 
v -3.48135 7.3769 -3.85143 
v -3.44459 7.29018 -3.82437 
v -3.44485 7.34345 -3.82678 
v -3.68841 7.51937 -3.98709 
v -3.68307 7.65417 -3.98664 
v -3.68075 7.74435 -3.98645 
v -3.61429 7.51881 -3.97243 
v -3.60471 7.65441 -3.96995 
v -3.72317 7.42252 -3.95063 
v -3.72552 7.48877 -3.93096 
v -3.72022 7.5822 -3.9305 
v -3.67256 7.4874 -3.92646 
v -3.72434 7.40793 -3.91266 
v -3.69215 7.40849 -3.90992 
v -3.67154 7.40953 -3.9075 
v -3.68111 7.42322 -3.94705 
v -3.65037 7.42511 -3.94121 
v -3.67274 7.58211 -3.92645 
v -3.62613 7.48919 -3.91449 
v -3.67902 7.86907 -3.98573 
v -3.67919 7.96381 -3.97136 
v -3.68389 8.04498 -3.93538 
v -3.6031 7.74478 -3.96955 
v -3.59769 7.86957 -3.96759 
v -3.53306 7.52392 -3.94496 
v -3.52602 7.65478 -3.94175 
v -3.52655 7.74937 -3.94203 
v -3.45155 7.53394 -3.90259 
v -3.45406 7.65531 -3.90422 
v -3.5744 7.48963 -3.89876 
v -3.60261 7.58288 -3.90839 
v -3.51466 7.48228 -3.872 
v -3.45639 7.75837 -3.90585 
v -3.52097 7.58334 -3.87476 
v -3.38971 7.66255 -3.85968 
v -3.59806 7.96409 -3.95298 
v -3.52534 7.87058 -3.94103 
v -3.46054 7.96704 -3.89104 
v -3.4546 7.87241 -3.90439 
v -3.53078 7.96482 -3.92798 
v -3.38934 7.7674 -3.85944 
v -3.49545 7.43312 -3.86095 
v -3.44568 7.4813 -3.82768 
v -3.44535 7.41035 -3.82745 
v -3.44581 7.58337 -3.82774 
v -3.38925 7.54799 -3.85925 
v -3.388 7.87761 -3.85806 
v -3.39725 7.97105 -3.8458 
v -3.47748 8.04522 -3.86078 
v -3.4163 8.04681 -3.81743 
v -3.32507 7.58653 -3.80269 
v -3.32504 7.48795 -3.8026 
v -3.32495 7.68188 -3.80258 
v -3.3246 7.78486 -3.80222 
v -3.32426 7.88384 -3.80122 
v -3.35922 8.05106 -3.76216 
v -3.33505 7.97662 -3.78896 
v -3.94975 7.27679 -3.95681 
v -3.94731 7.27687 -3.95746 
v -3.94679 7.28058 -3.94318 
v -3.94171 7.27703 -3.95893 
v -3.95849 7.29873 -3.95781 
v -3.9306 7.29944 -3.96565 
v -3.91774 7.2773 -3.96517 
v -3.95291 7.35941 -3.96047 
v -3.89714 7.29967 -3.97433 
v -3.9306 7.29944 -3.96565 
v -4.00565 7.35272 -3.93714 
v -3.95849 7.29873 -3.95781 
v -3.89714 7.29967 -3.97433 
v -3.88589 7.27752 -3.97343 
v -3.8973 7.36022 -3.97482 
v -3.86185 7.29991 -3.98348 
v -3.86185 7.29991 -3.98348 
v -3.84779 7.36088 -3.98558 
v -3.94994 7.28055 -3.94236 
v -3.94112 7.28062 -3.94465 
v -3.94112 7.28062 -3.94465 
v -3.97144 7.42326 -3.90977 
v -3.94679 7.28058 -3.94318 
v -3.94994 7.28055 -3.94236 
v -3.98372 7.34634 -3.90388 
v -3.91531 7.28079 -3.95135 
v -3.94436 7.42392 -3.92194 
v -3.88552 7.28099 -3.95907 
v -3.9127 7.42424 -3.93058 
v -3.80641 7.17233 -3.95675 
v -3.81951 7.13353 -3.93754 
v -3.86768 7.17328 -3.94986 
v -3.80353 7.21007 -3.97409 
v -3.80411 7.16815 -3.91153 
v -3.79601 7.28121 -3.9717 
v -3.83902 7.16837 -3.90861 
v -3.82906 7.28115 -3.96889 
v -3.76096 7.13418 -3.94292 
v -3.75788 7.16771 -3.91534 
v -3.75973 7.28121 -3.97482 
v -3.90658 7.1114 -3.90489 
v -3.82212 7.10814 -3.91882 
v -3.84585 7.06375 -3.88148 
v -3.76096 7.10877 -3.92444 
v -3.76096 7.06375 -3.88816 
v -3.8545 7.27763 -3.98077 
v -3.82472 7.27769 -3.9833 
v -3.82906 7.28115 -3.96889 
v -3.79601 7.28121 -3.9717 
v -3.82472 7.27769 -3.9833 
v -3.82906 7.28115 -3.96889 
v -3.85698 7.28107 -3.96654 
v -3.79601 7.28121 -3.9717 
v -3.82864 7.29998 -3.98664 
v -3.80703 7.36097 -3.98905 
v -3.82864 7.29998 -3.98664 
v -3.79472 7.30004 -3.98952 
v -3.75973 7.28121 -3.97482 
v -3.76096 7.27777 -3.98877 
v -3.79317 7.27774 -3.98599 
v -3.79317 7.27774 -3.98599 
v -3.79472 7.30004 -3.98952 
v -3.85698 7.28107 -3.96654 
v -3.82906 7.28115 -3.96889 
v -3.84087 7.42321 -3.94705 
v -3.79601 7.28121 -3.9717 
v -3.79885 7.4225 -3.95063 
v -4.2066 7.06188 -3.60756 
v -4.24645 7.11304 -3.6273 
v -4.17652 7.06375 -3.67533 
v -4.09538 7.00943 -3.63564 
v -4.13237 7.00867 -3.57301 
v -4.13214 7.06375 -3.72851 
v -4.2439 7.06325 -3.50363 
v -4.16395 7.00903 -3.48601 
v -4.13214 7.06375 -3.72851 
v -4.16056 7.12323 -3.76161 
v -4.08176 7.06375 -3.7808 
v -4.21063 7.11491 -3.69645 
v -4.17652 7.06375 -3.67533 
v -4.21063 7.11491 -3.69645 
v -4.2824 7.17749 -3.64553 
v -4.28569 7.11381 -3.51349 
v -4.32457 7.17749 -3.52206 
v -4.05569 6.98611 -3.46135 
v -4.05539 7.00912 -3.68176 
v -3.99731 6.98617 -3.58256 
v -4.00969 7.00894 -3.72172 
v -4.08176 7.06375 -3.7808 
v -4.03262 6.98586 -3.5249 
v -4.00777 7.06375 -3.82957 
v -4.07369 7.123 -3.83448 
v -3.99623 7.11613 -3.87526 
v -4.00777 7.06375 -3.82957 
v -4.29845 7.11386 -3.35366 
v -4.25548 7.0632 -3.35704 
v -4.17318 7.00892 -3.36325 
v -4.22221 7.06359 -3.21401 
v -4.14708 7.00974 -3.24259 
v -4.14882 7.06345 -3.08663 
v -4.29852 7.17749 -3.18341 
v -4.26162 7.11405 -3.19797 
v -4.1818 7.11405 -3.05946 
v -4.06518 7.11387 -2.94931 
v -4.21241 7.17749 -3.03425 
v -4.06245 6.98602 -3.37148 
v -4.04237 6.98616 -3.28363 
v -4.0852 7.00976 -3.13543 
v -3.99731 6.98616 -3.20559 
v -3.99376 7.00896 -3.05251 
v -4.04112 7.06286 -2.98566 
v -3.91978 7.11394 -2.88003 
v -4.08676 7.17749 -2.91585 
v -4.24083 7.1789 -3.71809 
v -4.33821 7.17749 -3.35129 
v -4.34539 7.28358 -3.52716 
v -4.31846 7.28358 -3.17526 
v -4.35969 7.28358 -3.34927 
v -4.30207 7.38155 -3.6549 
v -4.30087 7.28358 -3.65461 
v -4.25797 7.28286 -3.72817 
v -4.25934 7.38169 -3.72896 
v -4.24083 7.1789 -3.71809 
v -4.18565 7.19618 -3.78899 
v -4.22915 7.28358 -3.02073 
v -3.93165 7.17749 -2.84211 
v -4.09905 7.28358 -2.89809 
v -4.1971 7.28977 -3.80124 
v -4.25797 7.28286 -3.72817 
v -4.25934 7.38169 -3.72896 
v -3.95683 7.0089 -3.75585 
v -3.93125 6.98615 -3.64385 
v -3.89591 7.00899 -3.78317 
v -3.89212 6.9862 -3.66643 
v -3.96659 6.98606 -3.61569 
v -3.9288 7.06375 -3.86166 
v -3.9288 7.06375 -3.86166 
v -3.83016 7.00953 -3.80219 
v -3.85008 6.9861 -3.68296 
v -3.80601 6.98617 -3.693 
v -3.76096 6.98632 -3.69635 
v -3.76096 7.00965 -3.80891 
v -3.85008 6.9861 -3.68296 
v -3.80601 6.98617 -3.693 
v -3.76096 6.98561 -3.39408 
v -3.76096 6.98632 -3.69635 
v -3.76096 7.06375 -3.88816 
v -3.84585 7.06375 -3.88148 
v -3.89212 6.9862 -3.66643 
v -4.05569 6.98611 -3.46135 
v -4.03262 6.98586 -3.5249 
v -3.99731 6.98617 -3.58256 
v -3.96659 6.98606 -3.61569 
v -4.06245 6.98602 -3.37148 
v -4.04237 6.98616 -3.28363 
v -3.99731 6.98616 -3.20559 
v -3.93128 6.98601 -3.14428 
v -3.90742 7.06289 -2.92179 
v -3.88283 7.00907 -2.99911 
v -3.93128 6.98601 -3.14428 
v -3.93125 6.98615 -3.64385 
v -3.85006 6.9861 -3.10519 
v -3.76096 6.98618 -3.09178 
v -3.85006 6.9861 -3.10519 
v -3.76096 6.98618 -3.09178 
v -3.76096 7.00988 -2.97939 
v -3.76096 7.06314 -2.89986 
v -3.76096 7.11403 -2.85669 
v -3.76096 7.17749 -2.81703 
v -3.94911 7.32671 -3.87771 
v -3.99411 7.26897 -3.89294 
v -3.92144 7.30276 -3.88833 
v -3.93881 7.30527 -3.88207 
v -3.93776 7.40326 -3.88335 
v -3.88626 7.41054 -3.89824 
v -3.88675 7.31359 -3.89741 
v -3.9376 7.28358 -2.82137 
v -3.95904 7.28096 -3.86866 
v -3.95904 7.28096 -3.86866 
v -3.94911 7.32671 -3.87771 
v -3.76096 7.28358 -2.79551 
v -4.00707 7.43275 -3.93681 
v -3.94027 7.43349 -3.96405 
v -3.90765 7.51854 -3.97243 
v -3.98887 7.52332 -3.94495 
v -4.05685 7.42499 -3.91169 
v -4.07035 7.53354 -3.90257 
v -3.87229 7.43473 -3.98157 
v -3.83353 7.51965 -3.9871 
v -3.87159 7.42504 -3.94119 
v -3.9208 7.40793 -3.88933 
v -3.85038 7.4095 -3.9075 
v -3.92038 8.00831 -3.93369 
v -3.99115 7.96482 -3.92798 
v -3.98726 8.00888 -3.90861 
v -3.92387 7.96409 -3.95298 
v -4.06138 7.96705 -3.89104 
v -4.04444 8.04522 -3.86078 
v -3.91701 8.04484 -3.91779 
v -3.84069 8.00819 -3.9517 
v -3.84274 7.96381 -3.97136 
v -3.83803 8.04498 -3.93538 
v -3.84641 8.11119 -3.88467 
v -3.82051 7.43695 -3.9882 
v -3.76096 7.52062 -3.99327 
v -3.76096 7.43726 -3.99327 
v -3.75763 7.42229 -3.95413 
v -3.76096 7.96466 -3.97821 
v -3.76096 8.00908 -3.95816 
v -3.76096 8.11119 -3.89141 
v -3.76096 8.04504 -3.94192 
v -3.92991 8.11119 -3.86471 
v -4.19714 7.39366 -3.80234 
v -4.19688 7.48795 -3.8026 
v -4.25934 7.48839 -3.72896 
v -4.19685 7.58652 -3.80269 
v -4.25934 7.58585 -3.72896 
v -4.19697 7.68185 -3.80257 
v -4.25934 7.48839 -3.72896 
v -4.30207 7.48755 -3.6549 
v -4.30206 7.58889 -3.65492 
v -4.25934 7.68786 -3.72895 
v -4.25934 7.58585 -3.72896 
v -4.25934 7.68786 -3.72895 
v -4.25934 7.78829 -3.72895 
v -4.19732 7.78486 -3.80222 
v -4.19766 7.88384 -3.80122 
v -4.25934 7.89285 -3.72895 
v -4.30203 7.6883 -3.65498 
v -4.25934 7.78829 -3.72895 
v -4.30189 7.79428 -3.65521 
v -4.25934 7.89285 -3.72895 
v -4.35988 7.54722 -3.34927 
v -4.34563 7.54722 -3.52752 
v -4.31859 7.54722 -3.17521 
v -4.35856 7.8938 -3.34972 
v -4.34433 7.8938 -3.52734 
v -4.31721 7.8938 -3.17518 
v -4.22925 7.54722 -3.02064 
v -4.09915 7.54722 -2.89793 
v -4.22753 7.8938 -3.02056 
v -4.09727 7.8938 -2.8983 
v -4.30026 7.8938 -3.65541 
v -4.2818 7.9922 -3.64856 
v -4.24188 7.99178 -3.7187 
v -4.24188 7.99178 -3.7187 
v -4.32517 7.9922 -3.52408 
v -4.24663 8.05954 -3.63038 
v -4.21001 8.06072 -3.69631 
v -4.17934 8.11119 -3.67695 
v -4.28639 8.05971 -3.51569 
v -4.20969 8.10989 -3.61227 
v -4.246 8.10989 -3.50617 
v -4.18687 7.97662 -3.78896 
v -4.1627 8.05106 -3.76216 
v -4.21001 8.06072 -3.69631 
v -4.10561 8.04681 -3.81743 
v -4.13463 8.11119 -3.73059 
v -4.17934 8.11119 -3.67695 
v -4.10006 8.16479 -3.63183 
v -4.13463 8.11119 -3.73059 
v -4.13564 8.16553 -3.57454 
v -4.16697 8.16465 -3.48676 
v -4.33911 7.9922 -3.3508 
v -4.29855 7.9922 -3.18069 
v -4.29923 8.0601 -3.35294 
v -4.25741 8.10989 -3.35624 
v -4.22378 8.10989 -3.21034 
v -4.26186 8.05923 -3.195 
v -4.18082 8.05838 -3.0555 
v -4.21088 7.9922 -3.03083 
v -4.14939 8.10989 -3.08104 
v -4.06364 8.05789 -2.94583 
v -4.08643 8.1644 -3.13454 
v -4.17644 8.16493 -3.36293 
v -4.06059 8.18784 -3.37162 
v -4.14848 8.16441 -3.24197 
v -4.0094 8.11119 -3.83238 
v -4.08917 8.11119 -3.77876 
v -4.08457 7.9922 -2.91332 
v -3.93765 7.54722 -2.82124 
v -3.93698 7.8938 -2.82231 
v -3.92978 7.9922 -2.84021 
v -4.04096 8.10989 -2.97945 
v -3.91824 8.05708 -2.87656 
v -3.90694 8.10989 -2.91479 
v -3.76096 7.54723 -2.79537 
v -3.76096 7.8938 -2.79659 
v -3.76096 7.9922 -2.81584 
v -3.88368 8.16456 -2.99618 
v -3.76096 8.16428 -2.97787 
v -3.76096 8.10989 -2.89303 
v -3.76096 8.05655 -2.85366 
v -3.99564 8.16483 -3.04989 
v -4.08917 8.11119 -3.77876 
v -4.01951 8.16492 -3.71686 
v -4.0094 8.11119 -3.83238 
v -3.95465 8.165 -3.7612 
v -3.92991 8.11119 -3.86471 
v -4.06016 8.16473 -3.68013 
v -4.0052 8.18798 -3.56621 
v -3.97249 8.18794 -3.60573 
v -3.93972 8.18788 -3.63411 
v -3.89133 8.18781 -3.66479 
v -4.03094 8.18797 -3.52409 
v -3.89641 8.16478 -3.78656 
v -3.84641 8.11119 -3.88467 
v -3.83093 8.16458 -3.80374 
v -3.76096 8.11119 -3.89141 
v -3.76096 8.16451 -3.81043 
v -3.84953 8.1879 -3.68121 
v -3.80574 8.18783 -3.69119 
v -3.76096 8.18767 -3.69452 
v -3.76096 8.18767 -3.69452 
v -3.80574 8.18783 -3.69119 
v -3.76096 8.18801 -3.39408 
v -3.84953 8.1879 -3.68121 
v -3.89133 8.18781 -3.66479 
v -4.05387 8.18771 -3.46093 
v -4.04066 8.18783 -3.2843 
v -3.93023 8.18787 -3.14581 
v -4.05387 8.18771 -3.46093 
v -4.06059 8.18784 -3.37162 
v -4.04066 8.18783 -3.2843 
v -3.9959 8.18799 -3.20671 
v -4.03094 8.18797 -3.52409 
v -3.84953 8.18792 -3.10694 
v -3.84953 8.18792 -3.10694 
v -3.76096 8.18768 -3.09363 
v -3.76096 8.18768 -3.09363 
v -3.93972 8.18788 -3.63411 
v -4.0052 8.18798 -3.56621 
v -3.97249 8.18794 -3.60573 
v -3.9959 8.18799 -3.20671 
v -3.93023 8.18787 -3.14581 
v -3.71626 7.1681 -3.91138 
v -3.69745 7.10794 -3.91823 
v -3.71591 6.98615 -3.69301 
v -3.69176 7.00953 -3.8022 
v -3.67184 6.98608 -3.68296 
v -3.626 7.00898 -3.78319 
v -3.71591 6.98615 -3.69301 
v -3.67184 6.98608 -3.68296 
v -3.62979 6.98617 -3.66644 
v -3.67607 7.06375 -3.88148 
v -3.67607 7.06375 -3.88148 
v -3.59312 7.06375 -3.86166 
v -3.56508 7.0089 -3.75586 
v -3.59066 6.98613 -3.64386 
v -3.51222 7.00894 -3.72173 
v -3.51414 7.06375 -3.82957 
v -3.55532 6.98606 -3.61569 
v -3.46653 7.00912 -3.68176 
v -3.52461 6.98617 -3.58256 
v -3.62979 6.98617 -3.66644 
v -3.59066 6.98613 -3.64386 
v -3.55532 6.98606 -3.61569 
v -3.52461 6.98616 -3.20559 
v -3.59064 6.98601 -3.14428 
v -3.67186 6.9861 -3.10519 
v -3.63909 7.00907 -2.99911 
v -3.76096 6.98618 -3.09178 
v -3.67186 6.9861 -3.10519 
v -3.76096 7.00988 -2.97939 
v -3.76096 7.06314 -2.89986 
v -3.6145 7.0629 -2.92179 
v -3.60214 7.11394 -2.88003 
v -3.76096 7.11403 -2.85669 
v -3.76096 7.17749 -2.81703 
v -3.59027 7.17749 -2.84212 
v -3.52461 6.98617 -3.58256 
v -3.4893 6.98586 -3.5249 
v -3.46623 6.98611 -3.46135 
v -3.45947 6.98602 -3.37148 
v -3.47955 6.98616 -3.28363 
v -3.52816 7.00896 -3.05251 
v -3.59064 6.98601 -3.14428 
v -3.52461 6.98616 -3.20559 
v -3.4808 7.06285 -2.98566 
v -3.45674 7.11387 -2.94931 
v -3.43516 7.17749 -2.91585 
v -3.58432 7.28358 -2.82137 
v -3.76096 7.28358 -2.79551 
v -3.44016 7.06375 -3.7808 
v -3.42654 7.00943 -3.63564 
v -3.38978 7.06375 -3.72851 
v -3.4893 6.98586 -3.5249 
v -3.38955 7.00867 -3.57301 
v -3.46623 6.98611 -3.46135 
v -3.35797 7.00903 -3.48601 
v -3.44016 7.06375 -3.7808 
v -3.36136 7.12324 -3.76161 
v -3.38978 7.06375 -3.72851 
v -3.3454 7.06375 -3.67533 
v -3.31532 7.06188 -3.60756 
v -3.27547 7.11304 -3.62729 
v -3.27802 7.06325 -3.50363 
v -3.31129 7.11491 -3.69645 
v -3.3454 7.06375 -3.67533 
v -3.28109 7.1789 -3.71809 
v -3.31129 7.11491 -3.69645 
v -3.23953 7.17749 -3.64552 
v -3.23623 7.11381 -3.51349 
v -3.19734 7.17749 -3.52206 
v -3.26644 7.0632 -3.35704 
v -3.34874 7.00892 -3.36325 
v -3.47955 6.98616 -3.28363 
v -3.45947 6.98602 -3.37148 
v -3.37483 7.00974 -3.24259 
v -3.43672 7.00976 -3.13543 
v -3.37311 7.06345 -3.08663 
v -3.34012 7.11405 -3.05945 
v -3.30951 7.17749 -3.03424 
v -3.29971 7.06359 -3.21401 
v -3.22346 7.11386 -3.35366 
v -3.2603 7.11405 -3.19797 
v -3.18371 7.17749 -3.35129 
v -3.2234 7.17749 -3.18341 
v -3.33627 7.19618 -3.78899 
v -3.28109 7.1789 -3.71809 
v -3.29277 7.28358 -3.02073 
v -3.26395 7.28286 -3.72817 
v -3.32482 7.28976 -3.80125 
v -3.26258 7.38168 -3.72896 
v -3.20346 7.28358 -3.17526 
v -3.42287 7.28358 -2.89809 
v -3.26395 7.28286 -3.72817 
v -3.17652 7.28358 -3.52716 
v -3.16223 7.28358 -3.34927 
v -3.26258 7.38168 -3.72896 
v -3.22105 7.28358 -3.65461 
v -3.21984 7.38155 -3.6549 
v -3.68206 8.00817 -3.9518 
v -3.68389 8.04498 -3.93538 
v -3.67919 7.96381 -3.97136 
v -3.67551 8.11119 -3.88467 
v -3.59806 7.96409 -3.95298 
v -3.60299 8.00815 -3.93418 
v -3.6049 8.04484 -3.91779 
v -3.5364 8.0083 -3.90942 
v -3.53078 7.96482 -3.92798 
v -3.47748 8.04522 -3.86078 
v -3.46054 7.96704 -3.89104 
v -3.59201 8.11119 -3.86471 
v -3.51252 8.11119 -3.83238 
v -3.43275 8.11119 -3.77876 
v -3.76096 7.9922 -2.81584 
v -3.76096 7.8938 -2.79659 
v -3.59214 7.9922 -2.8402 
v -3.58494 7.8938 -2.8223 
v -3.58427 7.54722 -2.82124 
v -3.76096 7.54723 -2.79537 
v -3.60368 8.05707 -2.87656 
v -3.61498 8.10989 -2.91479 
v -3.76096 8.16428 -2.97787 
v -3.76096 8.10989 -2.89303 
v -3.48096 8.10989 -2.97945 
v -3.63824 8.16456 -2.99618 
v -3.45828 8.05789 -2.94583 
v -3.76096 8.05655 -2.85366 
v -3.43736 7.9922 -2.91332 
v -3.42465 7.8938 -2.8983 
v -3.42277 7.54723 -2.89793 
v -3.31104 7.9922 -3.03083 
v -3.4163 8.04681 -3.81743 
v -3.38729 8.11119 -3.73059 
v -3.37253 8.10989 -3.08105 
v -3.3411 8.05838 -3.0555 
v -3.52628 8.16483 -3.04989 
v -3.69099 8.16458 -3.80374 
v -3.67551 8.11119 -3.88467 
v -3.59201 8.11119 -3.86471 
v -3.62551 8.16478 -3.78656 
v -3.71618 8.18783 -3.69119 
v -3.67239 8.1879 -3.68121 
v -3.56727 8.165 -3.7612 
v -3.63059 8.1878 -3.66478 
v -3.71618 8.18783 -3.69119 
v -3.67239 8.1879 -3.68121 
v -3.63059 8.1878 -3.66478 
v -3.51252 8.11119 -3.83238 
v -3.50241 8.16492 -3.71685 
v -3.43275 8.11119 -3.77876 
v -3.38729 8.11119 -3.73059 
v -3.46176 8.16473 -3.68013 
v -3.42186 8.16479 -3.63183 
v -3.51673 8.18787 -3.5662 
v -3.5822 8.18787 -3.63411 
v -3.54944 8.18792 -3.60572 
v -3.38628 8.16553 -3.57453 
v -3.49097 8.18801 -3.5241 
v -3.67239 8.18793 -3.10693 
v -3.67239 8.18793 -3.10693 
v -3.59169 8.18787 -3.14581 
v -3.76096 8.18768 -3.09363 
v -3.52604 8.18783 -3.20673 
v -3.48126 8.18783 -3.2843 
v -3.5822 8.18787 -3.63411 
v -3.54944 8.18792 -3.60572 
v -3.51673 8.18787 -3.5662 
v -3.49097 8.18801 -3.5241 
v -3.59169 8.18787 -3.14581 
v -3.46801 8.18788 -3.46094 
v -3.37344 8.16442 -3.24197 
v -3.52604 8.18783 -3.20673 
v -3.43549 8.16439 -3.13454 
v -3.35495 8.16465 -3.48676 
v -3.46801 8.18788 -3.46094 
v -3.4613 8.18797 -3.37162 
v -3.34548 8.16494 -3.36293 
v -3.48126 8.18783 -3.2843 
v -3.4613 8.18797 -3.37162 
v -3.32504 7.48795 -3.8026 
v -3.32507 7.58653 -3.80269 
v -3.26258 7.48839 -3.72896 
v -3.26258 7.58585 -3.72896 
v -3.32495 7.68188 -3.80258 
v -3.32478 7.39366 -3.80234 
v -3.26258 7.68786 -3.72895 
v -3.21986 7.58889 -3.65492 
v -3.26258 7.58585 -3.72896 
v -3.26258 7.48839 -3.72896 
v -3.21985 7.48755 -3.6549 
v -3.26258 7.68786 -3.72895 
v -3.3246 7.78486 -3.80222 
v -3.32426 7.88384 -3.80122 
v -3.26258 7.78829 -3.72895 
v -3.26258 7.89285 -3.72895 
v -3.26258 7.89285 -3.72895 
v -3.22003 7.79428 -3.65521 
v -3.26258 7.78829 -3.72895 
v -3.21989 7.6883 -3.65498 
v -3.22165 7.8938 -3.65541 
v -3.29267 7.54722 -3.02064 
v -3.20333 7.54722 -3.17521 
v -3.20471 7.8938 -3.17518 
v -3.29439 7.8938 -3.02056 
v -3.17759 7.8938 -3.52733 
v -3.17629 7.54722 -3.52752 
v -3.16204 7.54722 -3.34927 
v -3.16335 7.8938 -3.34972 
v -3.31191 8.06072 -3.69631 
v -3.33505 7.97662 -3.78896 
v -3.35922 8.05106 -3.76216 
v -3.28003 7.99178 -3.7187 
v -3.34258 8.11119 -3.67695 
v -3.34258 8.11119 -3.67695 
v -3.31223 8.10989 -3.61227 
v -3.27592 8.10989 -3.50617 
v -3.27529 8.05954 -3.63038 
v -3.24012 7.9922 -3.64855 
v -3.28003 7.99178 -3.7187 
v -3.19674 7.9922 -3.52408 
v -3.31191 8.06072 -3.69631 
v -3.23553 8.05971 -3.51569 
v -3.26007 8.05923 -3.195 
v -3.29814 8.10989 -3.21034 
v -3.22337 7.9922 -3.18069 
v -3.26451 8.10989 -3.35624 
v -3.1828 7.9922 -3.3508 
v -3.22268 8.0601 -3.35294 
v -3.80641 7.17233 -3.95675 
v -3.80353 7.21007 -3.97409 
v -3.76096 7.17231 -3.96068 
v -3.76096 7.13418 -3.94292 
v -3.76096 7.20996 -3.97777 
v -3.83902 7.16837 -3.90861 
v -3.82851 7.2273 -3.89499 
v -3.80411 7.16815 -3.91153 
v -3.84931 7.22734 -3.89255 
v -3.83015 7.31802 -3.90921 
v -3.82886 7.23133 -3.89683 
v -3.84924 7.23144 -3.89445 
v -3.79666 7.22651 -3.89738 
v -3.79782 7.31747 -3.91196 
v -3.79706 7.23052 -3.89946 
v -3.75441 7.3174 -3.91565 
v -3.75436 7.23055 -3.90318 
v -3.75491 7.22655 -3.90102 
v -3.79317 7.27774 -3.98599 
v -3.76096 7.27777 -3.98877 
v -3.75973 7.28121 -3.97482 
v -3.79601 7.28121 -3.9717 
v -3.79472 7.30004 -3.98952 
v -3.80703 7.36097 -3.98905 
v -3.76096 7.36015 -3.99297 
v -3.76096 7.3001 -3.9924 
v -3.79472 7.30004 -3.98952 
v -3.76096 7.3001 -3.9924 
v -3.85073 7.31771 -3.90678 
v -3.88675 7.31359 -3.89741 
v -3.79601 7.28121 -3.9717 
v -3.75973 7.28121 -3.97482 
v -3.75763 7.42229 -3.95413 
v -3.88431 7.22689 -3.8832 
v -3.88462 7.23103 -3.8851 
v -3.92035 7.23058 -3.87565 
v -3.92144 7.30276 -3.88833 
v -3.87628 7.7792 -3.98781 
v -3.86965 7.76387 -3.98953 
v -3.875 7.7639 -3.98815 
v -3.86765 7.7585 -3.99004 
v -3.86665 7.7585 -3.98615 
v -3.87399 7.7639 -3.98426 
v -3.88262 7.77919 -3.98202 
v -3.8569 7.7791 -3.99214 
v -3.89078 7.80494 -3.98393 
v -3.88135 7.80501 -3.98636 
v -3.88363 7.77924 -3.98591 
v -3.88292 7.83262 -3.98581 
v -3.88978 7.80483 -3.98004 
v -3.89179 7.83246 -3.97937 
v -3.8928 7.83258 -3.98326 
v -3.88171 7.86024 -3.98597 
v -3.89097 7.86024 -3.98356 
v -3.88506 7.88472 -3.98316 
v -3.87725 7.88468 -3.98519 
v -3.88996 7.86013 -3.97967 
v -3.88406 7.88408 -3.97932 
v -3.85704 7.80496 -3.99197 
v -3.85735 7.86013 -3.9916 
v -3.8572 7.83255 -3.99179 
v -3.87401 7.90114 -3.98339 
v -3.86889 7.9011 -3.98472 
v -3.86701 7.90575 -3.98446 
v -3.85729 7.88458 -3.98971 
v -3.87301 7.90053 -3.97955 
v -3.86601 7.90514 -3.98062 
v -3.85683 7.75748 -3.99216 
v -3.85685 7.76384 -3.99216 
v -3.84695 7.75848 -3.993 
v -3.84661 7.75848 -3.989 
v -3.85649 7.75748 -3.98816 
v -3.83908 7.7638 -3.98964 
v -3.76096 7.43726 -3.99327 
v -3.83942 7.7638 -3.99364 
v -3.83049 7.77908 -3.99439 
v -3.83015 7.77905 -3.99039 
v -3.79763 7.40792 -3.91266 
v -3.82982 7.40848 -3.90992 
v -3.75441 7.40785 -3.91634 
v -3.838 7.77907 -3.99375 
v -3.83268 7.80484 -3.99405 
v -3.83137 7.83243 -3.99398 
v -3.83299 7.86005 -3.99367 
v -3.82335 7.85995 -3.9945 
v -3.8385 7.88453 -3.99133 
v -3.8305 7.88446 -3.99202 
v -3.82302 7.8047 -3.99487 
v -3.82268 7.80459 -3.99087 
v -3.8212 7.8323 -3.99485 
v -3.82086 7.83212 -3.99085 
v -3.823 7.85975 -3.99049 
v -3.83017 7.88376 -3.98808 
v -3.85702 7.90106 -3.98714 
v -3.85693 7.90669 -3.98626 
v -3.84791 7.90565 -3.98721 
v -3.84756 7.90503 -3.98325 
v -3.85659 7.90606 -3.98231 
v -3.72468 7.23067 -3.89949 
v -3.69287 7.23148 -3.89686 
v -3.72418 7.31747 -3.91197 
v -3.72431 7.22647 -3.89729 
v -3.69251 7.22727 -3.8949 
v -3.67222 7.23142 -3.89436 
v -3.69185 7.31802 -3.90922 
v -3.63522 7.31371 -3.89744 
v -3.67114 7.31772 -3.90678 
v -3.61374 7.11065 -3.90336 
v -3.69745 7.10794 -3.91823 
v -3.62347 7.13466 -3.92342 
v -3.54072 7.14432 -3.89962 
v -3.6525 7.16868 -3.9025 
v -3.63674 7.2268 -3.88292 
v -3.61749 7.17021 -3.8941 
v -3.60116 7.22665 -3.87356 
v -3.58645 7.17249 -3.88683 
v -3.52476 7.11633 -3.87436 
v -3.5856 7.22479 -3.86697 
v -3.55826 7.1769 -3.87652 
v -3.67211 7.22726 -3.89238 
v -3.6371 7.23131 -3.88513 
v -3.60137 7.231 -3.87571 
v -3.60049 7.30287 -3.88833 
v -3.583 7.30518 -3.88202 
v -3.5837 7.23969 -3.87357 
v -3.5856 7.22479 -3.86697 
v -3.57383 7.234 -3.86635 
v -3.54427 7.1946 -3.87916 
v -3.56238 7.28078 -3.86844 
v -3.57383 7.234 -3.86635 
v -3.55826 7.1769 -3.87652 
v -3.52727 7.26886 -3.89271 
v -3.56238 7.28078 -3.86844 
v -3.72434 7.40793 -3.91266 
v -3.69215 7.40849 -3.90992 
v -3.67154 7.40953 -3.9075 
v -3.84491 7.76381 -3.99317 
v -3.85685 7.76384 -3.99216 
v -3.8569 7.7791 -3.99214 
v -3.84695 7.75848 -3.993 
v -3.83942 7.7638 -3.99364 
v -3.838 7.77907 -3.99375 
v -3.8305 7.88446 -3.99202 
v -3.8385 7.88453 -3.99133 
v -3.84102 7.90096 -3.98854 
v -3.85729 7.88458 -3.98971 
v -3.85702 7.90106 -3.98714 
v -3.84616 7.90104 -3.98808 
v -3.84791 7.90565 -3.98721 
v -3.84756 7.90503 -3.98325 
v -3.84068 7.90034 -3.98459 
v -3.83017 7.88376 -3.98808 
v -3.72835 7.27771 -3.986 
v -3.76096 7.27777 -3.98877 
v -3.76096 7.3001 -3.9924 
v -3.76096 7.17231 -3.96068 
v -3.76096 7.20996 -3.97777 
v -3.71836 7.21006 -3.97409 
v -3.71313 7.17225 -3.9565 
v -3.76096 7.13418 -3.94292 
v -3.702 7.1333 -3.9374 
v -3.76096 7.25581 -3.98521 
v -3.72698 7.25575 -3.98232 
v -3.72835 7.27771 -3.986 
v -3.69291 7.25571 -3.97939 
v -3.72698 7.25575 -3.98232 
v -3.65724 7.17205 -3.95006 
v -3.67205 7.21007 -3.97007 
v -3.69291 7.25571 -3.97939 
v -3.66043 7.25567 -3.97617 
v -3.72553 7.28115 -3.9717 
v -3.6968 7.27766 -3.98331 
v -3.69249 7.28109 -3.96889 
v -3.65029 7.90672 -3.98311 
v -3.65903 7.90565 -3.98555 
v -3.66003 7.90504 -3.98171 
v -3.65129 7.9061 -3.97926 
v -3.64254 7.90517 -3.97714 
v -3.64154 7.90579 -3.98098 
v -3.71626 7.1681 -3.91138 
v -3.72553 7.28115 -3.9717 
v -3.75973 7.28121 -3.97482 
v -3.68213 7.16835 -3.90853 
v -3.65724 7.17205 -3.95006 
v -3.62347 7.13466 -3.92342 
v -3.702 7.1333 -3.9374 
v -3.69249 7.28109 -3.96889 
v -3.6525 7.16868 -3.9025 
v -3.62732 7.21013 -3.95985 
v -3.67205 7.21007 -3.97007 
v -3.66043 7.25567 -3.97617 
v -3.6968 7.27766 -3.98331 
v -3.66043 7.25567 -3.97617 
v -3.69291 7.25571 -3.97939 
v -3.66488 7.28107 -3.96653 
v -3.67607 7.06375 -3.88148 
v -3.69745 7.10794 -3.91823 
v -3.61374 7.11065 -3.90336 
v -3.76096 7.27777 -3.98877 
v -3.72698 7.25575 -3.98232 
v -3.76096 7.25581 -3.98521 
v -3.75973 7.28121 -3.97482 
v -3.76096 7.27777 -3.98877 
v -3.72835 7.27771 -3.986 
v -3.75973 7.28121 -3.97482 
v -3.72835 7.27771 -3.986 
v -3.72553 7.28115 -3.9717 
v -3.7272 7.30004 -3.98952 
v -3.76096 7.3001 -3.9924 
v -3.76096 7.36015 -3.99297 
v -3.7272 7.30004 -3.98952 
v -3.76096 7.3001 -3.9924 
v -3.71505 7.36097 -3.98907 
v -3.69328 7.29998 -3.98664 
v -3.72553 7.28115 -3.9717 
v -3.6968 7.27766 -3.98331 
v -3.69328 7.29998 -3.98664 
v -3.69249 7.28109 -3.96889 
v -3.66734 7.27763 -3.98077 
v -3.66734 7.27763 -3.98077 
v -3.69249 7.28109 -3.96889 
v -3.66488 7.28107 -3.96653 
v -3.63562 7.27744 -3.97341 
v -3.67141 7.36069 -3.98535 
v -3.66007 7.29991 -3.98348 
v -3.66007 7.29991 -3.98348 
v -3.66488 7.28107 -3.96653 
v -3.75763 7.42229 -3.95413 
v -3.75973 7.28121 -3.97482 
v -3.72553 7.28115 -3.9717 
v -3.72317 7.42252 -3.95063 
v -3.69249 7.28109 -3.96889 
v -3.68111 7.42322 -3.94705 
v -3.66488 7.28107 -3.96653 
v -3.61749 7.17021 -3.8941 
v -3.63602 7.28087 -3.95904 
v -3.62197 7.36022 -3.97418 
v -3.65037 7.42511 -3.94121 
v -3.63602 7.28087 -3.95904 
v -3.59312 7.06375 -3.86166 
v -3.52476 7.11633 -3.87436 
v -3.51414 7.06375 -3.82957 
v -3.58418 7.40332 -3.88336 
v -3.583 7.30518 -3.88202 
v -3.60049 7.30287 -3.88833 
v -3.44826 7.1229 -3.83428 
v -3.44016 7.06375 -3.7808 
v -3.36136 7.12324 -3.76161 
v -3.35866 7.31766 -3.83173 
v -3.32482 7.28976 -3.80125 
v -3.36453 7.26418 -3.83039 
v -3.32478 7.39366 -3.80234 
v -3.33627 7.19618 -3.78899 
v -3.76096 7.43726 -3.99327 
v -3.63562 7.27744 -3.97341 
v -3.66734 7.27763 -3.98077 
v -3.66488 7.28107 -3.96653 
v -3.62732 7.21013 -3.95985 
v -3.66043 7.25567 -3.97617 
v -3.62674 7.25545 -3.96743 
v -3.5919 7.17404 -3.93395 
v -3.67205 7.21007 -3.97007 
v -3.57747 7.21202 -3.9471 
v -3.53856 7.21497 -3.93172 
v -3.59422 7.25528 -3.95893 
v -3.65724 7.17205 -3.95006 
v -3.62347 7.13466 -3.92342 
v -3.53954 7.18139 -3.91771 
v -3.66488 7.28107 -3.96653 
v -3.61749 7.17021 -3.8941 
v -3.63602 7.28087 -3.95904 
v -3.62674 7.25545 -3.96743 
v -3.66043 7.25567 -3.97617 
v -3.59422 7.25528 -3.95893 
v -3.60377 7.27723 -3.96515 
v -3.58645 7.17249 -3.88683 
v -3.60623 7.28067 -3.95132 
v -3.57998 7.27699 -3.95892 
v -3.49934 7.22766 -3.91642 
v -3.56613 7.25564 -3.95133 
v -3.47524 7.25299 -3.90936 
v -3.5546 7.2617 -3.94725 
v -3.56613 7.25564 -3.95133 
v -3.57447 7.27684 -3.95745 
v -3.57207 7.27677 -3.95681 
v -3.5546 7.2617 -3.94725 
v -3.54839 7.27468 -3.94679 
v -3.52727 7.26886 -3.89271 
v -3.57201 7.28055 -3.94238 
v -3.57511 7.28056 -3.94319 
v -3.46619 7.28437 -3.90935 
v -3.54839 7.27468 -3.94679 
v -3.55826 7.1769 -3.87652 
v -3.58068 7.28058 -3.94466 
v -3.54072 7.14432 -3.89962 
v -3.48219 7.19291 -3.89756 
v -3.47889 7.15196 -3.87302 
v -3.44904 7.21356 -3.88406 
v -3.55826 7.1769 -3.87652 
v -3.54427 7.1946 -3.87916 
v -3.58068 7.28058 -3.94466 
v -3.57511 7.28056 -3.94319 
v -3.52727 7.26886 -3.89271 
v -3.41872 7.25486 -3.872 
v -3.57511 7.28056 -3.94319 
v -3.63602 7.28087 -3.95904 
v -3.63602 7.28087 -3.95904 
v -3.63562 7.27744 -3.97341 
v -3.60377 7.27723 -3.96515 
v -3.60623 7.28067 -3.95132 
v -3.60623 7.28067 -3.95132 
v -3.62478 7.29967 -3.97433 
v -3.66007 7.29991 -3.98348 
v -3.62478 7.29967 -3.97433 
v -3.66007 7.29991 -3.98348 
v -3.62197 7.36022 -3.97418 
v -3.56485 7.35954 -3.95906 
v -3.59131 7.29944 -3.96565 
v -3.57998 7.27699 -3.95892 
v -3.58068 7.28058 -3.94466 
v -3.57447 7.27684 -3.95745 
v -3.55266 7.28969 -3.95138 
v -3.58068 7.28058 -3.94466 
v -3.57511 7.28056 -3.94319 
v -3.56342 7.29873 -3.9578 
v -3.59131 7.29944 -3.96565 
v -3.51658 7.35212 -3.93731 
v -3.56342 7.29873 -3.9578 
v -3.57201 7.28055 -3.94238 
v -3.55266 7.28969 -3.95138 
v -3.46817 7.31395 -3.91331 
v -3.48902 7.33699 -3.92477 
v -3.52476 7.11633 -3.87436 
v -3.44826 7.1229 -3.83428 
v -3.42432 7.17354 -3.84821 
v -3.36136 7.12324 -3.76161 
v -3.39009 7.20122 -3.83823 
v -3.36453 7.26418 -3.83039 
v -3.33627 7.19618 -3.78899 
v -3.40091 7.30348 -3.86817 
v -3.35866 7.31766 -3.83173 
v -3.36299 7.37798 -3.83605 
v -3.46281 7.42527 -3.91021 
v -3.43358 7.40058 -3.89066 
v -3.45155 7.53394 -3.90259 
v -3.38925 7.54799 -3.85925 
v -3.37554 7.46143 -3.84718 
v -3.32504 7.48795 -3.8026 
v -3.32478 7.39366 -3.80234 
v -3.60931 7.42436 -3.93063 
v -3.63602 7.28087 -3.95904 
v -3.60623 7.28067 -3.95132 
v -3.57754 7.42398 -3.92194 
v -3.58068 7.28058 -3.94466 
v -3.52727 7.26886 -3.89271 
v -3.53828 7.34652 -3.90395 
v -3.57201 7.28055 -3.94238 
v -3.55052 7.42354 -3.90982 
v -3.57511 7.28056 -3.94319 
v -3.46619 7.28437 -3.90935 
v -3.46817 7.31395 -3.91331 
v -3.40732 7.35685 -3.87284 
v -3.60049 7.30287 -3.88833 
v -3.63522 7.31371 -3.89744 
v -3.63571 7.41064 -3.89826 
v -3.57282 7.32681 -3.87773 
v -3.58418 7.40332 -3.88336 
v -3.57282 7.32681 -3.87773 
v -3.583 7.30518 -3.88202 
v -3.56238 7.28078 -3.86844 
v -3.56238 7.28078 -3.86844 
v -3.40091 7.30348 -3.86817 
v -3.36299 7.37798 -3.83605 
v -3.71505 7.36097 -3.98907 
v -3.76096 7.43726 -3.99327 
v -3.70028 7.43657 -3.98811 
v -3.67141 7.36069 -3.98535 
v -3.64232 7.43438 -3.9797 
v -3.68841 7.51937 -3.98709 
v -3.76096 7.52062 -3.99327 
v -3.66878 7.76384 -3.98844 
v -3.67774 7.77908 -3.98919 
v -3.66844 7.76384 -3.99245 
v -3.66988 7.7791 -3.99256 
v -3.66298 7.76384 -3.99198 
v -3.66081 7.75851 -3.98759 
v -3.65024 7.75755 -3.989 
v -3.65125 7.75756 -3.98511 
v -3.64166 7.75862 -3.98263 
v -3.61429 7.51881 -3.97243 
v -3.65981 7.75851 -3.99148 
v -3.65022 7.76391 -3.989 
v -3.65015 7.77919 -3.98898 
v -3.67154 7.40953 -3.9075 
v -3.65037 7.42511 -3.94121 
v -3.6774 7.77911 -3.9932 
v -3.68472 7.80473 -3.99366 
v -3.68683 7.83215 -3.98964 
v -3.68649 7.83233 -3.99364 
v -3.68506 7.80462 -3.98966 
v -3.67506 7.80487 -3.99284 
v -3.67637 7.83246 -3.99278 
v -3.68474 7.85978 -3.98929 
v -3.6844 7.85997 -3.99329 
v -3.64995 7.80504 -3.98878 
v -3.64979 7.83263 -3.98859 
v -3.67475 7.86007 -3.99247 
v -3.66949 7.88455 -3.99012 
v -3.64964 7.86021 -3.9884 
v -3.64993 7.88461 -3.98656 
v -3.66189 7.90105 -3.98688 
v -3.65903 7.90565 -3.98555 
v -3.6502 7.90109 -3.98399 
v -3.65029 7.90672 -3.98311 
v -3.64065 7.75861 -3.98652 
v -3.62197 7.36022 -3.97418 
v -3.57426 7.43402 -3.96215 
v -3.63329 7.76403 -3.98462 
v -3.63865 7.76399 -3.98601 
v -3.63205 7.77931 -3.9843 
v -3.6343 7.76403 -3.98073 
v -3.6257 7.77929 -3.9785 
v -3.56485 7.35954 -3.95906 
v -3.51128 7.43396 -3.93525 
v -3.53306 7.52392 -3.94496 
v -3.46281 7.42527 -3.91021 
v -3.45155 7.53394 -3.90259 
v -3.60118 7.40796 -3.88935 
v -3.43358 7.40058 -3.89066 
v -3.62684 7.80513 -3.98277 
v -3.62649 7.86034 -3.98238 
v -3.63119 7.88475 -3.98168 
v -3.63969 7.90113 -3.98124 
v -3.64154 7.90579 -3.98098 
v -3.63464 7.90116 -3.97993 
v -3.62523 7.83274 -3.9822 
v -3.62469 7.77935 -3.98239 
v -3.61741 7.80506 -3.98033 
v -3.61842 7.80494 -3.97645 
v -3.6153 7.8327 -3.97962 
v -3.62337 7.88478 -3.97965 
v -3.61723 7.86034 -3.97997 
v -3.64254 7.90517 -3.97714 
v -3.61631 7.83259 -3.97573 
v -3.61824 7.86023 -3.97608 
v -3.62437 7.88415 -3.97581 
v -3.63564 7.90054 -3.97609 
v -3.37554 7.46143 -3.84718 
v -3.6844 7.85997 -3.99329 
v -3.67749 7.88448 -3.99081 
v -3.67475 7.86007 -3.99247 
v -3.68474 7.85978 -3.98929 
v -3.67783 7.88378 -3.98687 
v -3.66949 7.88455 -3.99012 
v -3.66711 7.90096 -3.98734 
v -3.66744 7.90034 -3.98338 
v -3.66189 7.90105 -3.98688 
v -3.66003 7.90504 -3.98171 
v -3.65903 7.90565 -3.98555 

vn -0.425197 -0.023622 -0.905512 
vn -0.307087 -0.015748 -0.952756 
vn -0.362205 -0.0708661 -0.929134 
vn -0.354331 0 -0.937008 
vn -0.251969 -0.0629921 -0.968504 
vn -0.377953 -0.259843 -0.889764 
vn -0.307087 -0.102362 -0.944882 
vn -0.283465 -0.322835 -0.905512 
vn -0.448819 0 -0.897638 
vn -0.283465 -0.00787402 -0.96063 
vn -0.330709 0 -0.944882 
vn -0.338583 -0.440945 -0.826772 
vn -0.370079 0 -0.929134 
vn -0.346457 0 -0.937008 
vn -0.370079 0 -0.929134 
vn -0.346457 0 -0.937008 
vn -0.322835 0 -0.944882 
vn -0.354331 0 -0.937008 
vn -0.307087 -0.015748 -0.952756 
vn -0.433071 0 -0.897638 
vn -0.362205 0 -0.937008 
vn -0.362205 0 -0.937008 
vn -0.188976 -0.0944882 -0.976378 
vn -0.23622 -0.181102 -0.952756 
vn -0.173228 -0.228346 -0.96063 
vn -0.181102 -0.377953 -0.905512 
vn -0.212598 -0.511811 -0.834646 
vn -0.23622 -0.0393701 -0.968504 
vn -0.23622 -0.472441 -0.850394 
vn -0.188976 -0.0708661 -0.976378 
vn -0.228346 -0.0472441 -0.968504 
vn -0.251969 -0.0629921 -0.968504 
vn -0.173228 -0.0708661 -0.984252 
vn -0.188976 -0.0944882 -0.976378 
vn -0.275591 -0.00787402 -0.96063 
vn -0.283465 -0.464567 -0.84252 
vn -0.330709 0 -0.944882 
vn -0.346457 0 -0.937008 
vn -0.370079 -0.385827 -0.84252 
vn -0.464567 -0.212598 -0.858268 
vn -0.535433 -0.15748 -0.834646 
vn -0.338583 -0.488189 -0.80315 
vn -0.448819 -0.448819 -0.771654 
vn -0.417323 -0.15748 -0.897638 
vn -0.338583 -0.440945 -0.826772 
vn -0.574803 -0.0472441 -0.818898 
vn -0.307087 -0.141732 -0.944882 
vn -0.299213 -0.141732 -0.944882 
vn -0.354331 -0.165354 -0.92126 
vn -0.299213 -0.181102 -0.937008 
vn -0.181102 -0.480315 -0.858268 
vn -0.212598 -0.590551 -0.771654 
vn -0.0866142 -0.614173 -0.787402 
vn -0.251969 -0.275591 -0.929134 
vn -0.188976 -0.283465 -0.937008 
vn -0.244094 -0.314961 -0.92126 
vn -0.188976 -0.181102 -0.96063 
vn -0.314961 -0.267717 -0.913386 
vn -0.23622 -0.181102 -0.952756 
vn -0.267717 -0.141732 -0.952756 
vn -0.23622 -0.141732 -0.96063 
vn -0.346457 0 -0.937008 
vn -0.417323 -0.15748 -0.897638 
vn -0.346457 0 -0.937008 
vn -0.346457 0 -0.937008 
vn -0.346457 0 -0.937008 
vn -0.322835 0 -0.944882 
vn -0.330709 0 -0.944882 
vn -0.275591 -0.00787402 -0.96063 
vn -0.283465 -0.00787402 -0.96063 
vn -0.330709 0 -0.944882 
vn -0.346457 0 -0.937008 
vn -0.322835 0 -0.944882 
vn -0.283465 -0.00787402 -0.96063 
vn -0.228346 -0.0472441 -0.968504 
vn -0.23622 -0.0393701 -0.968504 
vn -0.188976 -0.0708661 -0.976378 
vn -0.23622 -0.0393701 -0.968504 
vn -0.188976 -0.0708661 -0.976378 
vn -0.23622 -0.0393701 -0.968504 
vn -0.188976 -0.0708661 -0.976378 
vn -0.204724 0 -0.976378 
vn -0.346457 0 -0.937008 
vn -0.401575 0 -0.913386 
vn -0.346457 0 -0.937008 
vn -0.346457 0 -0.937008 
vn -0.354331 0 -0.937008 
vn -0.370079 0 -0.929134 
vn -0.322835 0 -0.944882 
vn -0.322835 0 -0.944882 
vn -0.566929 0 -0.826772 
vn -0.244094 -0.0944882 -0.968504 
vn -0.19685 -0.0944882 -0.976378 
vn -0.188976 -0.141732 -0.968504 
vn -0.307087 -0.0944882 -0.944882 
vn -0.354331 -0.0944882 -0.929134 
vn -0.259843 -0.015748 -0.968504 
vn -0.19685 -0.015748 -0.984252 
vn -0.322835 -0.023622 -0.944882 
vn -0.0708661 -0.291339 -0.952756 
vn -0.0866142 -0.527559 -0.84252 
vn -0.125984 -0.480315 -0.866142 
vn -0.125984 -0.0866142 -0.984252 
vn -0.0629921 -0.15748 -0.984252 
vn -0.125984 -0.125984 -0.984252 
vn -0.11811 -0.0944882 -0.992126 
vn -0.125984 -0.125984 -0.984252 
vn -0.0629921 -0.102362 -0.992126 
vn -0.0629921 -0.15748 -0.984252 
vn 0 -0.614173 -0.795276 
vn 0 -0.527559 -0.850394 
vn 0 -0.173228 -0.984252 
vn 0 -0.291339 -0.96063 
vn 0 -0.11811 -0.992126 
vn 0 -0.173228 -0.984252 
vn -0.0944882 -0.188976 -0.976378 
vn -0.0472441 -0.188976 -0.984252 
vn -0.0551181 -0.291339 -0.952756 
vn 0.015748 -0.188976 -0.984252 
vn 0.015748 -0.283465 -0.96063 
vn -0.0787402 -0.322835 -0.944882 
vn -0.15748 -0.322835 -0.937008 
vn -0.11811 -0.291339 -0.952756 
vn -0.0787402 -0.472441 -0.88189 
vn -0.181102 -0.283465 -0.944882 
vn -0.141732 -0.181102 -0.968504 
vn -0.0708661 -0.480315 -0.874016 
vn -0.0708661 -0.283465 -0.952756 
vn 0.00787402 -0.480315 -0.874016 
vn 0.015748 -0.314961 -0.944882 
vn 0.015748 -0.464567 -0.88189 
vn 0.023622 -0.283465 -0.96063 
vn 0.015748 -0.141732 -0.992126 
vn -0.125984 -0.0866142 -0.984252 
vn -0.149606 -0.141732 -0.976378 
vn -0.0944882 -0.141732 -0.984252 
vn -0.0944882 -0.0944882 -0.992126 
vn -0.149606 -0.0944882 -0.984252 
vn -0.125984 -0.015748 -0.992126 
vn -0.0472441 -0.0944882 -0.992126 
vn -0.0472441 -0.141732 -0.992126 
vn 0.015748 -0.0944882 -0.992126 
vn 0.015748 -0.015748 -1 
vn -0.0551181 -0.015748 -1 
vn -0.165354 -0.464567 -0.866142 
vn -0.606299 -0.535433 -0.582677 
vn -0.535433 -0.377953 -0.755906 
vn -0.488189 -0.535433 -0.692913 
vn -0.362205 -0.566929 -0.740157 
vn -0.653543 -0.0866142 -0.748031 
vn -0.606299 -0.275591 -0.748031 
vn -0.685039 -0.314961 -0.653543 
vn -0.582677 0 -0.811024 
vn -0.661417 -0.023622 -0.755906 
vn -0.645669 0 -0.76378 
vn -0.716535 -0.0944882 -0.692913 
vn -0.535433 -0.0629921 -0.84252 
vn -0.582677 -0.0944882 -0.80315 
vn -0.582677 -0.0393701 -0.811024 
vn -0.472441 -0.228346 -0.850394 
vn -0.433071 -0.259843 -0.866142 
vn -0.535433 -0.425197 -0.732283 
vn -0.566929 -0.251969 -0.779528 
vn -0.527559 -0.125984 -0.84252 
vn -0.448819 -0.149606 -0.88189 
vn -0.527559 -0.00787402 -0.850394 
vn -0.448819 -0.0629921 -0.889764 
vn -0.472441 -0.0787402 -0.88189 
vn -0.716535 -0.00787402 -0.692913 
vn -0.393701 -0.433071 -0.811024 
vn -0.291339 -0.283465 -0.913386 
vn -0.23622 -0.283465 -0.929134 
vn -0.338583 -0.291339 -0.897638 
vn -0.401575 -0.220472 -0.889764 
vn -0.393701 -0.133858 -0.913386 
vn -0.314961 -0.299213 -0.897638 
vn -0.307087 -0.0866142 -0.952756 
vn -0.299213 -0.275591 -0.913386 
vn -0.354331 -0.0787402 -0.929134 
vn -0.267717 -0.456693 -0.850394 
vn -0.409449 -0.0393701 -0.913386 
vn -0.362205 -0.259843 -0.897638 
vn -0.338583 -0.291339 -0.897638 
vn -0.385827 -0.141732 -0.913386 
vn -0.346457 -0.244094 -0.905512 
vn -0.385827 -0.141732 -0.913386 
vn -0.362205 -0.259843 -0.897638 
vn -0.456693 0 -0.889764 
vn -0.267717 0 -0.96063 
vn -0.385827 0 -0.92126 
vn -0.401575 0 -0.913386 
vn -0.267717 0 -0.96063 
vn -0.267717 0 -0.96063 
vn -0.244094 0 -0.968504 
vn -0.393701 0 -0.92126 
vn -0.519685 0 -0.858268 
vn -0.519685 0 -0.850394 
vn -0.133858 0 -0.992126 
vn -0.133858 0 -0.992126 
vn -0.519685 0 -0.858268 
vn -0.456693 0 -0.889764 
vn -0.354331 0 -0.937008 
vn -0.511811 0 -0.858268 
vn -0.448819 0 -0.897638 
vn -0.291339 0 -0.952756 
vn -0.614173 0 -0.787402 
vn -0.614173 0 -0.787402 
vn -0.251969 0 -0.968504 
vn -0.15748 0 -0.984252 
vn -0.15748 0 -0.984252 
vn -0.393701 0.0787402 -0.913386 
vn -0.275591 0.0787402 -0.96063 
vn -0.267717 0.283465 -0.92126 
vn -0.511811 0.0787402 -0.850394 
vn -0.614173 0 -0.787402 
vn -0.496063 0.283465 -0.818898 
vn -0.377953 0.283465 -0.88189 
vn -0.141732 0.0787402 -0.984252 
vn -0.133858 0.283465 -0.952756 
vn -0.125984 0 -0.992126 
vn 0 0 -1 
vn 0 0 -1 
vn 0 0 -1 
vn -0.141732 0 -0.992126 
vn -0.181102 0 -0.984252 
vn -0.181102 -0.0708661 -0.984252 
vn -0.244094 -0.0708661 -0.968504 
vn -0.125984 0 -0.992126 
vn -0.0708661 0 -1 
vn -0.0708661 0 -1 
vn -0.0787402 0 -1 
vn 0.00787402 0 -1 
vn 0.023622 0 -1 
vn 0.015748 0 -1 
vn 0.015748 0 -1 
vn -0.0708661 0 -1 
vn 0 0.0787402 -1 
vn 0 0.283465 -0.96063 
vn -0.11811 0.519685 -0.850394 
vn 0 0.519685 -0.850394 
vn 0 0.417323 -0.913386 
vn -0.629921 0 -0.779528 
vn -0.716535 0 -0.692913 
vn -0.716535 0 -0.692913 
vn -0.614173 0.0866142 -0.779528 
vn -0.716535 0 -0.692913 
vn -0.716535 0 -0.692913 
vn -0.716535 0.0866142 -0.692913 
vn -0.685039 0.307087 -0.653543 
vn -0.590551 0.299213 -0.748031 
vn -0.629921 0.511811 -0.582677 
vn -0.543307 0.496063 -0.677165 
vn -0.582677 0 -0.811024 
vn -0.488189 0 -0.874016 
vn -0.582677 0 -0.811024 
vn -0.448819 0.496063 -0.740157 
vn -0.582677 0 -0.811024 
vn 0.0944882 -0.527559 -0.84252 
vn 0.0944882 -0.614173 -0.787402 
vn 0.0472441 -0.188976 -0.984252 
vn 0.0551181 -0.291339 -0.952756 
vn 0.0944882 -0.188976 -0.976378 
vn 0.212598 -0.519685 -0.826772 
vn 0.11811 -0.291339 -0.952756 
vn 0.141732 -0.181102 -0.968504 
vn 0.0787402 -0.322835 -0.944882 
vn 0.0708661 -0.283465 -0.952756 
vn 0.0787402 -0.480315 -0.874016 
vn 0.0866142 -0.472441 -0.874016 
vn 0.125984 -0.283465 -0.952756 
vn 0.15748 -0.330709 -0.929134 
vn 0.125984 -0.480315 -0.866142 
vn 0.181102 -0.283465 -0.944882 
vn 0.181102 -0.480315 -0.858268 
vn 0.244094 -0.322835 -0.913386 
vn 0.188976 -0.291339 -0.937008 
vn 0.19685 -0.181102 -0.96063 
vn 0.0472441 -0.141732 -0.992126 
vn 0.0472441 -0.0944882 -0.992126 
vn 0.0944882 -0.141732 -0.984252 
vn 0.0551181 -0.015748 -1 
vn 0.102362 -0.0944882 -0.992126 
vn 0.149606 -0.141732 -0.976378 
vn 0.149606 -0.0944882 -0.984252 
vn 0.188976 -0.141732 -0.968504 
vn 0.125984 -0.015748 -0.992126 
vn 0.19685 -0.0944882 -0.976378 
vn 0.19685 -0.015748 -0.984252 
vn 0.23622 -0.141732 -0.96063 
vn 0.251969 -0.291339 -0.92126 
vn 0.314961 -0.267717 -0.913386 
vn 0.23622 -0.181102 -0.952756 
vn 0.267717 -0.141732 -0.952756 
vn 0.299213 -0.181102 -0.937008 
vn 0.299213 -0.141732 -0.944882 
vn 0.354331 -0.165354 -0.92126 
vn 0.307087 -0.141732 -0.944882 
vn 0.244094 -0.0944882 -0.968504 
vn 0.307087 -0.0944882 -0.944882 
vn 0.354331 -0.0944882 -0.929134 
vn 0.259843 -0.015748 -0.968504 
vn 0.322835 -0.023622 -0.944882 
vn 0.409449 -0.0393701 -0.913386 
vn 0.173228 -0.472441 -0.866142 
vn 0.23622 -0.283465 -0.929134 
vn 0.275591 -0.456693 -0.850394 
vn 0.314961 -0.299213 -0.897638 
vn 0.393701 -0.133858 -0.913386 
vn 0.401575 -0.220472 -0.889764 
vn 0.448819 -0.149606 -0.88189 
vn 0.448819 -0.0629921 -0.889764 
vn 0.393701 -0.433071 -0.811024 
vn 0.433071 -0.259843 -0.866142 
vn 0.535433 -0.425197 -0.732283 
vn 0.472441 -0.228346 -0.850394 
vn 0.472441 -0.0787402 -0.88189 
vn 0.527559 -0.125984 -0.84252 
vn 0.574803 -0.251969 -0.779528 
vn 0.535433 -0.0629921 -0.84252 
vn 0.527559 -0.00787402 -0.850394 
vn 0.582677 -0.0944882 -0.80315 
vn 0.582677 -0.0393701 -0.811024 
vn 0.125984 0 -0.992126 
vn 0.133858 0 -0.992126 
vn 0.133858 0 -0.992126 
vn 0.244094 0 -0.968504 
vn 0.267717 0 -0.96063 
vn 0.0708661 0 -1 
vn 0.0708661 0 -1 
vn 0.0787402 0 -1 
vn 0.15748 0 -0.984252 
vn 0.0708661 0 -1 
vn 0.125984 0 -0.992126 
vn 0.181102 0 -0.984252 
vn 0.141732 0 -0.992126 
vn 0.204724 0 -0.976378 
vn 0.15748 0 -0.984252 
vn 0.251969 0 -0.968504 
vn 0.141732 0.0787402 -0.984252 
vn 0.133858 0.283465 -0.952756 
vn 0.11811 0.519685 -0.850394 
vn 0.267717 0 -0.96063 
vn 0.275591 0.0787402 -0.96063 
vn 0.385827 0 -0.92126 
vn 0.401575 0 -0.913386 
vn 0.393701 0 -0.92126 
vn 0.519685 0 -0.850394 
vn 0.519685 0 -0.858268 
vn 0.354331 0 -0.937008 
vn 0.291339 0 -0.952756 
vn 0.456693 0 -0.889764 
vn 0.511811 0 -0.858268 
vn 0.448819 0 -0.897638 
vn 0.614173 0 -0.787402 
vn 0.267717 0.283465 -0.92126 
vn 0.393701 0.0787402 -0.913386 
vn 0.496063 0.283465 -0.818898 
vn 0.511811 0.0787402 -0.850394 
vn 0.377953 0.283465 -0.88189 
vn 0.614173 0 -0.787402 
vn 0.488189 0 -0.874016 
vn 0.582677 0 -0.811024 
vn 0.582677 0 -0.811024 
vn 0.582677 0 -0.811024 
vn 0.614173 0 -0.787402 
vn 0.614173 0.0866142 -0.779528 
vn 0.590551 0.299213 -0.748031 
vn 0.448819 0.496063 -0.740157 
vn 0.543307 0.496063 -0.677165 
vn 0.716535 0 -0.692913 
vn 0.716535 0 -0.692913 
vn 0.716535 0 -0.692913 
vn 0.716535 0 -0.692913 
vn 0.716535 0.0866142 -0.692913 
vn 0.629921 0.511811 -0.582677 
vn 0.685039 0.307087 -0.653543 
vn -0.346457 0 -0.937008 
vn -0.346457 0 -0.937008 
vn -0.346457 0 -0.937008 
vn -0.322835 0 -0.944882 
vn -0.322835 0 -0.944882 
vn -0.283465 0 -0.96063 
vn -0.275591 -0.00787402 -0.96063 
vn -0.267717 0 -0.96063 
vn -0.23622 -0.00787402 -0.968504 
vn -0.283465 0 -0.96063 
vn -0.322835 0 -0.944882 
vn -0.322835 0 -0.944882 
vn -0.23622 -0.00787402 -0.968504 
vn -0.228346 -0.0472441 -0.968504 
vn -0.204724 0 -0.976378 
vn -0.181102 -0.0393701 -0.984252 
vn -0.181102 -0.0393701 -0.984252 
vn -0.141732 -0.00787402 -0.992126 
vn -0.346457 0 -0.937008 
vn -0.330709 0 -0.944882 
vn -0.330709 0 -0.944882 
vn -0.354331 0 -0.937008 
vn -0.346457 0 -0.937008 
vn -0.346457 0 -0.937008 
vn -0.354331 0 -0.937008 
vn -0.283465 -0.00787402 -0.96063 
vn -0.307087 0 -0.952756 
vn -0.23622 -0.0393701 -0.968504 
vn -0.259843 0 -0.968504 
vn -0.0787402 -0.401575 -0.913386 
vn -0.0866142 -0.527559 -0.84252 
vn -0.181102 -0.377953 -0.905512 
vn -0.0708661 -0.291339 -0.952756 
vn -0.0708661 -0.480315 -0.874016 
vn -0.0708661 -0.102362 -0.992126 
vn -0.125984 -0.480315 -0.866142 
vn -0.125984 -0.0866142 -0.984252 
vn 0 -0.527559 -0.850394 
vn 0.00787402 -0.480315 -0.874016 
vn -0.00787402 -0.11811 -0.992126 
vn -0.212598 -0.590551 -0.771654 
vn -0.0866142 -0.614173 -0.787402 
vn -0.110236 -0.740157 -0.661417 
vn 0 -0.614173 -0.795276 
vn 0 -0.740157 -0.669291 
vn -0.173228 -0.0708661 -0.984252 
vn -0.11811 -0.0944882 -0.992126 
vn -0.125984 -0.0866142 -0.984252 
vn -0.0708661 -0.102362 -0.992126 
vn -0.11811 -0.0944882 -0.992126 
vn -0.125984 -0.0866142 -0.984252 
vn -0.188976 -0.0708661 -0.976378 
vn -0.0708661 -0.102362 -0.992126 
vn -0.125984 -0.0629921 -0.992126 
vn -0.0787402 -0.015748 -1 
vn -0.125984 -0.0629921 -0.992126 
vn -0.0629921 -0.0787402 -0.992126 
vn -0.00787402 -0.11811 -0.992126 
vn 0 -0.11811 -0.992126 
vn -0.0629921 -0.102362 -0.992126 
vn -0.0629921 -0.102362 -0.992126 
vn -0.0629921 -0.0787402 -0.992126 
vn -0.188976 -0.0708661 -0.976378 
vn -0.125984 -0.0866142 -0.984252 
vn -0.141732 0 -0.992126 
vn -0.0708661 -0.102362 -0.992126 
vn -0.0708661 0 -1 
vn -0.606299 -0.748031 -0.259843 
vn -0.748031 -0.582677 -0.322835 
vn -0.559055 -0.740157 -0.370079 
vn -0.307087 -0.929134 -0.220472 
vn -0.354331 -0.92126 -0.15748 
vn -0.496063 -0.740157 -0.456693 
vn -0.653543 -0.740157 -0.133858 
vn -0.385827 -0.92126 -0.0787402 
vn -0.496063 -0.740157 -0.456693 
vn -0.606299 -0.535433 -0.582677 
vn -0.433071 -0.724409 -0.527559 
vn -0.685039 -0.566929 -0.456693 
vn -0.559055 -0.740157 -0.370079 
vn -0.685039 -0.566929 -0.456693 
vn -0.850394 -0.362205 -0.385827 
vn -0.795276 -0.590551 -0.165354 
vn -0.913386 -0.362205 -0.188976 
vn -0.110236 -0.992126 -0.023622 
vn -0.267717 -0.929134 -0.259843 
vn -0.0866142 -0.992126 -0.0629921 
vn -0.228346 -0.929134 -0.299213 
vn -0.433071 -0.724409 -0.527559 
vn -0.0944882 -0.992126 -0.0472441 
vn -0.330709 -0.732283 -0.598425 
vn -0.488189 -0.535433 -0.692913 
vn -0.362205 -0.566929 -0.740157 
vn -0.330709 -0.732283 -0.598425 
vn -0.811024 -0.590551 0.0629921 
vn -0.669291 -0.740157 0.0551181 
vn -0.393701 -0.913386 0.0314961 
vn -0.629921 -0.740157 0.244094 
vn -0.370079 -0.913386 0.149606 
vn -0.527559 -0.740157 0.417323 
vn -0.866142 -0.362205 0.346457 
vn -0.755906 -0.582677 0.299213 
vn -0.637795 -0.582677 0.503937 
vn -0.456693 -0.590551 0.669291 
vn -0.732283 -0.362205 0.574803 
vn -0.110236 -0.992126 0.00787402 
vn -0.102362 -0.992126 0.0393701 
vn -0.314961 -0.913386 0.251969 
vn -0.0866142 -0.992126 0.0708661 
vn -0.228346 -0.913386 0.330709 
vn -0.377953 -0.740157 0.551181 
vn -0.23622 -0.590551 0.771654 
vn -0.527559 -0.362205 0.771654 
vn -0.771654 -0.354331 -0.527559 
vn -0.929134 -0.362205 0.0708661 
vn -0.976378 -0.102362 -0.204724 
vn -0.92126 -0.102362 0.370079 
vn -0.992126 -0.102362 0.0787402 
vn -0.913386 -0.00787402 -0.417323 
vn -0.905512 -0.102362 -0.417323 
vn -0.818898 -0.102362 -0.559055 
vn -0.826772 -0.00787402 -0.566929 
vn -0.771654 -0.354331 -0.527559 
vn -0.685039 -0.314961 -0.653543 
vn -0.779528 -0.102362 0.614173 
vn -0.267717 -0.362205 0.889764 
vn -0.559055 -0.102362 0.818898 
vn -0.716535 -0.0944882 -0.692913 
vn -0.818898 -0.102362 -0.559055 
vn -0.826772 -0.00787402 -0.566929 
vn -0.173228 -0.929134 -0.338583 
vn -0.0629921 -0.992126 -0.0866142 
vn -0.125984 -0.92126 -0.370079 
vn -0.0472441 -0.992126 -0.0944882 
vn -0.0787402 -0.992126 -0.0787402 
vn -0.220472 -0.740157 -0.637795 
vn -0.220472 -0.740157 -0.637795 
vn -0.0629921 -0.92126 -0.393701 
vn -0.0314961 -0.992126 -0.102362 
vn -0.015748 -0.992126 -0.110236 
vn 0 -0.992126 -0.110236 
vn 0 -0.913386 -0.401575 
vn -0.0314961 -0.992126 -0.102362 
vn -0.015748 -0.992126 -0.110236 
vn 0 -1 0 
vn 0 -0.992126 -0.110236 
vn 0 -0.740157 -0.669291 
vn -0.110236 -0.740157 -0.661417 
vn -0.0472441 -0.992126 -0.0944882 
vn -0.110236 -0.992126 -0.023622 
vn -0.0944882 -0.992126 -0.0472441 
vn -0.0866142 -0.992126 -0.0629921 
vn -0.0787402 -0.992126 -0.0787402 
vn -0.110236 -0.992126 0.00787402 
vn -0.102362 -0.992126 0.0393701 
vn -0.0866142 -0.992126 0.0708661 
vn -0.0629921 -0.992126 0.0944882 
vn -0.19685 -0.740157 0.637795 
vn -0.11811 -0.913386 0.385827 
vn -0.0629921 -0.992126 0.0944882 
vn -0.0629921 -0.992126 -0.0866142 
vn -0.0314961 -0.992126 0.110236 
vn 0 -0.992126 0.110236 
vn -0.0314961 -0.992126 0.110236 
vn 0 -0.992126 0.110236 
vn 0 -0.913386 0.401575 
vn 0 -0.740157 0.669291 
vn 0 -0.590551 0.811024 
vn 0 -0.362205 0.929134 
vn -0.354331 0 -0.937008 
vn -0.417323 -0.15748 -0.897638 
vn -0.307087 -0.0866142 -0.952756 
vn -0.354331 -0.0787402 -0.929134 
vn -0.322835 0 -0.944882 
vn -0.23622 0 -0.968504 
vn -0.244094 -0.0708661 -0.968504 
vn -0.291339 -0.102362 0.952756 
vn -0.385827 -0.141732 -0.913386 
vn -0.385827 -0.141732 -0.913386 
vn -0.354331 0 -0.937008 
vn 0 -0.102362 0.992126 
vn -0.370079 0 -0.929134 
vn -0.275591 0 -0.96063 
vn -0.244094 0 -0.968504 
vn -0.385827 0 -0.92126 
vn -0.456693 0 -0.889764 
vn -0.519685 0 -0.850394 
vn -0.173228 0 -0.984252 
vn -0.125984 0 -0.992126 
vn -0.204724 0 -0.976378 
vn -0.283465 0 -0.96063 
vn -0.181102 0 -0.984252 
vn -0.259843 0.409449 -0.874016 
vn -0.377953 0.283465 -0.88189 
vn -0.370079 0.401575 -0.834646 
vn -0.267717 0.283465 -0.92126 
vn -0.496063 0.283465 -0.818898 
vn -0.448819 0.496063 -0.740157 
vn -0.244094 0.511811 -0.826772 
vn -0.125984 0.409449 -0.905512 
vn -0.133858 0.283465 -0.952756 
vn -0.11811 0.519685 -0.850394 
vn -0.110236 0.740157 -0.661417 
vn -0.0944882 0 -0.992126 
vn 0 0 -1 
vn 0 0 -1 
vn 0.00787402 0 -1 
vn 0 0.283465 -0.96063 
vn 0 0.417323 -0.913386 
vn 0 0.740157 -0.677165 
vn 0 0.519685 -0.850394 
vn -0.220472 0.732283 -0.645669 
vn -0.716535 -0.00787402 -0.692913 
vn -0.716535 0 -0.692913 
vn -0.826772 0 -0.566929 
vn -0.716535 0 -0.692913 
vn -0.826772 0 -0.566929 
vn -0.716535 0 -0.692913 
vn -0.826772 0 -0.566929 
vn -0.913386 0 -0.417323 
vn -0.913386 0 -0.417323 
vn -0.826772 0 -0.566929 
vn -0.826772 0 -0.566929 
vn -0.826772 0 -0.566929 
vn -0.826772 0 -0.559055 
vn -0.716535 0 -0.692913 
vn -0.716535 0.0866142 -0.692913 
vn -0.826772 0.102362 -0.559055 
vn -0.913386 0 -0.409449 
vn -0.826772 0 -0.559055 
vn -0.913386 0.00787402 -0.409449 
vn -0.826772 0.102362 -0.559055 
vn -1 0 0.0787402 
vn -0.976378 0 -0.204724 
vn -0.929134 0 0.370079 
vn -0.992126 0.102362 0.0787402 
vn -0.976378 0.102362 -0.204724 
vn -0.92126 0.0944882 0.370079 
vn -0.787402 0 0.622047 
vn -0.566929 0 0.826772 
vn -0.779528 0.0944882 0.622047 
vn -0.559055 0.0944882 0.818898 
vn -0.905512 0.102362 -0.409449 
vn -0.850394 0.354331 -0.385827 
vn -0.779528 0.346457 -0.527559 
vn -0.779528 0.346457 -0.527559 
vn -0.913386 0.354331 -0.19685 
vn -0.755906 0.559055 -0.330709 
vn -0.700787 0.551181 -0.464567 
vn -0.566929 0.732283 -0.370079 
vn -0.80315 0.574803 -0.165354 
vn -0.622047 0.740157 -0.267717 
vn -0.661417 0.732283 -0.141732 
vn -0.685039 0.307087 -0.653543 
vn -0.629921 0.511811 -0.582677 
vn -0.700787 0.551181 -0.464567 
vn -0.543307 0.496063 -0.677165 
vn -0.503937 0.732283 -0.456693 
vn -0.566929 0.732283 -0.370079 
vn -0.307087 0.929134 -0.212598 
vn -0.503937 0.732283 -0.456693 
vn -0.354331 0.92126 -0.15748 
vn -0.393701 0.913386 -0.0787402 
vn -0.937008 0.346457 0.0708661 
vn -0.866142 0.346457 0.346457 
vn -0.818898 0.574803 0.0629921 
vn -0.677165 0.732283 0.0551181 
vn -0.629921 0.732283 0.251969 
vn -0.76378 0.566929 0.307087 
vn -0.645669 0.559055 0.519685 
vn -0.732283 0.346457 0.582677 
vn -0.535433 0.732283 0.425197 
vn -0.464567 0.559055 0.685039 
vn -0.314961 0.92126 0.244094 
vn -0.401575 0.913386 0.0314961 
vn -0.110236 0.992126 0.00787402 
vn -0.370079 0.913386 0.149606 
vn -0.330709 0.724409 -0.598425 
vn -0.440945 0.724409 -0.527559 
vn -0.527559 0.346457 0.779528 
vn -0.291339 0 0.96063 
vn -0.291339 0.0944882 0.952756 
vn -0.267717 0.346457 0.897638 
vn -0.385827 0.724409 0.566929 
vn -0.23622 0.551181 0.795276 
vn -0.204724 0.724409 0.661417 
vn 0 0 1 
vn 0 0.0944882 0.992126 
vn 0 0.346457 0.937008 
vn -0.11811 0.92126 0.377953 
vn 0 0.92126 0.393701 
vn 0 0.724409 0.692913 
vn 0 0.551181 0.834646 
vn -0.220472 0.92126 0.322835 
vn -0.440945 0.724409 -0.527559 
vn -0.228346 0.929134 -0.283465 
vn -0.330709 0.724409 -0.598425 
vn -0.173228 0.929134 -0.330709 
vn -0.220472 0.732283 -0.645669 
vn -0.267717 0.929134 -0.251969 
vn -0.0787402 0.992126 -0.0629921 
vn -0.0708661 0.992126 -0.0708661 
vn -0.0629921 0.992126 -0.0787402 
vn -0.0472441 0.992126 -0.0944882 
vn -0.0944882 0.992126 -0.0472441 
vn -0.11811 0.92126 -0.362205 
vn -0.110236 0.740157 -0.661417 
vn -0.0629921 0.92126 -0.377953 
vn 0 0.740157 -0.677165 
vn 0 0.92126 -0.385827 
vn -0.0314961 0.992126 -0.102362 
vn -0.015748 0.992126 -0.102362 
vn 0 0.992126 -0.102362 
vn 0 0.992126 -0.102362 
vn -0.015748 0.992126 -0.102362 
vn 0 1 0 
vn -0.0314961 0.992126 -0.102362 
vn -0.0472441 0.992126 -0.0944882 
vn -0.102362 0.992126 -0.023622 
vn -0.102362 0.992126 0.0393701 
vn -0.0629921 0.992126 0.0866142 
vn -0.102362 0.992126 -0.023622 
vn -0.110236 0.992126 0.00787402 
vn -0.102362 0.992126 0.0393701 
vn -0.0866142 0.992126 0.0629921 
vn -0.0944882 0.992126 -0.0472441 
vn -0.0314961 0.992126 0.102362 
vn -0.0314961 0.992126 0.102362 
vn 0 0.992126 0.110236 
vn 0 0.992126 0.110236 
vn -0.0629921 0.992126 -0.0787402 
vn -0.0787402 0.992126 -0.0629921 
vn -0.0708661 0.992126 -0.0708661 
vn -0.0866142 0.992126 0.0629921 
vn -0.0629921 0.992126 0.0866142 
vn 0.0787402 -0.480315 -0.874016 
vn 0.0944882 -0.614173 -0.787402 
vn 0.015748 -0.992126 -0.110236 
vn 0.0629921 -0.92126 -0.393701 
vn 0.0314961 -0.992126 -0.102362 
vn 0.125984 -0.92126 -0.370079 
vn 0.015748 -0.992126 -0.110236 
vn 0.0314961 -0.992126 -0.102362 
vn 0.0472441 -0.992126 -0.0944882 
vn 0.110236 -0.740157 -0.661417 
vn 0.110236 -0.740157 -0.661417 
vn 0.220472 -0.740157 -0.637795 
vn 0.173228 -0.929134 -0.338583 
vn 0.0629921 -0.992126 -0.0866142 
vn 0.228346 -0.929134 -0.299213 
vn 0.330709 -0.732283 -0.598425 
vn 0.0787402 -0.992126 -0.0787402 
vn 0.267717 -0.929134 -0.259843 
vn 0.0866142 -0.992126 -0.0629921 
vn 0.0472441 -0.992126 -0.0944882 
vn 0.0629921 -0.992126 -0.0866142 
vn 0.0787402 -0.992126 -0.0787402 
vn 0.0866142 -0.992126 0.0708661 
vn 0.0629921 -0.992126 0.0944882 
vn 0.0314961 -0.992126 0.110236 
vn 0.11811 -0.913386 0.385827 
vn 0 -0.992126 0.110236 
vn 0.0314961 -0.992126 0.110236 
vn 0 -0.913386 0.401575 
vn 0 -0.740157 0.669291 
vn 0.19685 -0.740157 0.637795 
vn 0.23622 -0.590551 0.771654 
vn 0 -0.590551 0.811024 
vn 0 -0.362205 0.929134 
vn 0.267717 -0.362205 0.889764 
vn 0.0866142 -0.992126 -0.0629921 
vn 0.0944882 -0.992126 -0.0472441 
vn 0.110236 -0.992126 -0.023622 
vn 0.110236 -0.992126 0.00787402 
vn 0.102362 -0.992126 0.0393701 
vn 0.228346 -0.913386 0.330709 
vn 0.0629921 -0.992126 0.0944882 
vn 0.0866142 -0.992126 0.0708661 
vn 0.377953 -0.740157 0.551181 
vn 0.456693 -0.590551 0.669291 
vn 0.527559 -0.362205 0.771654 
vn 0.291339 -0.102362 0.952756 
vn 0 -0.102362 0.992126 
vn 0.433071 -0.724409 -0.527559 
vn 0.307087 -0.929134 -0.220472 
vn 0.496063 -0.740157 -0.456693 
vn 0.0944882 -0.992126 -0.0472441 
vn 0.354331 -0.92126 -0.15748 
vn 0.110236 -0.992126 -0.023622 
vn 0.385827 -0.92126 -0.0787402 
vn 0.433071 -0.724409 -0.527559 
vn 0.606299 -0.535433 -0.582677 
vn 0.496063 -0.740157 -0.456693 
vn 0.559055 -0.740157 -0.370079 
vn 0.606299 -0.748031 -0.259843 
vn 0.748031 -0.582677 -0.322835 
vn 0.653543 -0.740157 -0.133858 
vn 0.685039 -0.566929 -0.456693 
vn 0.559055 -0.740157 -0.370079 
vn 0.771654 -0.354331 -0.527559 
vn 0.685039 -0.566929 -0.456693 
vn 0.850394 -0.362205 -0.385827 
vn 0.795276 -0.590551 -0.165354 
vn 0.913386 -0.362205 -0.188976 
vn 0.669291 -0.740157 0.0551181 
vn 0.393701 -0.913386 0.0314961 
vn 0.102362 -0.992126 0.0393701 
vn 0.110236 -0.992126 0.00787402 
vn 0.377953 -0.913386 0.149606 
vn 0.314961 -0.913386 0.251969 
vn 0.527559 -0.740157 0.417323 
vn 0.637795 -0.582677 0.503937 
vn 0.732283 -0.362205 0.574803 
vn 0.629921 -0.740157 0.244094 
vn 0.811024 -0.590551 0.0629921 
vn 0.755906 -0.582677 0.299213 
vn 0.929134 -0.362205 0.0708661 
vn 0.866142 -0.362205 0.346457 
vn 0.685039 -0.314961 -0.653543 
vn 0.771654 -0.354331 -0.527559 
vn 0.779528 -0.102362 0.614173 
vn 0.818898 -0.102362 -0.559055 
vn 0.716535 -0.0944882 -0.692913 
vn 0.826772 -0.00787402 -0.566929 
vn 0.92126 -0.102362 0.370079 
vn 0.559055 -0.102362 0.818898 
vn 0.818898 -0.102362 -0.559055 
vn 0.976378 -0.102362 -0.204724 
vn 0.992126 -0.102362 0.0787402 
vn 0.826772 -0.00787402 -0.566929 
vn 0.905512 -0.102362 -0.417323 
vn 0.913386 -0.00787402 -0.417323 
vn 0.125984 0.409449 -0.905512 
vn 0.11811 0.519685 -0.850394 
vn 0.133858 0.283465 -0.952756 
vn 0.110236 0.740157 -0.661417 
vn 0.267717 0.283465 -0.92126 
vn 0.251969 0.409449 -0.874016 
vn 0.244094 0.511811 -0.826772 
vn 0.362205 0.401575 -0.84252 
vn 0.377953 0.283465 -0.88189 
vn 0.448819 0.496063 -0.740157 
vn 0.496063 0.283465 -0.818898 
vn 0.220472 0.732283 -0.645669 
vn 0.330709 0.724409 -0.598425 
vn 0.440945 0.724409 -0.527559 
vn 0 0.346457 0.937008 
vn 0 0.0944882 0.992126 
vn 0.267717 0.346457 0.897638 
vn 0.291339 0.0944882 0.952756 
vn 0.291339 0 0.96063 
vn 0 0 1 
vn 0.23622 0.551181 0.795276 
vn 0.204724 0.724409 0.661417 
vn 0 0.92126 0.393701 
vn 0 0.724409 0.692913 
vn 0.385827 0.724409 0.566929 
vn 0.11811 0.92126 0.377953 
vn 0.464567 0.559055 0.685039 
vn 0 0.551181 0.834646 
vn 0.527559 0.346457 0.779528 
vn 0.559055 0.0944882 0.818898 
vn 0.566929 0 0.826772 
vn 0.732283 0.346457 0.582677 
vn 0.543307 0.496063 -0.677165 
vn 0.503937 0.732283 -0.456693 
vn 0.535433 0.732283 0.425197 
vn 0.645669 0.559055 0.519685 
vn 0.220472 0.92126 0.322835 
vn 0.0629921 0.92126 -0.377953 
vn 0.110236 0.740157 -0.661417 
vn 0.220472 0.732283 -0.645669 
vn 0.11811 0.92126 -0.362205 
vn 0.015748 0.992126 -0.102362 
vn 0.0314961 0.992126 -0.102362 
vn 0.173228 0.929134 -0.330709 
vn 0.0472441 0.992126 -0.0944882 
vn 0.015748 0.992126 -0.102362 
vn 0.0314961 0.992126 -0.102362 
vn 0.0472441 0.992126 -0.0944882 
vn 0.330709 0.724409 -0.598425 
vn 0.228346 0.929134 -0.283465 
vn 0.440945 0.724409 -0.527559 
vn 0.503937 0.732283 -0.456693 
vn 0.267717 0.929134 -0.251969 
vn 0.307087 0.929134 -0.212598 
vn 0.0787402 0.992126 -0.0629921 
vn 0.0629921 0.992126 -0.0787402 
vn 0.0708661 0.992126 -0.0708661 
vn 0.354331 0.92126 -0.15748 
vn 0.0944882 0.992126 -0.0472441 
vn 0.0314961 0.992126 0.102362 
vn 0.0314961 0.992126 0.102362 
vn 0.0629921 0.992126 0.0866142 
vn 0 0.992126 0.110236 
vn 0.0866142 0.992126 0.0629921 
vn 0.102362 0.992126 0.0393701 
vn 0.0629921 0.992126 -0.0787402 
vn 0.0708661 0.992126 -0.0708661 
vn 0.0787402 0.992126 -0.0629921 
vn 0.0944882 0.992126 -0.0472441 
vn 0.0629921 0.992126 0.0866142 
vn 0.102362 0.992126 -0.023622 
vn 0.370079 0.913386 0.149606 
vn 0.0866142 0.992126 0.0629921 
vn 0.314961 0.92126 0.244094 
vn 0.393701 0.913386 -0.0787402 
vn 0.102362 0.992126 -0.023622 
vn 0.110236 0.992126 0.00787402 
vn 0.401575 0.913386 0.0314961 
vn 0.102362 0.992126 0.0393701 
vn 0.110236 0.992126 0.00787402 
vn 0.716535 0 -0.692913 
vn 0.716535 0 -0.692913 
vn 0.826772 0 -0.566929 
vn 0.826772 0 -0.566929 
vn 0.716535 0 -0.692913 
vn 0.716535 -0.00787402 -0.692913 
vn 0.826772 0 -0.566929 
vn 0.913386 0 -0.417323 
vn 0.826772 0 -0.566929 
vn 0.826772 0 -0.566929 
vn 0.913386 0 -0.417323 
vn 0.826772 0 -0.566929 
vn 0.716535 0 -0.692913 
vn 0.716535 0.0866142 -0.692913 
vn 0.826772 0 -0.559055 
vn 0.826772 0.102362 -0.559055 
vn 0.826772 0.102362 -0.559055 
vn 0.913386 0.00787402 -0.409449 
vn 0.826772 0 -0.559055 
vn 0.913386 0 -0.409449 
vn 0.905512 0.102362 -0.409449 
vn 0.787402 0 0.622047 
vn 0.929134 0 0.370079 
vn 0.92126 0.0944882 0.370079 
vn 0.779528 0.0944882 0.622047 
vn 0.976378 0.102362 -0.204724 
vn 0.976378 0 -0.204724 
vn 1 0 0.0787402 
vn 0.992126 0.102362 0.0787402 
vn 0.700787 0.551181 -0.464567 
vn 0.685039 0.307087 -0.653543 
vn 0.629921 0.511811 -0.582677 
vn 0.779528 0.346457 -0.527559 
vn 0.566929 0.732283 -0.370079 
vn 0.566929 0.732283 -0.370079 
vn 0.622047 0.740157 -0.267717 
vn 0.661417 0.732283 -0.141732 
vn 0.755906 0.559055 -0.330709 
vn 0.850394 0.354331 -0.385827 
vn 0.779528 0.346457 -0.527559 
vn 0.913386 0.354331 -0.19685 
vn 0.700787 0.551181 -0.464567 
vn 0.80315 0.574803 -0.165354 
vn 0.76378 0.566929 0.307087 
vn 0.629921 0.732283 0.251969 
vn 0.866142 0.346457 0.346457 
vn 0.677165 0.732283 0.0551181 
vn 0.937008 0.346457 0.0708661 
vn 0.818898 0.574803 0.0629921 
vn -0.0787402 -0.401575 -0.913386 
vn -0.0708661 -0.291339 -0.952756 
vn 0 -0.401575 -0.913386 
vn 0 -0.527559 -0.850394 
vn 0 -0.291339 -0.96063 
vn -0.125984 -0.480315 -0.866142 
vn -0.125984 -0.283465 -0.952756 
vn -0.0708661 -0.480315 -0.874016 
vn -0.181102 -0.283465 -0.944882 
vn -0.125984 -0.0708661 -0.992126 
vn -0.125984 -0.275591 -0.952756 
vn -0.181102 -0.275591 -0.944882 
vn -0.0708661 -0.283465 -0.952756 
vn -0.0708661 -0.0708661 -0.992126 
vn -0.0708661 -0.275591 -0.96063 
vn 0.023622 -0.0708661 -1 
vn 0.023622 -0.275591 -0.96063 
vn 0.023622 -0.283465 -0.96063 
vn -0.0629921 -0.102362 -0.992126 
vn 0 -0.11811 -0.992126 
vn -0.00787402 -0.11811 -0.992126 
vn -0.0708661 -0.102362 -0.992126 
vn -0.0629921 -0.0787402 -0.992126 
vn -0.0787402 -0.015748 -1 
vn 0 -0.023622 -1 
vn 0 -0.0866142 -1 
vn -0.0629921 -0.0787402 -0.992126 
vn 0 -0.0866142 -1 
vn -0.181102 -0.0708661 -0.984252 
vn -0.244094 -0.0708661 -0.968504 
vn -0.0708661 -0.102362 -0.992126 
vn -0.00787402 -0.11811 -0.992126 
vn 0.00787402 0 -1 
vn -0.23622 -0.283465 -0.929134 
vn -0.23622 -0.275591 -0.929134 
vn -0.299213 -0.275591 -0.913386 
vn -0.307087 -0.0866142 -0.952756 
vn -0.188976 0 -0.984252 
vn -0.181102 0 -0.984252 
vn -0.188976 0 -0.984252 
vn -0.181102 0 -0.984252 
vn -0.181102 0 -0.984252 
vn -0.188976 0 -0.984252 
vn -0.204724 0 -0.976378 
vn -0.15748 0 -0.984252 
vn -0.212598 0.015748 -0.976378 
vn -0.19685 0.015748 -0.976378 
vn -0.204724 0 -0.976378 
vn -0.204724 0.0472441 -0.976378 
vn -0.212598 0.015748 -0.976378 
vn -0.220472 0.0472441 -0.976378 
vn -0.220472 0.0472441 -0.976378 
vn -0.19685 0.0708661 -0.976378 
vn -0.212598 0.0708661 -0.976378 
vn -0.204724 0.0944882 -0.976378 
vn -0.19685 0.0944882 -0.976378 
vn -0.212598 0.0708661 -0.976378 
vn -0.204724 0.0944882 -0.976378 
vn -0.15748 0.015748 -0.984252 
vn -0.15748 0.0708661 -0.984252 
vn -0.15748 0.0472441 -0.984252 
vn -0.188976 0.11811 -0.976378 
vn -0.181102 0.11811 -0.976378 
vn -0.173228 0.133858 -0.976378 
vn -0.15748 0.0944882 -0.984252 
vn -0.188976 0.11811 -0.976378 
vn -0.173228 0.133858 -0.976378 
vn -0.15748 0 -0.984252 
vn -0.15748 0 -0.984252 
vn -0.141732 0 -0.992126 
vn -0.141732 0 -0.992126 
vn -0.15748 0 -0.984252 
vn -0.133858 0 -0.992126 
vn 0 0 -1 
vn -0.133858 0 -0.992126 
vn -0.11811 0 -0.992126 
vn -0.11811 0 -0.992126 
vn -0.0708661 0 -1 
vn -0.125984 0 -0.992126 
vn 0.023622 0 -1 
vn -0.125984 0 -0.992126 
vn -0.11811 0.015748 -0.992126 
vn -0.11811 0.0472441 -0.992126 
vn -0.11811 0.0708661 -0.992126 
vn -0.102362 0.0708661 -0.992126 
vn -0.125984 0.0944882 -0.984252 
vn -0.11811 0.0944882 -0.992126 
vn -0.102362 0.015748 -0.992126 
vn -0.102362 0.015748 -0.992126 
vn -0.102362 0.0472441 -0.992126 
vn -0.102362 0.0472441 -0.992126 
vn -0.102362 0.0708661 -0.992126 
vn -0.11811 0.0944882 -0.992126 
vn -0.15748 0.11811 -0.976378 
vn -0.15748 0.133858 -0.976378 
vn -0.149606 0.133858 -0.984252 
vn -0.149606 0.133858 -0.984252 
vn -0.15748 0.133858 -0.976378 
vn 0.0708661 -0.275591 -0.96063 
vn 0.125984 -0.275591 -0.952756 
vn 0.0708661 -0.0708661 -0.992126 
vn 0.0708661 -0.283465 -0.952756 
vn 0.125984 -0.283465 -0.952756 
vn 0.181102 -0.275591 -0.944882 
vn 0.125984 -0.0708661 -0.992126 
vn 0.244094 -0.0708661 -0.968504 
vn 0.181102 -0.0708661 -0.984252 
vn 0.212598 -0.598425 -0.771654 
vn 0.0944882 -0.614173 -0.787402 
vn 0.212598 -0.519685 -0.826772 
vn 0.346457 -0.480315 -0.80315 
vn 0.181102 -0.480315 -0.858268 
vn 0.23622 -0.283465 -0.929134 
vn 0.23622 -0.472441 -0.850394 
vn 0.299213 -0.283465 -0.913386 
vn 0.291339 -0.456693 -0.84252 
vn 0.362205 -0.566929 -0.740157 
vn 0.338583 -0.283465 -0.897638 
vn 0.346457 -0.440945 -0.826772 
vn 0.181102 -0.283465 -0.944882 
vn 0.23622 -0.275591 -0.929134 
vn 0.299213 -0.275591 -0.913386 
vn 0.307087 -0.0866142 -0.952756 
vn 0.354331 -0.0787402 -0.929134 
vn 0.346457 -0.244094 -0.905512 
vn 0.338583 -0.283465 -0.897638 
vn 0.362205 -0.259843 -0.897638 
vn 0.377953 -0.385827 -0.84252 
vn 0.385827 -0.141732 -0.913386 
vn 0.362205 -0.259843 -0.897638 
vn 0.346457 -0.440945 -0.826772 
vn 0.425197 -0.15748 -0.889764 
vn 0.385827 -0.141732 -0.913386 
vn 0.0708661 0 -1 
vn 0.125984 0 -0.992126 
vn 0.181102 0 -0.984252 
vn -0.141732 0 -0.992126 
vn -0.15748 0 -0.984252 
vn -0.15748 0 -0.984252 
vn -0.141732 0 -0.992126 
vn -0.133858 0 -0.992126 
vn -0.125984 0 -0.992126 
vn -0.11811 0.0944882 -0.992126 
vn -0.125984 0.0944882 -0.984252 
vn -0.133858 0.11811 -0.984252 
vn -0.15748 0.0944882 -0.984252 
vn -0.15748 0.11811 -0.976378 
vn -0.141732 0.11811 -0.984252 
vn -0.149606 0.133858 -0.984252 
vn -0.149606 0.133858 -0.984252 
vn -0.133858 0.11811 -0.984252 
vn -0.11811 0.0944882 -0.992126 
vn 0.0629921 -0.102362 -0.992126 
vn 0 -0.11811 -0.992126 
vn 0 -0.0866142 -1 
vn 0 -0.401575 -0.913386 
vn 0 -0.291339 -0.96063 
vn 0.0708661 -0.291339 -0.952756 
vn 0.0866142 -0.401575 -0.913386 
vn 0 -0.527559 -0.850394 
vn 0.0944882 -0.527559 -0.84252 
vn 0 -0.173228 -0.984252 
vn 0.0629921 -0.15748 -0.984252 
vn 0.0629921 -0.102362 -0.992126 
vn 0.133858 -0.125984 -0.984252 
vn 0.0629921 -0.15748 -0.984252 
vn 0.173228 -0.385827 -0.905512 
vn 0.173228 -0.228346 -0.96063 
vn 0.133858 -0.125984 -0.984252 
vn 0.188976 -0.0944882 -0.976378 
vn 0.0708661 -0.102362 -0.992126 
vn 0.11811 -0.0944882 -0.992126 
vn 0.125984 -0.0866142 -0.984252 
vn 0.181102 0.133858 -0.976378 
vn 0.173228 0.133858 -0.976378 
vn 0.165354 0.133858 -0.976378 
vn 0.181102 0.133858 -0.976378 
vn 0.19685 0.133858 -0.968504 
vn 0.19685 0.133858 -0.968504 
vn 0.0787402 -0.480315 -0.874016 
vn 0.0708661 -0.102362 -0.992126 
vn -0.00787402 -0.11811 -0.992126 
vn 0.125984 -0.480315 -0.866142 
vn 0.173228 -0.385827 -0.905512 
vn 0.212598 -0.519685 -0.826772 
vn 0.0944882 -0.527559 -0.84252 
vn 0.125984 -0.0866142 -0.984252 
vn 0.181102 -0.480315 -0.858268 
vn 0.251969 -0.165354 -0.952756 
vn 0.173228 -0.228346 -0.96063 
vn 0.188976 -0.0944882 -0.976378 
vn 0.11811 -0.0944882 -0.992126 
vn 0.188976 -0.0944882 -0.976378 
vn 0.133858 -0.125984 -0.984252 
vn 0.188976 -0.0708661 -0.976378 
vn 0.110236 -0.740157 -0.661417 
vn 0.0944882 -0.614173 -0.787402 
vn 0.212598 -0.598425 -0.771654 
vn 0 -0.11811 -0.992126 
vn 0.0629921 -0.15748 -0.984252 
vn 0 -0.173228 -0.984252 
vn -0.00787402 -0.11811 -0.992126 
vn 0 -0.11811 -0.992126 
vn 0.0629921 -0.102362 -0.992126 
vn -0.00787402 -0.11811 -0.992126 
vn 0.0629921 -0.102362 -0.992126 
vn 0.0708661 -0.102362 -0.992126 
vn 0.0629921 -0.0787402 -0.992126 
vn 0 -0.0866142 -1 
vn 0 -0.023622 -1 
vn 0.0629921 -0.0787402 -0.992126 
vn 0 -0.0866142 -1 
vn 0.0787402 -0.015748 -1 
vn 0.125984 -0.0629921 -0.992126 
vn 0.0708661 -0.102362 -0.992126 
vn 0.11811 -0.0944882 -0.992126 
vn 0.125984 -0.0629921 -0.992126 
vn 0.125984 -0.0866142 -0.984252 
vn 0.173228 -0.0708661 -0.984252 
vn 0.173228 -0.0708661 -0.984252 
vn 0.125984 -0.0866142 -0.984252 
vn 0.188976 -0.0708661 -0.976378 
vn 0.228346 -0.0472441 -0.968504 
vn 0.149606 -0.00787402 -0.992126 
vn 0.181102 -0.0393701 -0.984252 
vn 0.181102 -0.0393701 -0.984252 
vn 0.188976 -0.0708661 -0.976378 
vn 0.00787402 0 -1 
vn -0.00787402 -0.11811 -0.992126 
vn 0.0708661 -0.102362 -0.992126 
vn 0.0708661 0 -1 
vn 0.125984 -0.0866142 -0.984252 
vn 0.141732 0 -0.992126 
vn 0.188976 -0.0708661 -0.976378 
vn 0.23622 -0.472441 -0.850394 
vn 0.23622 -0.0393701 -0.968504 
vn 0.212598 0 -0.976378 
vn 0.204724 0 -0.976378 
vn 0.23622 -0.0393701 -0.968504 
vn 0.220472 -0.740157 -0.637795 
vn 0.362205 -0.566929 -0.740157 
vn 0.330709 -0.732283 -0.598425 
vn 0.322835 0 -0.944882 
vn 0.354331 -0.0787402 -0.929134 
vn 0.307087 -0.0866142 -0.952756 
vn 0.488189 -0.535433 -0.692913 
vn 0.433071 -0.724409 -0.527559 
vn 0.606299 -0.535433 -0.582677 
vn 0.661417 -0.0314961 -0.748031 
vn 0.716535 -0.0944882 -0.692913 
vn 0.653543 -0.0866142 -0.748031 
vn 0.716535 -0.00787402 -0.692913 
vn 0.685039 -0.314961 -0.653543 
vn 0 0 -1 
vn 0.228346 -0.0472441 -0.968504 
vn 0.173228 -0.0708661 -0.984252 
vn 0.188976 -0.0708661 -0.976378 
vn 0.251969 -0.165354 -0.952756 
vn 0.188976 -0.0944882 -0.976378 
vn 0.251969 -0.0629921 -0.968504 
vn 0.299213 -0.322835 -0.897638 
vn 0.173228 -0.228346 -0.96063 
vn 0.338583 -0.0944882 -0.937008 
vn 0.377953 -0.0708661 -0.92126 
vn 0.314961 -0.015748 -0.952756 
vn 0.173228 -0.385827 -0.905512 
vn 0.212598 -0.519685 -0.826772 
vn 0.393701 -0.251969 -0.88189 
vn 0.188976 -0.0708661 -0.976378 
vn 0.23622 -0.472441 -0.850394 
vn 0.23622 -0.0393701 -0.968504 
vn 0.251969 -0.0629921 -0.968504 
vn 0.188976 -0.0944882 -0.976378 
vn 0.314961 -0.015748 -0.952756 
vn 0.275591 -0.00787402 -0.96063 
vn 0.291339 -0.456693 -0.84252 
vn 0.283465 -0.00787402 -0.96063 
vn 0.322835 0 -0.944882 
vn 0.425197 -0.023622 -0.905512 
vn 0.354331 0 -0.937008 
vn 0.448819 0 -0.897638 
vn 0.370079 0 -0.929134 
vn 0.354331 0 -0.937008 
vn 0.346457 0 -0.937008 
vn 0.346457 0 -0.937008 
vn 0.370079 0 -0.929134 
vn 0.362205 0 -0.937008 
vn 0.425197 -0.15748 -0.889764 
vn 0.346457 0 -0.937008 
vn 0.346457 0 -0.937008 
vn 0.433071 0 -0.897638 
vn 0.362205 0 -0.937008 
vn 0.346457 -0.440945 -0.826772 
vn 0.330709 0 -0.944882 
vn 0.346457 -0.480315 -0.80315 
vn 0.480315 -0.204724 -0.850394 
vn 0.456693 -0.440945 -0.771654 
vn 0.535433 -0.133858 -0.834646 
vn 0.346457 -0.440945 -0.826772 
vn 0.377953 -0.385827 -0.84252 
vn 0.330709 0 -0.944882 
vn 0.346457 0 -0.937008 
vn 0.425197 -0.15748 -0.889764 
vn 0.574803 -0.0551181 -0.818898 
vn 0.346457 0 -0.937008 
vn 0.23622 -0.0393701 -0.968504 
vn 0.23622 -0.0393701 -0.968504 
vn 0.228346 -0.0472441 -0.968504 
vn 0.275591 -0.00787402 -0.96063 
vn 0.283465 -0.00787402 -0.96063 
vn 0.283465 -0.00787402 -0.96063 
vn 0.23622 -0.00787402 -0.968504 
vn 0.181102 -0.0393701 -0.984252 
vn 0.23622 -0.00787402 -0.968504 
vn 0.181102 -0.0393701 -0.984252 
vn 0.212598 0 -0.976378 
vn 0.275591 0 -0.96063 
vn 0.283465 0 -0.96063 
vn 0.322835 0 -0.944882 
vn 0.330709 0 -0.944882 
vn 0.346457 0 -0.937008 
vn 0.346457 0 -0.937008 
vn 0.330709 0 -0.944882 
vn 0.346457 0 -0.937008 
vn 0.322835 0 -0.944882 
vn 0.283465 0 -0.96063 
vn 0.322835 0 -0.944882 
vn 0.322835 0 -0.944882 
vn 0.346457 0 -0.937008 
vn 0.346457 0 -0.937008 
vn 0.409449 0 -0.913386 
vn 0.362205 0 -0.929134 
vn 0.362205 -0.566929 -0.740157 
vn 0.488189 -0.535433 -0.692913 
vn 0.551181 -0.354331 -0.755906 
vn 0.606299 -0.535433 -0.582677 
vn 0.606299 -0.275591 -0.748031 
vn 0.653543 -0.0866142 -0.748031 
vn 0.685039 -0.314961 -0.653543 
vn 0.582677 0 -0.811024 
vn 0.661417 -0.0314961 -0.748031 
vn 0.645669 0 -0.76378 
vn 0.456693 0 -0.889764 
vn 0.519685 0 -0.858268 
vn 0.519685 0 -0.850394 
vn 0.614173 0 -0.787402 
vn 0.629921 0 -0.779528 
vn 0.716535 0 -0.692913 
vn 0.716535 -0.00787402 -0.692913 
vn 0.259843 0 -0.968504 
vn 0.23622 -0.0393701 -0.968504 
vn 0.283465 -0.00787402 -0.96063 
vn 0.307087 0 -0.952756 
vn 0.330709 0 -0.944882 
vn 0.425197 -0.15748 -0.889764 
vn 0.354331 0 -0.937008 
vn 0.346457 0 -0.937008 
vn 0.354331 0 -0.937008 
vn 0.346457 0 -0.937008 
vn 0.433071 0 -0.897638 
vn 0.409449 0 -0.913386 
vn 0.566929 0 -0.826772 
vn 0.307087 -0.0866142 -0.952756 
vn 0.244094 -0.0708661 -0.968504 
vn 0.23622 0 -0.968504 
vn 0.354331 0 -0.937008 
vn 0.322835 0 -0.944882 
vn 0.354331 0 -0.937008 
vn 0.354331 -0.0787402 -0.929134 
vn 0.385827 -0.141732 -0.913386 
vn 0.385827 -0.141732 -0.913386 
vn 0.582677 0 -0.811024 
vn 0.645669 0 -0.76378 
vn 0.0787402 -0.015748 -1 
vn 0 0 -1 
vn 0.0944882 0 -0.992126 
vn 0.149606 -0.00787402 -0.992126 
vn 0.181102 0 -0.984252 
vn 0.125984 0 -0.992126 
vn 0 0 -1 
vn 0.15748 0 -0.984252 
vn 0.141732 0 -0.992126 
vn 0.15748 0 -0.984252 
vn 0.149606 0 -0.992126 
vn 0.165354 0 -0.984252 
vn 0.165354 0 -0.984252 
vn 0.181102 0 -0.984252 
vn 0.181102 0 -0.984252 
vn 0.19685 0 -0.976378 
vn 0.244094 0 -0.968504 
vn 0.173228 0 -0.984252 
vn 0.181102 0 -0.984252 
vn 0.181102 0 -0.984252 
vn 0.181102 0 -0.984252 
vn 0.204724 0 -0.976378 
vn 0.141732 0 -0.992126 
vn 0.125984 0.015748 -0.992126 
vn 0.125984 0.0472441 -0.992126 
vn 0.125984 0.0472441 -0.992126 
vn 0.125984 0.015748 -0.992126 
vn 0.141732 0.015748 -0.992126 
vn 0.141732 0.0472441 -0.992126 
vn 0.125984 0.0708661 -0.992126 
vn 0.125984 0.0708661 -0.992126 
vn 0.181102 0.015748 -0.984252 
vn 0.181102 0.0472441 -0.984252 
vn 0.141732 0.0708661 -0.984252 
vn 0.149606 0.0944882 -0.984252 
vn 0.181102 0.0708661 -0.984252 
vn 0.181102 0.0944882 -0.976378 
vn 0.165354 0.11811 -0.976378 
vn 0.173228 0.133858 -0.976378 
vn 0.181102 0.11811 -0.976378 
vn 0.181102 0.133858 -0.976378 
vn 0.19685 0 -0.976378 
vn 0.212598 0 -0.976378 
vn 0.283465 0 -0.96063 
vn 0.212598 0 -0.976378 
vn 0.204724 0 -0.976378 
vn 0.212598 0 -0.976378 
vn 0.212598 0 -0.976378 
vn 0.228346 0 -0.976378 
vn 0.275591 0 -0.96063 
vn 0.377953 0 -0.929134 
vn 0.385827 0 -0.92126 
vn 0.456693 0 -0.889764 
vn 0.519685 0 -0.850394 
vn 0.283465 0 -0.96063 
vn 0.519685 0 -0.858268 
vn 0.220472 0.015748 -0.976378 
vn 0.220472 0.0708661 -0.968504 
vn 0.212598 0.0944882 -0.968504 
vn 0.204724 0.11811 -0.968504 
vn 0.19685 0.133858 -0.968504 
vn 0.212598 0.11811 -0.968504 
vn 0.228346 0.0472441 -0.976378 
vn 0.228346 0 -0.976378 
vn 0.23622 0.015748 -0.968504 
vn 0.23622 0.015748 -0.968504 
vn 0.244094 0.0472441 -0.968504 
vn 0.228346 0.0944882 -0.968504 
vn 0.23622 0.0708661 -0.968504 
vn 0.19685 0.133858 -0.968504 
vn 0.244094 0.0472441 -0.968504 
vn 0.23622 0.0708661 -0.968504 
vn 0.228346 0.0944882 -0.968504 
vn 0.212598 0.11811 -0.968504 
vn 0.629921 0 -0.779528 
vn 0.125984 0.0708661 -0.992126 
vn 0.141732 0.0944882 -0.984252 
vn 0.141732 0.0708661 -0.984252 
vn 0.125984 0.0708661 -0.992126 
vn 0.141732 0.0944882 -0.984252 
vn 0.149606 0.0944882 -0.984252 
vn 0.15748 0.11811 -0.984252 
vn 0.15748 0.11811 -0.984252 
vn 0.165354 0.11811 -0.976378 
vn 0.165354 0.133858 -0.976378 
vn 0.173228 0.133858 -0.976378 

vt 0.245955 0.0645217 
vt 0.234135 0.0711675 
vt 0.240024 0.063168 
vt 0.237577 0.0718955 
vt 0.230189 0.0709543 
vt 0.240917 0.0513613 
vt 0.233832 0.0625894 
vt 0.23394 0.0503109 
vt 0.249435 0.0707397 
vt 0.300441 0.282624 
vt 0.30035 0.282645 
vt 0.299089 0.285729 
vt 0.239033 0.0735431 
vt 0.406973 0.287898 
vt 0.413726 0.281546 
vt 0.407243 0.290186 
vt 0.405697 0.285166 
vt 0.409065 0.274163 
vt 0.405639 0.274163 
vt 0.250499 0.0778015 
vt 0.239776 0.0766134 
vt 0.415807 0.289458 
vt 0.226143 0.0708413 
vt 0.229238 0.0624212 
vt 0.224849 0.0623386 
vt 0.227339 0.0498563 
vt 0.231528 0.0307679 
vt 0.30057 0.282599 
vt 0.299797 0.285413 
vt 0.300715 0.282576 
vt 0.397939 0.282784 
vt 0.39958 0.274163 
vt 0.393984 0.283031 
vt 0.395222 0.274163 
vt 0.402719 0.2832 
vt 0.29941 0.285581 
vt 0.300141 0.303138 
vt 0.300059 0.302995 
vt 0.298086 0.301788 
vt 0.247788 0.0530476 
vt 0.253814 0.0565993 
vt 0.241794 0.0323434 
vt 0.249993 0.0347615 
vt 0.2985 0.30096 
vt 0.297607 0.302656 
vt 0.257949 0.0679649 
vt 0.379377 0.448007 
vt 0.378832 0.448005 
vt 0.383233 0.445174 
vt 0.379084 0.444547 
vt 0.300146 0.285287 
vt 0.233166 0.0238584 
vt 0.22222 0.023871 
vt 0.375933 0.431737 
vt 0.370769 0.43131 
vt 0.375298 0.418142 
vt 0.370929 0.444198 
vt 0.38202 0.432478 
vt 0.374337 0.444201 
vt 0.376286 0.448104 
vt 0.37404 0.448057 
vt 0.300021 0.302945 
vt 0.2985 0.30096 
vt 0.300059 0.302995 
vt 0.407008 0.292404 
vt 0.413058 0.300194 
vt 0.405703 0.295364 
vt 0.403471 0.290881 
vt 0.402114 0.297359 
vt 0.400608 0.290881 
vt 0.403417 0.288155 
vt 0.403856 0.28893 
vt 0.408615 0.309833 
vt 0.400567 0.288155 
vt 0.397231 0.297691 
vt 0.397304 0.290881 
vt 0.394102 0.290881 
vt 0.397271 0.288155 
vt 0.394076 0.288155 
vt 0.300399 0.303139 
vt 0.300582 0.303203 
vt 0.300272 0.300527 
vt 0.404224 0.289707 
vt 0.24963 0.085439 
vt 0.239161 0.0801198 
vt 0.300021 0.302945 
vt 0.298958 0.300439 
vt 0.247715 0.0899782 
vt 0.243878 0.0940531 
vt 0.23774 0.0821024 
vt 0.258918 0.0883965 
vt 0.374719 0.451123 
vt 0.371073 0.451351 
vt 0.370658 0.448075 
vt 0.379088 0.450794 
vt 0.38325 0.450337 
vt 0.376036 0.468176 
vt 0.370935 0.468677 
vt 0.38211 0.466546 
vt 0.219377 0.0623798 
vt 0.22124 0.0298984 
vt 0.300473 0.285162 
vt 0.300873 0.282558 
vt 0.218308 0.0708661 
vt 0.2223 0.0708577 
vt 0.39069 0.282565 
vt 0.392554 0.274163 
vt 0.38675 0.282406 
vt 0.387939 0.274163 
vt 0.214298 0.0238801 
vt 0.214305 0.0297959 
vt 0.214359 0.0708554 
vt 0.214347 0.0624385 
vt 0.381962 0.282929 
vt 0.382193 0.274163 
vt 0.363762 0.44372 
vt 0.360064 0.443679 
vt 0.360909 0.430821 
vt 0.356716 0.443697 
vt 0.356716 0.430712 
vt 0.362411 0.417044 
vt 0.368411 0.417267 
vt 0.365593 0.43105 
vt 0.363445 0.406965 
vt 0.299949 0.290537 
vt 0.367341 0.443908 
vt 0.30078 0.285134 
vt 0.300693 0.290427 
vt 0.301194 0.285121 
vt 0.356716 0.417088 
vt 0.356716 0.406965 
vt 0.301184 0.290434 
vt 0.356716 0.448176 
vt 0.390824 0.288155 
vt 0.367383 0.448106 
vt 0.363787 0.448141 
vt 0.363882 0.451856 
vt 0.367438 0.451654 
vt 0.365751 0.468732 
vt 0.360218 0.451932 
vt 0.360103 0.448174 
vt 0.356716 0.451948 
vt 0.356716 0.468804 
vt 0.360939 0.468758 
vt 0.370507 0.406965 
vt 0.271905 0.0237529 
vt 0.256867 0.039545 
vt 0.25652 0.023828 
vt 0.245225 0.0238456 
vt 0.265858 0.0642446 
vt 0.262653 0.0484715 
vt 0.271938 0.0451689 
vt 0.259647 0.0785185 
vt 0.266515 0.0781424 
vt 0.265847 0.0892509 
vt 0.271951 0.0666152 
vt 0.398047 0.449326 
vt 0.402306 0.43569 
vt 0.402306 0.45092 
vt 0.394862 0.427939 
vt 0.389794 0.421423 
vt 0.402306 0.406965 
vt 0.402306 0.420176 
vt 0.397161 0.438362 
vt 0.390874 0.441706 
vt 0.397468 0.461723 
vt 0.390585 0.456201 
vt 0.392376 0.44865 
vt 0.271958 0.0880793 
vt 0.389269 0.406965 
vt 0.299142 0.290772 
vt 0.299557 0.29063 
vt 0.298816 0.290913 
vt 0.387305 0.435863 
vt 0.386079 0.447891 
vt 0.382196 0.4192 
vt 0.299295 0.293652 
vt 0.299302 0.291988 
vt 0.298993 0.293638 
vt 0.379202 0.406965 
vt 0.387304 0.462177 
vt 0.296787 0.296786 
vt 0.296185 0.29747 
vt 0.297429 0.29611 
vt 0.298999 0.292049 
vt 0.298532 0.293173 
vt 0.298635 0.292002 
vt 0.250749 0.104814 
vt 0.237118 0.0957987 
vt 0.241885 0.123541 
vt 0.242798 0.140445 
vt 0.232952 0.140362 
vt 0.233116 0.166712 
vt 0.231787 0.123629 
vt 0.242679 0.167542 
vt 0.252407 0.14165 
vt 0.252762 0.123595 
vt 0.223559 0.140345 
vt 0.223831 0.166746 
vt 0.255096 0.0985962 
vt 0.39154 0.483966 
vt 0.38344 0.486803 
vt 0.252003 0.169257 
vt 0.390772 0.505227 
vt 0.37857 0.505227 
vt 0.2617 0.145195 
vt 0.261782 0.123585 
vt 0.375496 0.487376 
vt 0.369986 0.505227 
vt 0.368363 0.487577 
vt 0.242696 0.194874 
vt 0.233685 0.194903 
vt 0.233969 0.217043 
vt 0.252085 0.194833 
vt 0.261683 0.170807 
vt 0.252008 0.217142 
vt 0.242501 0.217034 
vt 0.224009 0.194931 
vt 0.224167 0.217062 
vt 0.222922 0.123659 
vt 0.214442 0.140375 
vt 0.214424 0.123733 
vt 0.214472 0.166779 
vt 0.300556 0.300694 
vt 0.299981 0.295443 
vt 0.300066 0.293659 
vt 0.299681 0.293656 
vt 0.300366 0.295522 
vt 0.361834 0.487656 
vt 0.300863 0.300759 
vt 0.362439 0.505227 
vt 0.301167 0.300791 
vt 0.301176 0.295521 
vt 0.356716 0.487731 
vt 0.356716 0.505227 
vt 0.300716 0.295521 
vt 0.214507 0.194952 
vt 0.214537 0.217304 
vt 0.22414 0.238672 
vt 0.214568 0.23868 
vt 0.214554 0.229116 
vt 0.263917 0.106581 
vt 0.271965 0.109552 
vt 0.27197 0.131029 
vt 0.261737 0.19526 
vt 0.271982 0.173997 
vt 0.271976 0.152511 
vt 0.271992 0.195494 
vt 0.272005 0.216995 
vt 0.261423 0.217335 
vt 0.272048 0.238537 
vt 0.261139 0.238613 
vt 0.402306 0.465686 
vt 0.395666 0.473651 
vt 0.402306 0.48091 
vt 0.25168 0.238642 
vt 0.402306 0.505227 
vt 0.207372 0.0299201 
vt 0.206377 0.0238892 
vt 0.35334 0.443711 
vt 0.352414 0.430852 
vt 0.349642 0.443789 
vt 0.197069 0.030872 
vt 0.347713 0.431114 
vt 0.346064 0.444012 
vt 0.350824 0.417071 
vt 0.301675 0.290433 
vt 0.301608 0.28514 
vt 0.3497 0.406965 
vt 0.302039 0.290443 
vt 0.34479 0.417322 
vt 0.301914 0.285172 
vt 0.302418 0.290551 
vt 0.30224 0.285301 
vt 0.337916 0.418258 
vt 0.342542 0.431429 
vt 0.342479 0.44434 
vt 0.35333 0.448193 
vt 0.35324 0.451968 
vt 0.349646 0.448213 
vt 0.352624 0.468788 
vt 0.349575 0.45193 
vt 0.34605 0.448217 
vt 0.346018 0.451763 
vt 0.342764 0.448219 
vt 0.347807 0.468793 
vt 0.342381 0.451499 
vt 0.342629 0.468777 
vt 0.339406 0.448237 
vt 0.337402 0.431888 
vt 0.331303 0.432683 
vt 0.339071 0.444378 
vt 0.337147 0.448307 
vt 0.334326 0.444777 
vt 0.334601 0.448239 
vt 0.330181 0.445453 
vt 0.334055 0.448247 
vt 0.338734 0.451307 
vt 0.334364 0.451025 
vt 0.330198 0.450616 
vt 0.337541 0.468328 
vt 0.331458 0.466778 
vt 0.326229 0.462471 
vt 0.342619 0.406965 
vt 0.30281 0.290649 
vt 0.33393 0.406965 
vt 0.331047 0.41935 
vt 0.327353 0.448204 
vt 0.326046 0.436169 
vt 0.322522 0.442044 
vt 0.322902 0.456547 
vt 0.323881 0.406965 
vt 0.323455 0.421651 
vt 0.310987 0.406965 
vt 0.318427 0.428324 
vt 0.321065 0.449052 
vt 0.316214 0.438791 
vt 0.310987 0.420613 
vt 0.315401 0.449845 
vt 0.316054 0.462186 
vt 0.310987 0.43631 
vt 0.310987 0.451641 
vt 0.205925 0.12373 
vt 0.205325 0.140417 
vt 0.205111 0.166811 
vt 0.197061 0.123774 
vt 0.195931 0.140511 
vt 0.30147 0.300761 
vt 0.351855 0.487672 
vt 0.351368 0.505227 
vt 0.345322 0.487617 
vt 0.301637 0.295527 
vt 0.301987 0.295532 
vt 0.302372 0.295457 
vt 0.301778 0.300701 
vt 0.302063 0.300538 
vt 0.343821 0.505227 
vt 0.338193 0.487452 
vt 0.205001 0.194982 
vt 0.204905 0.217096 
vt 0.204996 0.238688 
vt 0.195821 0.166845 
vt 0.195317 0.195008 
vt 0.186964 0.123772 
vt 0.186082 0.140677 
vt 0.186251 0.167749 
vt 0.17609 0.123921 
vt 0.176471 0.141967 
vt 0.330257 0.486928 
vt 0.335238 0.505227 
vt 0.322138 0.484192 
vt 0.176917 0.169542 
vt 0.323035 0.505227 
vt 0.167178 0.145597 
vt 0.195095 0.217115 
vt 0.186294 0.195037 
vt 0.177021 0.217308 
vt 0.176884 0.195069 
vt 0.18655 0.217145 
vt 0.167224 0.171185 
vt 0.317939 0.474026 
vt 0.310987 0.481425 
vt 0.310987 0.466366 
vt 0.310987 0.505227 
vt 0.167076 0.123993 
vt 0.167206 0.195591 
vt 0.167572 0.217583 
vt 0.17743 0.238717 
vt 0.167942 0.238743 
vt 0.156897 0.131532 
vt 0.156892 0.11005 
vt 0.156903 0.153009 
vt 0.156909 0.174482 
vt 0.156919 0.195942 
vt 0.156964 0.238812 
vt 0.156932 0.217393 
vt 0.407243 0.290186 
vt 0.407008 0.292404 
vt 0.403842 0.290276 
vt 0.405703 0.295364 
vt 0.408615 0.309833 
vt 0.404503 0.309833 
vt 0.402114 0.297359 
vt 0.237118 0.0957987 
vt 0.230348 0.0837191 
vt 0.234366 0.0832314 
vt 0.243878 0.0940531 
vt 0.23774 0.0821024 
vt 0.398316 0.309833 
vt 0.397231 0.297691 
vt 0.230417 0.0962626 
vt 0.22611 0.0839937 
vt 0.392932 0.309833 
vt 0.224508 0.0963341 
vt 0.404224 0.289707 
vt 0.403471 0.290881 
vt 0.300147 0.303026 
vt 0.299384 0.299944 
vt 0.300053 0.302976 
vt 0.300021 0.302945 
vt 0.298958 0.300439 
vt 0.300244 0.303072 
vt 0.299634 0.300124 
vt 0.300399 0.303139 
vt 0.299948 0.30034 
vt 0.219982 0.0496618 
vt 0.22124 0.0298984 
vt 0.227339 0.0498563 
vt 0.219377 0.0623798 
vt 0.30078 0.285134 
vt 0.301036 0.282548 
vt 0.300473 0.285162 
vt 0.300873 0.282558 
vt 0.214305 0.0297959 
vt 0.301194 0.285121 
vt 0.301188 0.282548 
vt 0.233166 0.0238584 
vt 0.22222 0.023871 
vt 0.22578 0.00240016 
vt 0.214298 0.0238801 
vt 0.214272 0.00240016 
vt 0.393015 0.297497 
vt 0.389293 0.297686 
vt 0.390842 0.290881 
vt 0.387285 0.288155 
vt 0.39069 0.282565 
vt 0.390824 0.288155 
vt 0.394102 0.290881 
vt 0.387294 0.290881 
vt 0.222242 0.0840145 
vt 0.219751 0.096382 
vt 0.388796 0.309833 
vt 0.383083 0.309833 
vt 0.383363 0.288155 
vt 0.381962 0.282929 
vt 0.38675 0.282406 
vt 0.385142 0.297457 
vt 0.2183 0.0840558 
vt 0.300582 0.303203 
vt 0.300773 0.303251 
vt 0.300556 0.300694 
vt 0.300973 0.303277 
vt 0.300863 0.300759 
vt 0.376633 0.0760133 
vt 0.376633 0.0838916 
vt 0.371939 0.0760133 
vt 0.371939 0.0691104 
vt 0.376633 0.0691104 
vt 0.36881 0.0760133 
vt 0.381326 0.0760133 
vt 0.381326 0.0691104 
vt 0.271809 0.00240016 
vt 0.271905 0.0237529 
vt 0.260302 0.00240016 
vt 0.371939 0.0838916 
vt 0.28348 0.00240016 
vt 0.28348 0.0235754 
vt 0.376633 0.0917701 
vt 0.381326 0.0838916 
vt 0.381326 0.0917701 
vt 0.381326 0.0617841 
vt 0.36881 0.0691104 
vt 0.371939 0.0617841 
vt 0.365682 0.0691104 
vt 0.365682 0.0760133 
vt 0.376633 0.0617841 
vt 0.362553 0.0760133 
vt 0.25652 0.023828 
vt 0.245225 0.0238456 
vt 0.248794 0.00240016 
vt 0.387584 0.0838916 
vt 0.387584 0.0760133 
vt 0.387584 0.0691104 
vt 0.393842 0.0760133 
vt 0.393842 0.0691104 
vt 0.400099 0.0760133 
vt 0.393842 0.0917701 
vt 0.393842 0.0838916 
vt 0.400099 0.0838916 
vt 0.406357 0.0838916 
vt 0.400099 0.0917701 
vt 0.387584 0.0617841 
vt 0.393842 0.0617841 
vt 0.400099 0.0691104 
vt 0.400099 0.0617841 
vt 0.406357 0.0691104 
vt 0.406357 0.0760133 
vt 0.412615 0.0838916 
vt 0.406357 0.0917701 
vt 0.28348 0.0450556 
vt 0.387584 0.0917701 
vt 0.381326 0.0996485 
vt 0.393842 0.0996485 
vt 0.387584 0.0996485 
vt 0.376633 0.110153 
vt 0.376633 0.0996485 
vt 0.371939 0.0996485 
vt 0.371939 0.110153 
vt 0.371939 0.0917701 
vt 0.271938 0.0451689 
vt 0.400099 0.0996485 
vt 0.412615 0.0917701 
vt 0.406357 0.0996485 
vt 0.271951 0.0666152 
vt 0.28348 0.0665355 
vt 0.28348 0.0880154 
vt 0.362553 0.0691104 
vt 0.365682 0.0617841 
vt 0.359424 0.0691104 
vt 0.362553 0.0617841 
vt 0.36881 0.0617841 
vt 0.359424 0.0760133 
vt 0.237287 0.00240016 
vt 0.356295 0.0691104 
vt 0.359424 0.0617841 
vt 0.356295 0.0617841 
vt 0.353166 0.0617841 
vt 0.353166 0.0691104 
vt 0.361558 0.127419 
vt 0.359855 0.127899 
vt 0.358993 0.105586 
vt 0.358132 0.127899 
vt 0.353166 0.0760133 
vt 0.356295 0.0760133 
vt 0.363204 0.126472 
vt 0.370006 0.112787 
vt 0.368946 0.117173 
vt 0.367441 0.121079 
vt 0.366179 0.123266 
vt 0.370518 0.106447 
vt 0.370006 0.100106 
vt 0.368515 0.0943286 
vt 0.406357 0.0617841 
vt 0.412615 0.0760133 
vt 0.412615 0.0691104 
vt 0.366179 0.089628 
vt 0.364756 0.125077 
vt 0.363204 0.0864218 
vt 0.359855 0.0849949 
vt 0.412615 0.0617841 
vt 0.418873 0.0617841 
vt 0.418873 0.0691104 
vt 0.418873 0.0760133 
vt 0.418873 0.0838916 
vt 0.418873 0.0917701 
vt 0.298067 0.295653 
vt 0.2985 0.30096 
vt 0.299295 0.293652 
vt 0.298993 0.293638 
vt 0.298742 0.295279 
vt 0.299536 0.295399 
vt 0.299681 0.293656 
vt 0.412615 0.0996485 
vt 0.297429 0.29611 
vt 0.298532 0.293173 
vt 0.298636 0.294242 
vt 0.418873 0.0996485 
vt 0.244159 0.108378 
vt 0.235668 0.10953 
vt 0.231787 0.123629 
vt 0.241885 0.123541 
vt 0.250749 0.104814 
vt 0.252762 0.123595 
vt 0.227468 0.109947 
vt 0.222922 0.123659 
vt 0.300272 0.300527 
vt 0.299095 0.295343 
vt 0.299981 0.295443 
vt 0.234035 0.228854 
vt 0.242501 0.217034 
vt 0.242711 0.228847 
vt 0.233969 0.217043 
vt 0.252008 0.217142 
vt 0.25168 0.238642 
vt 0.234191 0.238662 
vt 0.224169 0.228868 
vt 0.224167 0.217062 
vt 0.22414 0.238672 
vt 0.226106 0.26016 
vt 0.221361 0.110129 
vt 0.214424 0.123733 
vt 0.214408 0.110205 
vt 0.301167 0.300791 
vt 0.214537 0.217304 
vt 0.214554 0.229116 
vt 0.214599 0.26016 
vt 0.214568 0.23868 
vt 0.237614 0.26016 
vt 0.271958 0.0880793 
vt 0.271965 0.109552 
vt 0.28348 0.109496 
vt 0.27197 0.131029 
vt 0.28348 0.130976 
vt 0.271976 0.152511 
vt 0.371939 0.120658 
vt 0.376633 0.120658 
vt 0.376633 0.131162 
vt 0.371939 0.141667 
vt 0.371939 0.131162 
vt 0.28348 0.152456 
vt 0.28348 0.173936 
vt 0.271982 0.173997 
vt 0.271992 0.195494 
vt 0.28348 0.195416 
vt 0.376633 0.141667 
vt 0.371939 0.149407 
vt 0.376633 0.149407 
vt 0.371939 0.156111 
vt 0.387584 0.131162 
vt 0.381326 0.131162 
vt 0.393842 0.131162 
vt 0.387584 0.156111 
vt 0.381326 0.156111 
vt 0.393842 0.156111 
vt 0.400099 0.131162 
vt 0.406357 0.131162 
vt 0.400099 0.156111 
vt 0.406357 0.156111 
vt 0.376633 0.156111 
vt 0.376633 0.163505 
vt 0.371939 0.163505 
vt 0.28348 0.216896 
vt 0.381326 0.163505 
vt 0.376633 0.170554 
vt 0.371939 0.170554 
vt 0.371939 0.178432 
vt 0.381326 0.170554 
vt 0.376633 0.178432 
vt 0.381326 0.178432 
vt 0.272005 0.216995 
vt 0.272048 0.238537 
vt 0.28348 0.238376 
vt 0.261139 0.238613 
vt 0.272135 0.26016 
vt 0.28348 0.26016 
vt 0.371939 0.186311 
vt 0.36881 0.178432 
vt 0.376633 0.186311 
vt 0.381326 0.186311 
vt 0.387584 0.163505 
vt 0.393842 0.163505 
vt 0.387584 0.170554 
vt 0.387584 0.178432 
vt 0.393842 0.178432 
vt 0.393842 0.170554 
vt 0.400099 0.170554 
vt 0.400099 0.163505 
vt 0.400099 0.178432 
vt 0.406357 0.170554 
vt 0.400099 0.186311 
vt 0.387584 0.186311 
vt 0.387584 0.194189 
vt 0.393842 0.186311 
vt 0.249121 0.26016 
vt 0.260628 0.26016 
vt 0.406357 0.163505 
vt 0.412615 0.131162 
vt 0.412615 0.156111 
vt 0.412615 0.163505 
vt 0.406357 0.178432 
vt 0.412615 0.170554 
vt 0.412615 0.178432 
vt 0.418873 0.131162 
vt 0.418873 0.156111 
vt 0.418873 0.163505 
vt 0.412615 0.186311 
vt 0.418873 0.186311 
vt 0.418873 0.178432 
vt 0.418873 0.170554 
vt 0.406357 0.186311 
vt 0.365682 0.178432 
vt 0.365682 0.186311 
vt 0.362553 0.178432 
vt 0.362553 0.186311 
vt 0.359424 0.178432 
vt 0.36881 0.186311 
vt 0.371939 0.194189 
vt 0.36881 0.194189 
vt 0.365682 0.194189 
vt 0.362553 0.194189 
vt 0.376633 0.194189 
vt 0.359424 0.186311 
vt 0.356295 0.178432 
vt 0.356295 0.186311 
vt 0.353166 0.178432 
vt 0.353166 0.186311 
vt 0.359424 0.194189 
vt 0.356295 0.194189 
vt 0.353166 0.194189 
vt 0.345934 0.132086 
vt 0.347657 0.132086 
vt 0.346796 0.152678 
vt 0.34936 0.132566 
vt 0.351006 0.133513 
vt 0.381326 0.194189 
vt 0.393842 0.194189 
vt 0.406357 0.194189 
vt 0.357808 0.147197 
vt 0.35832 0.153538 
vt 0.357808 0.159879 
vt 0.400099 0.194189 
vt 0.356748 0.142812 
vt 0.412615 0.194189 
vt 0.351006 0.173563 
vt 0.347657 0.17499 
vt 0.418873 0.194189 
vt 0.352558 0.134908 
vt 0.355244 0.138906 
vt 0.353981 0.13672 
vt 0.356318 0.165656 
vt 0.353981 0.170357 
vt 0.301608 0.28514 
vt 0.206377 0.0238892 
vt 0.350037 0.0617841 
vt 0.350037 0.0691104 
vt 0.346908 0.0617841 
vt 0.346908 0.0691104 
vt 0.356429 0.127419 
vt 0.354783 0.126472 
vt 0.343779 0.0617841 
vt 0.350037 0.0760133 
vt 0.202765 0.00240016 
vt 0.346908 0.0760133 
vt 0.343779 0.0691104 
vt 0.34065 0.0617841 
vt 0.34065 0.0691104 
vt 0.343779 0.0760133 
vt 0.337521 0.0617841 
vt 0.337521 0.0691104 
vt 0.334393 0.0617841 
vt 0.353231 0.125077 
vt 0.351808 0.123265 
vt 0.350545 0.121079 
vt 0.350545 0.0918149 
vt 0.353231 0.0878168 
vt 0.356429 0.0854741 
vt 0.293717 0.0691104 
vt 0.287459 0.0617841 
vt 0.293717 0.0617841 
vt 0.287459 0.0691104 
vt 0.287459 0.0760133 
vt 0.293717 0.0760133 
vt 0.293717 0.0838916 
vt 0.287459 0.0838916 
vt 0.287459 0.0917701 
vt 0.293717 0.0917701 
vt 0.349471 0.118565 
vt 0.348296 0.114284 
vt 0.347598 0.109653 
vt 0.347598 0.103241 
vt 0.34861 0.097113 
vt 0.299975 0.0691104 
vt 0.299975 0.0617841 
vt 0.306233 0.0617841 
vt 0.299975 0.0760133 
vt 0.299975 0.0838916 
vt 0.299975 0.0917701 
vt 0.293717 0.0996485 
vt 0.287459 0.0996485 
vt 0.34065 0.0760133 
vt 0.334393 0.0691104 
vt 0.337521 0.0760133 
vt 0.329699 0.0617841 
vt 0.329699 0.0691104 
vt 0.325006 0.0617841 
vt 0.325006 0.0691104 
vt 0.168243 0.00240016 
vt 0.15682 0.0240188 
vt 0.156736 0.00240016 
vt 0.334393 0.0760133 
vt 0.329699 0.0760133 
vt 0.329699 0.0838916 
vt 0.325006 0.0760133 
vt 0.145392 0.0241848 
vt 0.145392 0.00240016 
vt 0.145392 0.045665 
vt 0.334393 0.0838916 
vt 0.329699 0.0917701 
vt 0.325006 0.0838916 
vt 0.325006 0.0917701 
vt 0.318748 0.0760133 
vt 0.318748 0.0691104 
vt 0.31249 0.0617841 
vt 0.318748 0.0617841 
vt 0.31249 0.0691104 
vt 0.306233 0.0691104 
vt 0.306233 0.0760133 
vt 0.306233 0.0838916 
vt 0.306233 0.0917701 
vt 0.31249 0.0760133 
vt 0.318748 0.0838916 
vt 0.31249 0.0838916 
vt 0.318748 0.0917701 
vt 0.31249 0.0917701 
vt 0.156865 0.0455643 
vt 0.334393 0.0917701 
vt 0.306233 0.0996485 
vt 0.145392 0.0671449 
vt 0.156877 0.0670688 
vt 0.145392 0.0886249 
vt 0.31249 0.0996485 
vt 0.299975 0.0996485 
vt 0.334393 0.0996485 
vt 0.325006 0.0996485 
vt 0.318748 0.0996485 
vt 0.334393 0.110153 
vt 0.329699 0.0996485 
vt 0.329699 0.110153 
vt 0.204937 0.228892 
vt 0.204996 0.238688 
vt 0.204905 0.217096 
vt 0.203092 0.26016 
vt 0.195095 0.217115 
vt 0.195065 0.228906 
vt 0.19494 0.238698 
vt 0.186378 0.228927 
vt 0.18655 0.217145 
vt 0.17743 0.238717 
vt 0.177021 0.217308 
vt 0.191584 0.26016 
vt 0.180077 0.26016 
vt 0.16857 0.26016 
vt 0.287459 0.163505 
vt 0.287459 0.156111 
vt 0.293717 0.163505 
vt 0.293717 0.156111 
vt 0.293717 0.131162 
vt 0.287459 0.131162 
vt 0.293717 0.170554 
vt 0.293717 0.178432 
vt 0.287459 0.186311 
vt 0.287459 0.178432 
vt 0.299975 0.178432 
vt 0.293717 0.186311 
vt 0.299975 0.170554 
vt 0.287459 0.170554 
vt 0.299975 0.163505 
vt 0.299975 0.156111 
vt 0.299975 0.131162 
vt 0.306233 0.163505 
vt 0.167942 0.238743 
vt 0.157062 0.26016 
vt 0.306233 0.178432 
vt 0.306233 0.170554 
vt 0.299975 0.186311 
vt 0.350037 0.186311 
vt 0.350037 0.178432 
vt 0.346908 0.178432 
vt 0.346908 0.186311 
vt 0.350037 0.194189 
vt 0.346908 0.194189 
vt 0.343779 0.186311 
vt 0.343779 0.194189 
vt 0.344231 0.132566 
vt 0.342585 0.133513 
vt 0.341033 0.134908 
vt 0.343779 0.178432 
vt 0.34065 0.186311 
vt 0.34065 0.178432 
vt 0.337521 0.178432 
vt 0.337521 0.186311 
vt 0.334393 0.186311 
vt 0.334393 0.194189 
vt 0.34065 0.194189 
vt 0.337521 0.194189 
vt 0.329699 0.186311 
vt 0.329699 0.194189 
vt 0.344231 0.174511 
vt 0.293717 0.194189 
vt 0.299975 0.194189 
vt 0.287459 0.194189 
vt 0.338348 0.16817 
vt 0.336413 0.162872 
vt 0.33961 0.136719 
vt 0.338348 0.138906 
vt 0.337274 0.14142 
vt 0.336098 0.145701 
vt 0.341033 0.172168 
vt 0.3354 0.150332 
vt 0.31249 0.186311 
vt 0.306233 0.194189 
vt 0.306233 0.186311 
vt 0.325006 0.186311 
vt 0.325006 0.194189 
vt 0.318748 0.194189 
vt 0.318748 0.186311 
vt 0.31249 0.194189 
vt 0.3354 0.156744 
vt 0.156892 0.11005 
vt 0.156897 0.131532 
vt 0.145392 0.110105 
vt 0.145392 0.131585 
vt 0.156903 0.153009 
vt 0.156886 0.0885645 
vt 0.334393 0.141667 
vt 0.329699 0.131162 
vt 0.334393 0.131162 
vt 0.334393 0.120658 
vt 0.329699 0.120658 
vt 0.145392 0.153065 
vt 0.156909 0.174482 
vt 0.156919 0.195942 
vt 0.145392 0.174545 
vt 0.145392 0.196025 
vt 0.334393 0.156111 
vt 0.329699 0.149407 
vt 0.334393 0.149407 
vt 0.329699 0.141667 
vt 0.329699 0.156111 
vt 0.306233 0.131162 
vt 0.31249 0.131162 
vt 0.31249 0.156111 
vt 0.306233 0.156111 
vt 0.325006 0.156111 
vt 0.325006 0.131162 
vt 0.318748 0.131162 
vt 0.318748 0.156111 
vt 0.145392 0.238985 
vt 0.156932 0.217393 
vt 0.156964 0.238812 
vt 0.145392 0.217505 
vt 0.334393 0.178432 
vt 0.145392 0.26016 
vt 0.329699 0.178432 
vt 0.325006 0.178432 
vt 0.329699 0.170554 
vt 0.329699 0.163505 
vt 0.334393 0.163505 
vt 0.325006 0.163505 
vt 0.334393 0.170554 
vt 0.325006 0.170554 
vt 0.31249 0.170554 
vt 0.31249 0.178432 
vt 0.31249 0.163505 
vt 0.318748 0.178432 
vt 0.318748 0.163505 
vt 0.318748 0.170554 
vt 0.219982 0.0496618 
vt 0.219377 0.0623798 
vt 0.214331 0.0495603 
vt 0.214305 0.0297959 
vt 0.214347 0.0624385 
vt 0.300473 0.285162 
vt 0.300329 0.290433 
vt 0.30078 0.285134 
vt 0.299949 0.290537 
vt 0.300412 0.293662 
vt 0.300399 0.29181 
vt 0.300055 0.291849 
vt 0.300693 0.290427 
vt 0.300739 0.293664 
vt 0.300733 0.291792 
vt 0.30118 0.293669 
vt 0.301182 0.291791 
vt 0.301184 0.290434 
vt 0.385142 0.297457 
vt 0.380542 0.297022 
vt 0.383359 0.290881 
vt 0.387294 0.290881 
vt 0.2183 0.0840558 
vt 0.219751 0.096382 
vt 0.214391 0.0963178 
vt 0.377953 0.309833 
vt 0.383083 0.309833 
vt 0.214376 0.0840608 
vt 0.300066 0.293659 
vt 0.299681 0.293656 
vt 0.300973 0.303277 
vt 0.301154 0.303279 
vt 0.301167 0.300791 
vt 0.299557 0.29063 
vt 0.299677 0.291913 
vt 0.299302 0.291988 
vt 0.299295 0.293652 
vt 0.255517 0.375921 
vt 0.251692 0.360614 
vt 0.254555 0.360273 
vt 0.250557 0.355319 
vt 0.251465 0.350825 
vt 0.256327 0.357168 
vt 0.26187 0.373617 
vt 0.245558 0.376342 
vt 0.263684 0.402139 
vt 0.258473 0.402504 
vt 0.259551 0.375577 
vt 0.25942 0.431154 
vt 0.266175 0.401143 
vt 0.267444 0.430799 
vt 0.264895 0.430938 
vt 0.258731 0.459862 
vt 0.263843 0.459869 
vt 0.260504 0.484679 
vt 0.256241 0.4845 
vt 0.26636 0.460539 
vt 0.262822 0.48655 
vt 0.245702 0.402965 
vt 0.245946 0.459869 
vt 0.245841 0.431423 
vt 0.254412 0.502122 
vt 0.251694 0.501914 
vt 0.250715 0.506774 
vt 0.245972 0.484351 
vt 0.25628 0.505446 
vt 0.251556 0.511092 
vt 0.245438 0.354108 
vt 0.245469 0.360712 
vt 0.24031 0.355446 
vt 0.239413 0.351351 
vt 0.2454 0.349383 
vt 0.234576 0.357501 
vt 0.214408 0.110205 
vt 0.236421 0.360667 
vt 0.231489 0.376125 
vt 0.229153 0.374229 
vt 0.300716 0.295521 
vt 0.300366 0.295522 
vt 0.301176 0.295521 
vt 0.235489 0.376296 
vt 0.232688 0.402923 
vt 0.232008 0.431515 
vt 0.232931 0.46008 
vt 0.227794 0.460162 
vt 0.235954 0.484567 
vt 0.231717 0.484743 
vt 0.227518 0.402753 
vt 0.22502 0.401828 
vt 0.226571 0.431471 
vt 0.22402 0.431338 
vt 0.225281 0.460872 
vt 0.229397 0.486638 
vt 0.245973 0.501911 
vt 0.245956 0.507961 
vt 0.241226 0.506661 
vt 0.240264 0.510915 
vt 0.245915 0.512673 
vt 0.301632 0.291798 
vt 0.301966 0.29182 
vt 0.301618 0.293669 
vt 0.301675 0.290433 
vt 0.302039 0.290443 
vt 0.30231 0.291864 
vt 0.301946 0.29367 
vt 0.302679 0.293675 
vt 0.302291 0.293672 
vt 0.195438 0.0239019 
vt 0.206377 0.0238892 
vt 0.197069 0.030872 
vt 0.186361 0.0327344 
vt 0.30224 0.285301 
vt 0.30281 0.290649 
vt 0.30259 0.285432 
vt 0.303223 0.290795 
vt 0.302976 0.285605 
vt 0.183394 0.0239152 
vt 0.303549 0.29094 
vt 0.303296 0.285757 
vt 0.302418 0.290551 
vt 0.302685 0.29193 
vt 0.303061 0.292009 
vt 0.303064 0.293675 
vt 0.303369 0.293674 
vt 0.30336 0.29208 
vt 0.306163 0.297533 
vt 0.305562 0.296841 
vt 0.304246 0.301826 
vt 0.30383 0.293197 
vt 0.303724 0.292028 
vt 0.304721 0.3027 
vt 0.303834 0.300993 
vt 0.304923 0.296156 
vt 0.301637 0.295527 
vt 0.301987 0.295532 
vt 0.302372 0.295457 
vt 0.239253 0.360829 
vt 0.245469 0.360712 
vt 0.245558 0.376342 
vt 0.24031 0.355446 
vt 0.236421 0.360667 
vt 0.235489 0.376296 
vt 0.231717 0.484743 
vt 0.235954 0.484567 
vt 0.237571 0.502019 
vt 0.245972 0.484351 
vt 0.245973 0.501911 
vt 0.240257 0.501889 
vt 0.241226 0.506661 
vt 0.240264 0.510915 
vt 0.235722 0.505154 
vt 0.229397 0.486638 
vt 0.373915 0.297193 
vt 0.380542 0.297022 
vt 0.377953 0.309833 
vt 0.214331 0.0495603 
vt 0.214347 0.0624385 
vt 0.209317 0.0624184 
vt 0.208681 0.0496951 
vt 0.214305 0.0297959 
vt 0.207372 0.0299201 
vt 0.214359 0.0708554 
vt 0.21041 0.0709009 
vt 0.375233 0.282883 
vt 0.367668 0.274163 
vt 0.374506 0.274163 
vt 0.201771 0.0498986 
vt 0.203847 0.0624187 
vt 0.206418 0.0709277 
vt 0.202575 0.0709453 
vt 0.374977 0.290881 
vt 0.366858 0.297338 
vt 0.367414 0.290881 
vt 0.192253 0.507961 
vt 0.196984 0.506661 
vt 0.197946 0.510915 
vt 0.192295 0.512673 
vt 0.186654 0.511092 
vt 0.187494 0.506774 
vt 0.301608 0.28514 
vt 0.30134 0.28255 
vt 0.301188 0.282548 
vt 0.301914 0.285172 
vt 0.201771 0.0498986 
vt 0.197069 0.030872 
vt 0.207372 0.0299201 
vt 0.301504 0.282562 
vt 0.30224 0.285301 
vt 0.198421 0.0625616 
vt 0.203847 0.0624187 
vt 0.202575 0.0709453 
vt 0.368279 0.282972 
vt 0.359087 0.274163 
vt 0.367668 0.274163 
vt 0.301663 0.282581 
vt 0.202765 0.00240016 
vt 0.206377 0.0238892 
vt 0.195438 0.0239019 
vt 0.381962 0.282929 
vt 0.374506 0.274163 
vt 0.382193 0.274163 
vt 0.383359 0.290881 
vt 0.380542 0.297022 
vt 0.373915 0.297193 
vt 0.383363 0.288155 
vt 0.375233 0.282883 
vt 0.374869 0.288155 
vt 0.210452 0.0840905 
vt 0.214376 0.0840608 
vt 0.214391 0.0963178 
vt 0.370672 0.309833 
vt 0.377953 0.309833 
vt 0.209032 0.0964284 
vt 0.20651 0.084084 
vt 0.374977 0.290881 
vt 0.366858 0.297338 
vt 0.36278 0.309833 
vt 0.367414 0.290881 
vt 0.360072 0.29728 
vt 0.361224 0.282698 
vt 0.367208 0.288155 
vt 0.360464 0.290881 
vt 0.352196 0.297454 
vt 0.203952 0.0964214 
vt 0.202642 0.0840973 
vt 0.355537 0.309833 
vt 0.360169 0.288155 
vt 0.301167 0.300791 
vt 0.301154 0.303279 
vt 0.301342 0.30328 
vt 0.30147 0.300761 
vt 0.301535 0.303258 
vt 0.301778 0.300701 
vt 0.301723 0.303213 
vt 0.30259 0.285432 
vt 0.353638 0.290881 
vt 0.198033 0.0964006 
vt 0.302063 0.300538 
vt 0.301918 0.303147 
vt 0.191258 0.00240016 
vt 0.183394 0.0239152 
vt 0.17975 0.00240016 
vt 0.303613 0.295308 
vt 0.303369 0.293674 
vt 0.303064 0.293675 
vt 0.172126 0.0239342 
vt 0.168243 0.00240016 
vt 0.15682 0.0240188 
vt 0.162327 0.0764213 
vt 0.156877 0.0670688 
vt 0.162907 0.0640919 
vt 0.156886 0.0885645 
vt 0.156865 0.0455643 
vt 0.214408 0.110205 
vt 0.353101 0.282624 
vt 0.361224 0.282698 
vt 0.360169 0.288155 
vt 0.198421 0.0625616 
vt 0.202575 0.0709453 
vt 0.198529 0.071094 
vt 0.193668 0.0505712 
vt 0.203847 0.0624187 
vt 0.192341 0.0628452 
vt 0.187361 0.0634835 
vt 0.194584 0.071342 
vt 0.201771 0.0498986 
vt 0.197069 0.030872 
vt 0.186988 0.0516355 
vt 0.301663 0.282581 
vt 0.30259 0.285432 
vt 0.301818 0.282609 
vt 0.349489 0.274163 
vt 0.359087 0.274163 
vt 0.340888 0.274163 
vt 0.344526 0.283306 
vt 0.302976 0.285605 
vt 0.301951 0.282636 
vt 0.336749 0.286729 
vt 0.182332 0.0648116 
vt 0.191144 0.0721005 
vt 0.179321 0.0709859 
vt 0.189692 0.0737608 
vt 0.33045 0.274163 
vt 0.335185 0.28756 
vt 0.334239 0.289263 
vt 0.326451 0.280511 
vt 0.322784 0.289458 
vt 0.303834 0.300993 
vt 0.30231 0.302962 
vt 0.30227 0.30301 
vt 0.178273 0.0780709 
vt 0.188957 0.0768377 
vt 0.303296 0.285757 
vt 0.302045 0.282658 
vt 0.186361 0.0327344 
vt 0.179571 0.0537431 
vt 0.177948 0.0356321 
vt 0.175169 0.0575091 
vt 0.304721 0.3027 
vt 0.304246 0.301826 
vt 0.302185 0.303159 
vt 0.30227 0.30301 
vt 0.303834 0.300993 
vt 0.171204 0.0671564 
vt 0.337136 0.288805 
vt 0.353309 0.288155 
vt 0.353638 0.290881 
vt 0.352196 0.297454 
vt 0.343959 0.296738 
vt 0.346401 0.288155 
vt 0.346593 0.290881 
vt 0.346064 0.309833 
vt 0.355537 0.309833 
vt 0.198403 0.08386 
vt 0.202642 0.0840973 
vt 0.198033 0.0964006 
vt 0.191151 0.0959209 
vt 0.338545 0.309833 
vt 0.336868 0.295402 
vt 0.337965 0.290881 
vt 0.334873 0.29209 
vt 0.325744 0.302089 
vt 0.337965 0.288155 
vt 0.337126 0.290242 
vt 0.331025 0.309833 
vt 0.194384 0.083408 
vt 0.184941 0.0941758 
vt 0.191007 0.0823087 
vt 0.336473 0.289458 
vt 0.18958 0.0803386 
vt 0.17864 0.0845031 
vt 0.181515 0.0904127 
vt 0.183394 0.0239152 
vt 0.172126 0.0239342 
vt 0.170426 0.041469 
vt 0.15682 0.0240188 
vt 0.166039 0.0489621 
vt 0.162907 0.0640919 
vt 0.156865 0.0455643 
vt 0.16903 0.0772126 
vt 0.162327 0.0764213 
vt 0.162983 0.0896747 
vt 0.177753 0.104993 
vt 0.173598 0.0988287 
vt 0.17609 0.123921 
vt 0.167076 0.123993 
vt 0.164925 0.107001 
vt 0.156892 0.11005 
vt 0.156886 0.0885645 
vt 0.302387 0.300354 
vt 0.301918 0.303147 
vt 0.302077 0.303082 
vt 0.302702 0.300143 
vt 0.302177 0.303037 
vt 0.303834 0.300993 
vt 0.303375 0.300463 
vt 0.30231 0.302962 
vt 0.302953 0.299967 
vt 0.302279 0.302985 
vt 0.178273 0.0780709 
vt 0.17864 0.0845031 
vt 0.169894 0.0887539 
vt 0.303064 0.293675 
vt 0.302679 0.293675 
vt 0.302818 0.295418 
vt 0.304282 0.295687 
vt 0.303613 0.295308 
vt 0.303724 0.294277 
vt 0.303369 0.293674 
vt 0.30383 0.293197 
vt 0.304923 0.296156 
vt 0.16903 0.0772126 
vt 0.162983 0.0896747 
vt 0.209032 0.0964284 
vt 0.214408 0.110205 
vt 0.20731 0.110183 
vt 0.203952 0.0964214 
vt 0.200461 0.110021 
vt 0.205925 0.12373 
vt 0.214424 0.123733 
vt 0.203633 0.357501 
vt 0.209056 0.374229 
vt 0.201788 0.360667 
vt 0.20272 0.376296 
vt 0.198956 0.360829 
vt 0.198797 0.351351 
vt 0.192771 0.354108 
vt 0.192809 0.349383 
vt 0.186745 0.350825 
vt 0.197061 0.123774 
vt 0.1979 0.355446 
vt 0.192741 0.360712 
vt 0.192651 0.376342 
vt 0.302372 0.295457 
vt 0.302063 0.300538 
vt 0.206721 0.376125 
vt 0.210691 0.402753 
vt 0.21419 0.431338 
vt 0.211639 0.431471 
vt 0.21319 0.401828 
vt 0.205521 0.402923 
vt 0.206201 0.431515 
vt 0.212928 0.460872 
vt 0.210416 0.460162 
vt 0.192507 0.402965 
vt 0.192369 0.431423 
vt 0.205278 0.46008 
vt 0.202255 0.484567 
vt 0.192264 0.459869 
vt 0.192237 0.484351 
vt 0.197953 0.501889 
vt 0.196984 0.506661 
vt 0.192236 0.501911 
vt 0.192253 0.507961 
vt 0.187652 0.355319 
vt 0.198033 0.0964006 
vt 0.192253 0.109674 
vt 0.183655 0.360273 
vt 0.186517 0.360614 
vt 0.182693 0.375921 
vt 0.181882 0.357168 
vt 0.17634 0.373617 
vt 0.191151 0.0959209 
vt 0.184194 0.108588 
vt 0.186964 0.123772 
vt 0.177753 0.104993 
vt 0.17609 0.123921 
vt 0.30326 0.295367 
vt 0.173598 0.0988287 
vt 0.179736 0.402504 
vt 0.179478 0.459862 
vt 0.181968 0.4845 
vt 0.186516 0.501914 
vt 0.187494 0.506774 
vt 0.183797 0.502122 
vt 0.17879 0.431154 
vt 0.178658 0.375577 
vt 0.174525 0.402139 
vt 0.172035 0.401143 
vt 0.173315 0.430938 
vt 0.177705 0.484679 
vt 0.174367 0.459869 
vt 0.186654 0.511092 
vt 0.170766 0.430799 
vt 0.171849 0.460539 
vt 0.175388 0.48655 
vt 0.18193 0.505446 
vt 0.164925 0.107001 
vt 0.210416 0.460162 
vt 0.206492 0.484743 
vt 0.205278 0.46008 
vt 0.212928 0.460872 
vt 0.208813 0.486638 
vt 0.202255 0.484567 
vt 0.200639 0.502019 
vt 0.202487 0.505154 
vt 0.197953 0.501889 
vt 0.197946 0.510915 
vt 0.196984 0.506661 

usemtl Rig1Mtl

f 4145/4145/4145 4146/4146/4146 4147/4147/4147 
f 4147/4147/4147 4146/4146/4146 4247/4247/4247 
f 3907/3907/3907 3908/3908/3908 3909/3909/3909 
f 3907/3907/3907 3910/3910/3910 3908/3908/3908 
f 3909/3909/3909 3908/3908/3908 3911/3911/3911 
f 3910/3910/3910 3907/3907/3907 3915/3915/3915 
f 3919/3919/3919 3910/3910/3910 3915/3915/3915 
f 3926/3926/3926 3919/3919/3919 3915/3915/3915 
f 3926/3926/3926 3927/3927/3927 3919/3919/3919 
f 3926/3926/3926 3990/3990/3990 3927/3927/3927 
f 3990/3990/3990 3991/3991/3991 3927/3927/3927 
f 3990/3990/3990 3996/3996/3996 3991/3991/3991 
f 3990/3990/3990 3994/3994/3994 3996/3996/3996 
f 3994/3994/3994 3995/3995/3995 3996/3996/3996 
f 4106/4106/4106 3994/3994/3994 3990/3990/3990 
f 4106/4106/4106 3995/3995/3995 3994/3994/3994 
f 3926/3926/3926 3997/3997/3997 3990/3990/3990 
f 3997/3997/3997 4106/4106/4106 3990/3990/3990 
f 4106/4106/4106 4094/4094/4094 3995/3995/3995 
f 4094/4094/4094 4095/4095/4095 3995/3995/3995 
f 4106/4106/4106 4113/4113/4113 4094/4094/4094 
f 4094/4094/4094 4113/4113/4113 4103/4103/4103 
f 4148/4148/4148 4106/4106/4106 3997/3997/3997 
f 4106/4106/4106 4148/4148/4148 4113/4113/4113 
f 3926/3926/3926 4059/4059/4059 3997/3997/3997 
f 4059/4059/4059 3926/3926/3926 3915/3915/3915 
f 4061/4061/4061 4148/4148/4148 3997/3997/3997 
f 4059/4059/4059 4061/4061/4061 3997/3997/3997 
f 4149/4149/4149 4148/4148/4148 4061/4061/4061 
f 4148/4148/4148 4149/4149/4149 4113/4113/4113 
f 4075/4075/4075 4149/4149/4149 4061/4061/4061 
f 4149/4149/4149 4150/4150/4150 4113/4113/4113 
f 4075/4075/4075 4061/4061/4061 4060/4060/4060 
f 4059/4059/4059 4060/4060/4060 4061/4061/4061 
f 4075/4075/4075 4060/4060/4060 4062/4062/4062 
f 3952/3952/3952 4059/4059/4059 3915/3915/3915 
f 4060/4060/4060 4059/4059/4059 3952/3952/3952 
f 3952/3952/3952 3915/3915/3915 3907/3907/3907 
f 4056/4056/4056 4062/4062/4062 4060/4060/4060 
f 4056/4056/4056 4060/4060/4060 3952/3952/3952 
f 4058/4058/4058 4062/4062/4062 4056/4056/4056 
f 3947/3947/3947 3952/3952/3952 3907/3907/3907 
f 3947/3947/3947 4056/4056/4056 3952/3952/3952 
f 4058/4058/4058 4056/4056/4056 4057/4057/4057 
f 3947/3947/3947 4057/4057/4057 4056/4056/4056 
f 4052/4052/4052 4058/4058/4058 4057/4057/4057 
f 3909/3909/3909 3947/3947/3947 3907/3907/3907 
f 4052/4052/4052 4057/4057/4057 4053/4053/4053 
f 4053/4053/4053 4057/4057/4057 3947/3947/3947 
f 4052/4052/4052 4053/4053/4053 4054/4054/4054 
f 3909/3909/3909 3946/3946/3946 3947/3947/3947 
f 3946/3946/3946 4053/4053/4053 3947/3947/3947 
f 4053/4053/4053 3949/3949/3949 4054/4054/4054 
f 3949/3949/3949 4053/4053/4053 3946/3946/3946 
f 4054/4054/4054 3949/3949/3949 4055/4055/4055 
f 3912/3912/3912 3946/3946/3946 3909/3909/3909 
f 3912/3912/3912 3949/3949/3949 3946/3946/3946 
f 3949/3949/3949 3948/3948/3948 4055/4055/4055 
f 3948/3948/3948 3949/3949/3949 3912/3912/3912 
f 4055/4055/4055 3948/3948/3948 3958/3958/3958 
f 3913/3913/3913 3912/3912/3912 3909/3909/3909 
f 3909/3909/3909 3911/3911/3911 3913/3913/3913 
f 3913/3913/3913 3911/3911/3911 3929/3929/3929 
f 3912/3912/3912 3913/3913/3913 3914/3914/3914 
f 3948/3948/3948 3912/3912/3912 3914/3914/3914 
f 3913/3913/3913 3929/3929/3929 3930/3930/3930 
f 3913/3913/3913 3930/3930/3930 3914/3914/3914 
f 3930/3930/3930 3929/3929/3929 3931/3931/3931 
f 3914/3914/3914 3930/3930/3930 3931/3931/3931 
f 3929/3929/3929 4011/4011/4011 3931/3931/3931 
f 3931/3931/3931 4011/4011/4011 4010/4010/4010 
f 3931/3931/3931 4010/4010/4010 4006/4006/4006 
f 4006/4006/4006 4010/4010/4010 4018/4018/4018 
f 4006/4006/4006 4018/4018/4018 4019/4019/4019 
f 4006/4006/4006 3932/3932/3932 3931/3931/3931 
f 3914/3914/3914 3931/3931/3931 3932/3932/3932 
f 3932/3932/3932 3933/3933/3933 3914/3914/3914 
f 3933/3933/3933 3948/3948/3948 3914/3914/3914 
f 3948/3948/3948 3933/3933/3933 3958/3958/3958 
f 4007/4007/4007 3933/3933/3933 3932/3932/3932 
f 3958/3958/3958 3933/3933/3933 3959/3959/3959 
f 3933/3933/3933 4007/4007/4007 3959/3959/3959 
f 4016/4016/4016 3959/3959/3959 4007/4007/4007 
f 4016/4016/4016 4007/4007/4007 4017/4017/4017 
f 4164/4164/4164 4016/4016/4016 4017/4017/4017 
f 4164/4164/4164 4165/4165/4165 4016/4016/4016 
f 4165/4165/4165 4164/4164/4164 4169/4169/4169 
f 3920/3920/3920 3921/3921/3921 3922/3922/3922 
f 3921/3921/3921 3928/3928/3928 3922/3922/3922 
f 3922/3922/3922 3928/3928/3928 3972/3972/3972 
f 3920/3920/3920 3924/3924/3924 3921/3921/3921 
f 3971/3971/3971 3922/3922/3922 3972/3972/3972 
f 3971/3971/3971 3972/3972/3972 3979/3979/3979 
f 3971/3971/3971 3979/3979/3979 3973/3973/3973 
f 3971/3971/3971 3973/3973/3973 3974/3974/3974 
f 3974/3974/3974 3973/3973/3973 3976/3976/3976 
f 3973/3973/3973 3975/3975/3975 3976/3976/3976 
f 3976/3976/3976 3975/3975/3975 3982/3982/3982 
f 3975/3975/3975 3981/3981/3981 3982/3982/3982 
f 3982/3982/3982 3981/3981/3981 3983/3983/3983 
f 3920/3920/3920 3922/3922/3922 3978/3978/3978 
f 3922/3922/3922 3989/3989/3989 3978/3978/3978 
f 3977/3977/3977 3920/3920/3920 3978/3978/3978 
f 3977/3977/3977 3923/3923/3923 3920/3920/3920 
f 3920/3920/3920 3923/3923/3923 3924/3924/3924 
f 3980/3980/3980 3923/3923/3923 3977/3977/3977 
f 3923/3923/3923 3925/3925/3925 3924/3924/3924 
f 3980/3980/3980 3941/3941/3941 3923/3923/3923 
f 3923/3923/3923 3941/3941/3941 3925/3925/3925 
f 3984/3984/3984 3941/3941/3941 3980/3980/3980 
f 3925/3925/3925 3941/3941/3941 3937/3937/3937 
f 3984/3984/3984 3937/3937/3937 3941/3941/3941 
f 3925/3925/3925 3937/3937/3937 3938/3938/3938 
f 3937/3937/3937 3984/3984/3984 3985/3985/3985 
f 3938/3938/3938 3937/3937/3937 3939/3939/3939 
f 3937/3937/3937 3985/3985/3985 3939/3939/3939 
f 3939/3939/3939 3985/3985/3985 4040/4040/4040 
f 3938/3938/3938 3939/3939/3939 3940/3940/3940 
f 3939/3939/3939 4040/4040/4040 4012/4012/4012 
f 3939/3939/3939 4012/4012/4012 3940/3940/3940 
f 4012/4012/4012 4013/4013/4013 3940/3940/3940 
f 4013/4013/4013 4012/4012/4012 4014/4014/4014 
f 4013/4013/4013 4014/4014/4014 4015/4015/4015 
f 4015/4015/4015 4014/4014/4014 4020/4020/4020 
f 4015/4015/4015 4020/4020/4020 4021/4021/4021 
f 4027/4027/4027 4036/4036/4036 4037/4037/4037 
f 4166/4166/4166 4025/4025/4025 4039/4039/4039 
f 4026/4026/4026 4025/4025/4025 4166/4166/4166 
f 4166/4166/4166 4039/4039/4039 4184/4184/4184 
f 4184/4184/4184 4039/4039/4039 4048/4048/4048 
f 4167/4167/4167 4026/4026/4026 4166/4166/4166 
f 4036/4036/4036 4026/4026/4026 4167/4167/4167 
f 4168/4168/4168 4166/4166/4166 4184/4184/4184 
f 4167/4167/4167 4166/4166/4166 4168/4168/4168 
f 4184/4184/4184 4048/4048/4048 4185/4185/4185 
f 4185/4185/4185 4048/4048/4048 4049/4049/4049 
f 4168/4168/4168 4184/4184/4184 4186/4186/4186 
f 4185/4185/4185 4186/4186/4186 4184/4184/4184 
f 4172/4172/4172 4036/4036/4036 4167/4167/4167 
f 4036/4036/4036 4172/4172/4172 4037/4037/4037 
f 4172/4172/4172 4175/4175/4175 4037/4037/4037 
f 4167/4167/4167 4170/4170/4170 4172/4172/4172 
f 4170/4170/4170 4167/4167/4167 4168/4168/4168 
f 4172/4172/4172 4177/4177/4177 4175/4175/4175 
f 4170/4170/4170 4177/4177/4177 4172/4172/4172 
f 4177/4177/4177 4210/4210/4210 4175/4175/4175 
f 4170/4170/4170 4168/4168/4168 4171/4171/4171 
f 4171/4171/4171 4168/4168/4168 4186/4186/4186 
f 4177/4177/4177 4170/4170/4170 4182/4182/4182 
f 4182/4182/4182 4170/4170/4170 4171/4171/4171 
f 4177/4177/4177 4181/4181/4181 4210/4210/4210 
f 4181/4181/4181 4177/4177/4177 4182/4182/4182 
f 4181/4181/4181 4212/4212/4212 4210/4210/4210 
f 4212/4212/4212 4181/4181/4181 4213/4213/4213 
f 4212/4212/4212 4213/4213/4213 4218/4218/4218 
f 4181/4181/4181 4182/4182/4182 4196/4196/4196 
f 4213/4213/4213 4181/4181/4181 4196/4196/4196 
f 4182/4182/4182 4171/4171/4171 4183/4183/4183 
f 4196/4196/4196 4182/4182/4182 4183/4183/4183 
f 4213/4213/4213 4219/4219/4219 4218/4218/4218 
f 4219/4219/4219 4220/4220/4220 4218/4218/4218 
f 4196/4196/4196 4197/4197/4197 4213/4213/4213 
f 4197/4197/4197 4219/4219/4219 4213/4213/4213 
f 4196/4196/4196 4183/4183/4183 4198/4198/4198 
f 4197/4197/4197 4196/4196/4196 4198/4198/4198 
f 4219/4219/4219 4221/4221/4221 4220/4220/4220 
f 4221/4221/4221 4224/4224/4224 4220/4220/4220 
f 4197/4197/4197 4215/4215/4215 4219/4219/4219 
f 4215/4215/4215 4221/4221/4221 4219/4219/4219 
f 4197/4197/4197 4198/4198/4198 4200/4200/4200 
f 4215/4215/4215 4197/4197/4197 4200/4200/4200 
f 4221/4221/4221 4223/4223/4223 4224/4224/4224 
f 4223/4223/4223 4227/4227/4227 4224/4224/4224 
f 4221/4221/4221 4215/4215/4215 4216/4216/4216 
f 4221/4221/4221 4216/4216/4216 4223/4223/4223 
f 4202/4202/4202 4215/4215/4215 4200/4200/4200 
f 4202/4202/4202 4216/4216/4216 4215/4215/4215 
f 4227/4227/4227 4223/4223/4223 4225/4225/4225 
f 4227/4227/4227 4225/4225/4225 4228/4228/4228 
f 4223/4223/4223 4216/4216/4216 4222/4222/4222 
f 4223/4223/4223 4222/4222/4222 4225/4225/4225 
f 4216/4216/4216 4202/4202/4202 4214/4214/4214 
f 4222/4222/4222 4216/4216/4216 4214/4214/4214 
f 4203/4203/4203 4214/4214/4214 4202/4202/4202 
f 4222/4222/4222 4217/4217/4217 4225/4225/4225 
f 4222/4222/4222 4214/4214/4214 4217/4217/4217 
f 4225/4225/4225 4226/4226/4226 4228/4228/4228 
f 4217/4217/4217 4226/4226/4226 4225/4225/4225 
f 4226/4226/4226 4269/4269/4269 4228/4228/4228 
f 4214/4214/4214 4206/4206/4206 4217/4217/4217 
f 4206/4206/4206 4214/4214/4214 4203/4203/4203 
f 4226/4226/4226 4217/4217/4217 4209/4209/4209 
f 4217/4217/4217 4206/4206/4206 4209/4209/4209 
f 4269/4269/4269 4226/4226/4226 4267/4267/4267 
f 4226/4226/4226 4209/4209/4209 4267/4267/4267 
f 4269/4269/4269 4267/4267/4267 4268/4268/4268 
f 4203/4203/4203 4202/4202/4202 4201/4201/4201 
f 4201/4201/4201 4206/4206/4206 4203/4203/4203 
f 4201/4201/4201 4202/4202/4202 4200/4200/4200 
f 4206/4206/4206 4205/4205/4205 4209/4209/4209 
f 4205/4205/4205 4206/4206/4206 4201/4201/4201 
f 4267/4267/4267 4209/4209/4209 4208/4208/4208 
f 4209/4209/4209 4205/4205/4205 4208/4208/4208 
f 4267/4267/4267 4257/4257/4257 4268/4268/4268 
f 4267/4267/4267 4208/4208/4208 4257/4257/4257 
f 4257/4257/4257 4270/4270/4270 4268/4268/4268 
f 4257/4257/4257 4259/4259/4259 4270/4270/4270 
f 4257/4257/4257 4255/4255/4255 4259/4259/4259 
f 4257/4257/4257 4208/4208/4208 4255/4255/4255 
f 4256/4256/4256 4259/4259/4259 4255/4255/4255 
f 4256/4256/4256 4255/4255/4255 4244/4244/4244 
f 4243/4243/4243 4256/4256/4256 4244/4244/4244 
f 4208/4208/4208 4207/4207/4207 4255/4255/4255 
f 4207/4207/4207 4244/4244/4244 4255/4255/4255 
f 4243/4243/4243 4244/4244/4244 4237/4237/4237 
f 4236/4236/4236 4243/4243/4243 4237/4237/4237 
f 4235/4235/4235 4236/4236/4236 4237/4237/4237 
f 4244/4244/4244 4194/4194/4194 4237/4237/4237 
f 4207/4207/4207 4194/4194/4194 4244/4244/4244 
f 4237/4237/4237 4192/4192/4192 4235/4235/4235 
f 4194/4194/4194 4192/4192/4192 4237/4237/4237 
f 4192/4192/4192 4187/4187/4187 4235/4235/4235 
f 4187/4187/4187 4049/4049/4049 4235/4235/4235 
f 4185/4185/4185 4049/4049/4049 4187/4187/4187 
f 4187/4187/4187 4188/4188/4188 4185/4185/4185 
f 4187/4187/4187 4192/4192/4192 4188/4188/4188 
f 4185/4185/4185 4188/4188/4188 4186/4186/4186 
f 4194/4194/4194 4190/4190/4190 4192/4192/4192 
f 4190/4190/4190 4188/4188/4188 4192/4192/4192 
f 4186/4186/4186 4188/4188/4188 4189/4189/4189 
f 4188/4188/4188 4190/4190/4190 4189/4189/4189 
f 4171/4171/4171 4186/4186/4186 4189/4189/4189 
f 4171/4171/4171 4189/4189/4189 4191/4191/4191 
f 4189/4189/4189 4190/4190/4190 4191/4191/4191 
f 4183/4183/4183 4171/4171/4171 4191/4191/4191 
f 4193/4193/4193 4190/4190/4190 4194/4194/4194 
f 4190/4190/4190 4193/4193/4193 4191/4191/4191 
f 4193/4193/4193 4194/4194/4194 4207/4207/4207 
f 4183/4183/4183 4191/4191/4191 4195/4195/4195 
f 4193/4193/4193 4195/4195/4195 4191/4191/4191 
f 4198/4198/4198 4183/4183/4183 4195/4195/4195 
f 4207/4207/4207 4204/4204/4204 4193/4193/4193 
f 4193/4193/4193 4204/4204/4204 4195/4195/4195 
f 4207/4207/4207 4208/4208/4208 4204/4204/4204 
f 4205/4205/4205 4204/4204/4204 4208/4208/4208 
f 4204/4204/4204 4199/4199/4199 4195/4195/4195 
f 4204/4204/4204 4205/4205/4205 4199/4199/4199 
f 4198/4198/4198 4195/4195/4195 4199/4199/4199 
f 4205/4205/4205 4201/4201/4201 4199/4199/4199 
f 4200/4200/4200 4198/4198/4198 4199/4199/4199 
f 4201/4201/4201 4200/4200/4200 4199/4199/4199 
f 4096/4096/4096 4097/4097/4097 4098/4098/4098 
f 4096/4096/4096 4103/4103/4103 4097/4097/4097 
f 4100/4100/4100 4096/4096/4096 4098/4098/4098 
f 4103/4103/4103 4102/4102/4102 4097/4097/4097 
f 4113/4113/4113 4102/4102/4102 4103/4103/4103 
f 4100/4100/4100 4098/4098/4098 4104/4104/4104 
f 4126/4126/4126 4100/4100/4100 4104/4104/4104 
f 4113/4113/4113 4112/4112/4112 4102/4102/4102 
f 4112/4112/4112 4113/4113/4113 4150/4150/4150 
f 4112/4112/4112 4150/4150/4150 4153/4153/4153 
f 4112/4112/4112 4153/4153/4153 4121/4121/4121 
f 4153/4153/4153 4152/4152/4152 4121/4121/4121 
f 4109/4109/4109 4102/4102/4102 4112/4112/4112 
f 4121/4121/4121 4109/4109/4109 4112/4112/4112 
f 4151/4151/4151 4121/4121/4121 4152/4152/4152 
f 4154/4154/4154 4151/4151/4151 4152/4152/4152 
f 4120/4120/4120 4109/4109/4109 4121/4121/4121 
f 4151/4151/4151 4120/4120/4120 4121/4121/4121 
f 4151/4151/4151 4154/4154/4154 4155/4155/4155 
f 4117/4117/4117 4109/4109/4109 4120/4120/4120 
f 4101/4101/4101 4102/4102/4102 4109/4109/4109 
f 4117/4117/4117 4101/4101/4101 4109/4109/4109 
f 4101/4101/4101 4097/4097/4097 4102/4102/4102 
f 4156/4156/4156 4151/4151/4151 4155/4155/4155 
f 4156/4156/4156 4155/4155/4155 4157/4157/4157 
f 4156/4156/4156 4157/4157/4157 4158/4158/4158 
f 4156/4156/4156 4122/4122/4122 4151/4151/4151 
f 4156/4156/4156 4158/4158/4158 4122/4122/4122 
f 4122/4122/4122 4120/4120/4120 4151/4151/4151 
f 4158/4158/4158 4162/4162/4162 4122/4122/4122 
f 4120/4120/4120 4122/4122/4122 4117/4117/4117 
f 4122/4122/4122 4123/4123/4123 4117/4117/4117 
f 4117/4117/4117 4123/4123/4123 4119/4119/4119 
f 4117/4117/4117 4119/4119/4119 4118/4118/4118 
f 4101/4101/4101 4117/4117/4117 4118/4118/4118 
f 4118/4118/4118 4119/4119/4119 4125/4125/4125 
f 4099/4099/4099 4097/4097/4097 4101/4101/4101 
f 4099/4099/4099 4101/4101/4101 4118/4118/4118 
f 4099/4099/4099 4098/4098/4098 4097/4097/4097 
f 4118/4118/4118 4125/4125/4125 4124/4124/4124 
f 4124/4124/4124 4099/4099/4099 4118/4118/4118 
f 4105/4105/4105 4098/4098/4098 4099/4099/4099 
f 4124/4124/4124 4105/4105/4105 4099/4099/4099 
f 4105/4105/4105 4104/4104/4104 4098/4098/4098 
f 4124/4124/4124 4125/4125/4125 4143/4143/4143 
f 4143/4143/4143 4105/4105/4105 4124/4124/4124 
f 4125/4125/4125 4144/4144/4144 4143/4143/4143 
f 4143/4143/4143 4144/4144/4144 4246/4246/4246 
f 4143/4143/4143 4129/4129/4129 4105/4105/4105 
f 4129/4129/4129 4104/4104/4104 4105/4105/4105 
f 4143/4143/4143 4246/4246/4246 4245/4245/4245 
f 4129/4129/4129 4127/4127/4127 4104/4104/4104 
f 4126/4126/4126 4104/4104/4104 4127/4127/4127 
f 4126/4126/4126 4127/4127/4127 4128/4128/4128 
f 4229/4229/4229 4128/4128/4128 4127/4127/4127 
f 4230/4230/4230 4229/4229/4229 4127/4127/4127 
f 4230/4230/4230 4127/4127/4127 4129/4129/4129 
f 4232/4232/4232 4229/4229/4229 4230/4230/4230 
f 4231/4231/4231 4129/4129/4129 4143/4143/4143 
f 4231/4231/4231 4230/4230/4230 4129/4129/4129 
f 4231/4231/4231 4143/4143/4143 4245/4245/4245 
f 4233/4233/4233 4232/4232/4232 4230/4230/4230 
f 4233/4233/4233 4230/4230/4230 4231/4231/4231 
f 4250/4250/4250 4232/4232/4232 4233/4233/4233 
f 4248/4248/4248 4231/4231/4231 4245/4245/4245 
f 4248/4248/4248 4233/4233/4233 4231/4231/4231 
f 4250/4250/4250 4233/4233/4233 4251/4251/4251 
f 4251/4251/4251 4233/4233/4233 4248/4248/4248 
f 4253/4253/4253 4250/4250/4250 4251/4251/4251 
f 4249/4249/4249 4248/4248/4248 4245/4245/4245 
f 4245/4245/4245 4246/4246/4246 4249/4249/4249 
f 4246/4246/4246 4261/4261/4261 4249/4249/4249 
f 4248/4248/4248 4249/4249/4249 4252/4252/4252 
f 4252/4252/4252 4251/4251/4251 4248/4248/4248 
f 4249/4249/4249 4261/4261/4261 4262/4262/4262 
f 4249/4249/4249 4262/4262/4262 4252/4252/4252 
f 4261/4261/4261 4265/4265/4265 4262/4262/4262 
f 4253/4253/4253 4251/4251/4251 4254/4254/4254 
f 4254/4254/4254 4251/4251/4251 4252/4252/4252 
f 4271/4271/4271 4253/4253/4253 4254/4254/4254 
f 4265/4265/4265 4263/4263/4263 4262/4262/4262 
f 4271/4271/4271 4276/4276/4276 4277/4277/4277 
f 4276/4276/4276 4271/4271/4271 4260/4260/4260 
f 4260/4260/4260 4271/4271/4271 4254/4254/4254 
f 4278/4278/4278 4276/4276/4276 4260/4260/4260 
f 4254/4254/4254 4252/4252/4252 4258/4258/4258 
f 4258/4258/4258 4252/4252/4252 4262/4262/4262 
f 4260/4260/4260 4254/4254/4254 4258/4258/4258 
f 4266/4266/4266 4278/4278/4278 4260/4260/4260 
f 4260/4260/4260 4258/4258/4258 4266/4266/4266 
f 4266/4266/4266 4279/4279/4279 4278/4278/4278 
f 4258/4258/4258 4262/4262/4262 4264/4264/4264 
f 4266/4266/4266 4258/4258/4258 4264/4264/4264 
f 4263/4263/4263 4264/4264/4264 4262/4262/4262 
f 4279/4279/4279 4266/4266/4266 4272/4272/4272 
f 4266/4266/4266 4264/4264/4264 4272/4272/4272 
f 4272/4272/4272 4264/4264/4264 4263/4263/4263 
f 4279/4279/4279 4272/4272/4272 4280/4280/4280 
f 4282/4282/4282 4280/4280/4280 4272/4272/4272 
f 4273/4273/4273 4282/4282/4282 4272/4272/4272 
f 4273/4273/4273 4272/4272/4272 4263/4263/4263 
f 4281/4281/4281 4282/4282/4282 4273/4273/4273 
f 4281/4281/4281 4273/4273/4273 4275/4275/4275 
f 4275/4275/4275 4273/4273/4273 4263/4263/4263 
f 4274/4274/4274 4275/4275/4275 4263/4263/4263 
f 3953/3953/3953 3954/3954/3954 3955/3955/3955 
f 4002/4002/4002 3954/3954/3954 3953/3953/3953 
f 3953/3953/3953 3955/3955/3955 4081/4081/4081 
f 4002/4002/4002 3953/3953/3953 4081/4081/4081 
f 3955/3955/3955 3954/3954/3954 3956/3956/3956 
f 4001/4001/4001 3954/3954/3954 4002/4002/4002 
f 4081/4081/4081 3955/3955/3955 4071/4071/4071 
f 4001/4001/4001 3966/3966/3966 3954/3954/3954 
f 3954/3954/3954 3966/3966/3966 3956/3956/3956 
f 3955/3955/3955 3956/3956/3956 4080/4080/4080 
f 4071/4071/4071 3955/3955/3955 4080/4080/4080 
f 3956/3956/3956 3966/3966/3966 3965/3965/3965 
f 4074/4074/4074 4081/4081/4081 4071/4071/4071 
f 4080/4080/4080 3956/3956/3956 3964/3964/3964 
f 3956/3956/3956 3965/3965/3965 3964/3964/3964 
f 4074/4074/4074 4073/4073/4073 4081/4081/4081 
f 4073/4073/4073 4002/4002/4002 4081/4081/4081 
f 4071/4071/4071 4070/4070/4070 4074/4074/4074 
f 4002/4002/4002 4073/4073/4073 4087/4087/4087 
f 4002/4002/4002 4087/4087/4087 4001/4001/4001 
f 4074/4074/4074 4063/4063/4063 4073/4073/4073 
f 4070/4070/4070 4063/4063/4063 4074/4074/4074 
f 4073/4073/4073 4072/4072/4072 4087/4087/4087 
f 4063/4063/4063 4072/4072/4072 4073/4073/4073 
f 4063/4063/4063 4070/4070/4070 4064/4064/4064 
f 4063/4063/4063 4064/4064/4064 4065/4065/4065 
f 4072/4072/4072 4063/4063/4063 4065/4065/4065 
f 4064/4064/4064 4070/4070/4070 4069/4069/4069 
f 4159/4159/4159 4072/4072/4072 4065/4065/4065 
f 4070/4070/4070 4066/4066/4066 4069/4069/4069 
f 4066/4066/4066 4070/4070/4070 4071/4071/4071 
f 4066/4066/4066 4068/4068/4068 4069/4069/4069 
f 4066/4066/4066 4071/4071/4071 4080/4080/4080 
f 4066/4066/4066 4067/4067/4067 4068/4068/4068 
f 4067/4067/4067 4066/4066/4066 4080/4080/4080 
f 4067/4067/4067 4076/4076/4076 4068/4068/4068 
f 3964/3964/3964 4067/4067/4067 4080/4080/4080 
f 4067/4067/4067 4082/4082/4082 4076/4076/4076 
f 4082/4082/4082 4067/4067/4067 3964/3964/3964 
f 4082/4082/4082 4086/4086/4086 4076/4076/4076 
f 3960/3960/3960 4082/4082/4082 3964/3964/3964 
f 4082/4082/4082 3962/3962/3962 4086/4086/4086 
f 4082/4082/4082 3960/3960/3960 3962/3962/3962 
f 3962/3962/3962 4051/4051/4051 4086/4086/4086 
f 3964/3964/3964 3965/3965/3965 3960/3960/3960 
f 3962/3962/3962 4028/4028/4028 4051/4051/4051 
f 4028/4028/4028 4030/4030/4030 4051/4051/4051 
f 3960/3960/3960 3961/3961/3961 3962/3962/3962 
f 3962/3962/3962 3961/3961/3961 4028/4028/4028 
f 3965/3965/3965 3963/3963/3963 3960/3960/3960 
f 3960/3960/3960 3963/3963/3963 3961/3961/3961 
f 3965/3965/3965 3967/3967/3967 3963/3963/3963 
f 3966/3966/3966 3967/3967/3967 3965/3965/3965 
f 4028/4028/4028 4027/4027/4027 4030/4030/4030 
f 4027/4027/4027 4037/4037/4037 4030/4030/4030 
f 3961/3961/3961 4029/4029/4029 4028/4028/4028 
f 4027/4027/4027 4028/4028/4028 4029/4029/4029 
f 3963/3963/3963 4032/4032/4032 3961/3961/3961 
f 3961/3961/3961 4032/4032/4032 4029/4029/4029 
f 3967/3967/3967 4000/4000/4000 3963/3963/3963 
f 3963/3963/3963 4000/4000/4000 4032/4032/4032 
f 3998/3998/3998 3967/3967/3967 3966/3966/3966 
f 3998/3998/3998 3966/3966/3966 4001/4001/4001 
f 3999/3999/3999 4000/4000/4000 3967/3967/3967 
f 3999/3999/3999 3967/3967/3967 3998/3998/3998 
f 4005/4005/4005 3998/3998/3998 4001/4001/4001 
f 4087/4087/4087 4005/4005/4005 4001/4001/4001 
f 4003/4003/4003 3999/3999/3999 3998/3998/3998 
f 4003/4003/4003 3998/3998/3998 4005/4005/4005 
f 4160/4160/4160 4005/4005/4005 4087/4087/4087 
f 4072/4072/4072 4160/4160/4160 4087/4087/4087 
f 4160/4160/4160 4072/4072/4072 4159/4159/4159 
f 4160/4160/4160 4159/4159/4159 4161/4161/4161 
f 4107/4107/4107 4160/4160/4160 4161/4161/4161 
f 4160/4160/4160 4107/4107/4107 4005/4005/4005 
f 4107/4107/4107 4161/4161/4161 4163/4163/4163 
f 4107/4107/4107 4163/4163/4163 4110/4110/4110 
f 4107/4107/4107 4108/4108/4108 4005/4005/4005 
f 4108/4108/4108 4107/4107/4107 4110/4110/4110 
f 4108/4108/4108 4003/4003/4003 4005/4005/4005 
f 4110/4110/4110 4111/4111/4111 4108/4108/4108 
f 4111/4111/4111 4114/4114/4114 4108/4108/4108 
f 4003/4003/4003 4108/4108/4108 4114/4114/4114 
f 4111/4111/4111 4115/4115/4115 4114/4114/4114 
f 4003/4003/4003 4114/4114/4114 4004/4004/4004 
f 3999/3999/3999 4003/4003/4003 4004/4004/4004 
f 4115/4115/4115 4116/4116/4116 4114/4114/4114 
f 4004/4004/4004 4114/4114/4114 4116/4116/4116 
f 4115/4115/4115 4137/4137/4137 4116/4116/4116 
f 3999/3999/3999 4004/4004/4004 4044/4044/4044 
f 4044/4044/4044 4000/4000/4000 3999/3999/3999 
f 4004/4004/4004 4116/4116/4116 4045/4045/4045 
f 4044/4044/4044 4004/4004/4004 4045/4045/4045 
f 4137/4137/4137 4135/4135/4135 4116/4116/4116 
f 4116/4116/4116 4135/4135/4135 4045/4045/4045 
f 4135/4135/4135 4137/4137/4137 4141/4141/4141 
f 4044/4044/4044 4041/4041/4041 4000/4000/4000 
f 4000/4000/4000 4041/4041/4041 4032/4032/4032 
f 4044/4044/4044 4045/4045/4045 4043/4043/4043 
f 4041/4041/4041 4044/4044/4044 4043/4043/4043 
f 4135/4135/4135 4050/4050/4050 4045/4045/4045 
f 4050/4050/4050 4043/4043/4043 4045/4045/4045 
f 4135/4135/4135 4141/4141/4141 4140/4140/4140 
f 4050/4050/4050 4135/4135/4135 4049/4049/4049 
f 4135/4135/4135 4140/4140/4140 4049/4049/4049 
f 4141/4141/4141 4235/4235/4235 4140/4140/4140 
f 4049/4049/4049 4140/4140/4140 4235/4235/4235 
f 4141/4141/4141 4236/4236/4236 4235/4235/4235 
f 4042/4042/4042 4041/4041/4041 4043/4043/4043 
f 4032/4032/4032 4041/4041/4041 4042/4042/4042 
f 4050/4050/4050 4046/4046/4046 4043/4043/4043 
f 4046/4046/4046 4042/4042/4042 4043/4043/4043 
f 4046/4046/4046 4050/4050/4050 4049/4049/4049 
f 4032/4032/4032 4042/4042/4042 4022/4022/4022 
f 4032/4032/4032 4022/4022/4022 4029/4029/4029 
f 4046/4046/4046 4047/4047/4047 4042/4042/4042 
f 4022/4022/4022 4042/4042/4042 4047/4047/4047 
f 4046/4046/4046 4049/4049/4049 4048/4048/4048 
f 4047/4047/4047 4046/4046/4046 4048/4048/4048 
f 4029/4029/4029 4022/4022/4022 4024/4024/4024 
f 4024/4024/4024 4027/4027/4027 4029/4029/4029 
f 4022/4022/4022 4047/4047/4047 4023/4023/4023 
f 4022/4022/4022 4023/4023/4023 4024/4024/4024 
f 4047/4047/4047 4048/4048/4048 4039/4039/4039 
f 4023/4023/4023 4047/4047/4047 4039/4039/4039 
f 4023/4023/4023 4039/4039/4039 4025/4025/4025 
f 4027/4027/4027 4024/4024/4024 4036/4036/4036 
f 4024/4024/4024 4023/4023/4023 4026/4026/4026 
f 4023/4023/4023 4025/4025/4025 4026/4026/4026 
f 4024/4024/4024 4026/4026/4026 4036/4036/4036 
f 3986/3986/3986 3987/3987/3987 3988/3988/3988 
f 3988/3988/3988 3987/3987/3987 4130/4130/4130 
f 4130/4130/4130 4131/4131/4131 3988/3988/3988 
f 4130/4130/4130 4134/4134/4134 4131/4131/4131 
f 4134/4134/4134 4132/4132/4132 4131/4131/4131 
f 4131/4131/4131 4132/4132/4132 4133/4133/4133 
f 4136/4136/4136 4134/4134/4134 4130/4130/4130 
f 4136/4136/4136 4142/4142/4142 4134/4134/4134 
f 4139/4139/4139 4142/4142/4142 4136/4136/4136 
f 4138/4138/4138 4139/4139/4139 4136/4136/4136 
f 4234/4234/4234 4139/4139/4139 4138/4138/4138 
f 4234/4234/4234 4238/4238/4238 4139/4139/4139 
f 4239/4239/4239 4238/4238/4238 4234/4234/4234 
f 4241/4241/4241 4239/4239/4239 4234/4234/4234 
f 4240/4240/4240 4239/4239/4239 4241/4241/4241 
f 4242/4242/4242 4240/4240/4240 4241/4241/4241 
f 4033/4033/4033 4034/4034/4034 4035/4035/4035 
f 4034/4034/4034 4038/4038/4038 4035/4035/4035 
f 4035/4035/4035 4038/4038/4038 4173/4173/4173 
f 4035/4035/4035 4173/4173/4173 4174/4174/4174 
f 4174/4174/4174 4173/4173/4173 4176/4176/4176 
f 4174/4174/4174 4176/4176/4176 4178/4178/4178 
f 4178/4178/4178 4176/4176/4176 4179/4179/4179 
f 4178/4178/4178 4179/4179/4179 4180/4180/4180 
f 4180/4180/4180 4179/4179/4179 4211/4211/4211 
f 3968/3968/3968 3969/3969/3969 3970/3970/3970 
f 3916/3916/3916 3917/3917/3917 3918/3918/3918 
f 3942/3942/3942 3916/3916/3916 3918/3918/3918 
f 3934/3934/3934 3916/3916/3916 3942/3942/3942 
f 3918/3918/3918 4079/4079/4079 3942/3942/3942 
f 3935/3935/3935 3934/3934/3934 3942/3942/3942 
f 3934/3934/3934 3935/3935/3935 3936/3936/3936 
f 4079/4079/4079 4077/4077/4077 3942/3942/3942 
f 3942/3942/3942 4077/4077/4077 3935/3935/3935 
f 4077/4077/4077 4079/4079/4079 4091/4091/4091 
f 4079/4079/4079 4093/4093/4093 4091/4091/4091 
f 4093/4093/4093 4092/4092/4092 4091/4091/4091 
f 4092/4092/4092 4085/4085/4085 4091/4091/4091 
f 4084/4084/4084 4091/4091/4091 4085/4085/4085 
f 4084/4084/4084 4077/4077/4077 4091/4091/4091 
f 4083/4083/4083 4084/4084/4084 4085/4085/4085 
f 4078/4078/4078 4077/4077/4077 4084/4084/4084 
f 4077/4077/4077 4078/4078/4078 3935/3935/3935 
f 3935/3935/3935 4078/4078/4078 3957/3957/3957 
f 3935/3935/3935 3957/3957/3957 3936/3936/3936 
f 4078/4078/4078 4031/4031/4031 3957/3957/3957 
f 3936/3936/3936 3957/3957/3957 4009/4009/4009 
f 3957/3957/3957 4031/4031/4031 4008/4008/4008 
f 3957/3957/3957 4008/4008/4008 4009/4009/4009 
f 3943/3943/3943 3944/3944/3944 3945/3945/3945 
f 3951/3951/3951 3943/3943/3943 3945/3945/3945 
f 4089/4089/4089 3951/3951/3951 3945/3945/3945 
f 3950/3950/3950 3945/3945/3945 3944/3944/3944 
f 4088/4088/4088 4089/4089/4089 3945/3945/3945 
f 3950/3950/3950 4088/4088/4088 3945/3945/3945 
f 3950/3950/3950 4090/4090/4090 4088/4088/4088 
f 3950/3950/3950 3992/3992/3992 3993/3993/3993 
f 4643/4643/4643 4644/4644/4644 4645/4645/4645 
f 4646/4646/4646 4644/4644/4644 4643/4643/4643 
f 4643/4643/4643 4645/4645/4645 4658/4658/4658 
f 4648/4648/4648 4646/4646/4646 4643/4643/4643 
f 4658/4658/4658 4645/4645/4645 4659/4659/4659 
f 4658/4658/4658 4648/4648/4648 4643/4643/4643 
f 4659/4659/4659 4660/4660/4660 4658/4658/4658 
f 4647/4647/4647 4646/4646/4646 4648/4648/4648 
f 4658/4658/4658 4660/4660/4660 4692/4692/4692 
f 4692/4692/4692 4660/4660/4660 4691/4691/4691 
f 4649/4649/4649 4647/4647/4647 4648/4648/4648 
f 4650/4650/4650 4647/4647/4647 4649/4649/4649 
f 4661/4661/4661 4648/4648/4648 4658/4658/4658 
f 4692/4692/4692 4661/4661/4661 4658/4658/4658 
f 4649/4649/4649 4651/4651/4651 4650/4650/4650 
f 4691/4691/4691 4693/4693/4693 4692/4692/4692 
f 4693/4693/4693 4661/4661/4661 4692/4692/4692 
f 4696/4696/4696 4693/4693/4693 4691/4691/4691 
f 4662/4662/4662 4648/4648/4648 4661/4661/4661 
f 4649/4649/4649 4648/4648/4648 4662/4662/4662 
f 4694/4694/4694 4661/4661/4661 4693/4693/4693 
f 4662/4662/4662 4661/4661/4661 4694/4694/4694 
f 4698/4698/4698 4693/4693/4693 4696/4696/4696 
f 4694/4694/4694 4693/4693/4693 4698/4698/4698 
f 4698/4698/4698 4696/4696/4696 4697/4697/4697 
f 4697/4697/4697 4700/4700/4700 4698/4698/4698 
f 4700/4700/4700 4694/4694/4694 4698/4698/4698 
f 4699/4699/4699 4700/4700/4700 4697/4697/4697 
f 4695/4695/4695 4662/4662/4662 4694/4694/4694 
f 4695/4695/4695 4694/4694/4694 4700/4700/4700 
f 4663/4663/4663 4662/4662/4662 4695/4695/4695 
f 4663/4663/4663 4649/4649/4649 4662/4662/4662 
f 4652/4652/4652 4649/4649/4649 4663/4663/4663 
f 4652/4652/4652 4651/4651/4651 4649/4649/4649 
f 4664/4664/4664 4651/4651/4651 4652/4652/4652 
f 4663/4663/4663 4664/4664/4664 4652/4652/4652 
f 4665/4665/4665 4651/4651/4651 4664/4664/4664 
f 4665/4665/4665 4664/4664/4664 4734/4734/4734 
f 4734/4734/4734 4664/4664/4664 4733/4733/4733 
f 4734/4734/4734 4733/4733/4733 4730/4730/4730 
f 4708/4708/4708 4664/4664/4664 4663/4663/4663 
f 4664/4664/4664 4708/4708/4708 4733/4733/4733 
f 4708/4708/4708 4663/4663/4663 4703/4703/4703 
f 4703/4703/4703 4663/4663/4663 4695/4695/4695 
f 4733/4733/4733 4708/4708/4708 4745/4745/4745 
f 4708/4708/4708 4703/4703/4703 4745/4745/4745 
f 4730/4730/4730 4733/4733/4733 4732/4732/4732 
f 4703/4703/4703 4695/4695/4695 4707/4707/4707 
f 4707/4707/4707 4695/4695/4695 4700/4700/4700 
f 4520/4520/4520 4521/4521/4521 4523/4523/4523 
f 4520/4520/4520 4523/4523/4523 4547/4547/4547 
f 4407/4407/4407 4409/4409/4409 4521/4521/4521 
f 4395/4395/4395 4407/4407/4407 4387/4387/4387 
f 4409/4409/4409 4407/4407/4407 4395/4395/4395 
f 4521/4521/4521 4522/4522/4522 4523/4523/4523 
f 4521/4521/4521 4409/4409/4409 4522/4522/4522 
f 4547/4547/4547 4523/4523/4523 4553/4553/4553 
f 4523/4523/4523 4522/4522/4522 4524/4524/4524 
f 4523/4523/4523 4524/4524/4524 4553/4553/4553 
f 4409/4409/4409 4459/4459/4459 4522/4522/4522 
f 4408/4408/4408 4409/4409/4409 4395/4395/4395 
f 4459/4459/4459 4409/4409/4409 4408/4408/4408 
f 4451/4451/4451 4459/4459/4459 4408/4408/4408 
f 4408/4408/4408 4395/4395/4395 4394/4394/4394 
f 4408/4408/4408 4394/4394/4394 4451/4451/4451 
f 4463/4463/4463 4459/4459/4459 4451/4451/4451 
f 4451/4451/4451 4394/4394/4394 4450/4450/4450 
f 4450/4450/4450 4394/4394/4394 4449/4449/4449 
f 4459/4459/4459 4463/4463/4463 4563/4563/4563 
f 4522/4522/4522 4459/4459/4459 4563/4563/4563 
f 4522/4522/4522 4563/4563/4563 4524/4524/4524 
f 4563/4563/4563 4463/4463/4463 4569/4569/4569 
f 4449/4449/4449 4394/4394/4394 4440/4440/4440 
f 4563/4563/4563 4569/4569/4569 4564/4564/4564 
f 4524/4524/4524 4563/4563/4563 4564/4564/4564 
f 4564/4564/4564 4569/4569/4569 4570/4570/4570 
f 4449/4449/4449 4440/4440/4440 4448/4448/4448 
f 4524/4524/4524 4564/4564/4564 4562/4562/4562 
f 4564/4564/4564 4570/4570/4570 4565/4565/4565 
f 4562/4562/4562 4564/4564/4564 4565/4565/4565 
f 4565/4565/4565 4570/4570/4570 4571/4571/4571 
f 4553/4553/4553 4524/4524/4524 4562/4562/4562 
f 4571/4571/4571 4567/4567/4567 4565/4565/4565 
f 4567/4567/4567 4562/4562/4562 4565/4565/4565 
f 4575/4575/4575 4567/4567/4567 4571/4571/4571 
f 4574/4574/4574 4567/4567/4567 4575/4575/4575 
f 4555/4555/4555 4562/4562/4562 4567/4567/4567 
f 4555/4555/4555 4553/4553/4553 4562/4562/4562 
f 4568/4568/4568 4567/4567/4567 4574/4574/4574 
f 4568/4568/4568 4555/4555/4555 4567/4567/4567 
f 4573/4573/4573 4568/4568/4568 4574/4574/4574 
f 4552/4552/4552 4553/4553/4553 4555/4555/4555 
f 4552/4552/4552 4547/4547/4547 4553/4553/4553 
f 4566/4566/4566 4555/4555/4555 4568/4568/4568 
f 4566/4566/4566 4552/4552/4552 4555/4555/4555 
f 4572/4572/4572 4568/4568/4568 4573/4573/4573 
f 4572/4572/4572 4566/4566/4566 4568/4568/4568 
f 4573/4573/4573 4609/4609/4609 4572/4572/4572 
f 4612/4612/4612 4609/4609/4609 4573/4573/4573 
f 4609/4609/4609 4603/4603/4603 4572/4572/4572 
f 4551/4551/4551 4547/4547/4547 4552/4552/4552 
f 4551/4551/4551 4548/4548/4548 4547/4547/4547 
f 4554/4554/4554 4552/4552/4552 4566/4566/4566 
f 4554/4554/4554 4551/4551/4551 4552/4552/4552 
f 4576/4576/4576 4566/4566/4566 4572/4572/4572 
f 4576/4576/4576 4554/4554/4554 4566/4566/4566 
f 4572/4572/4572 4603/4603/4603 4576/4576/4576 
f 4603/4603/4603 4556/4556/4556 4576/4576/4576 
f 4556/4556/4556 4554/4554/4554 4576/4576/4576 
f 4607/4607/4607 4556/4556/4556 4603/4603/4603 
f 4607/4607/4607 4602/4602/4602 4556/4556/4556 
f 4550/4550/4550 4551/4551/4551 4554/4554/4554 
f 4556/4556/4556 4550/4550/4550 4554/4554/4554 
f 4550/4550/4550 4548/4548/4548 4551/4551/4551 
f 4556/4556/4556 4602/4602/4602 4559/4559/4559 
f 4559/4559/4559 4550/4550/4550 4556/4556/4556 
f 4602/4602/4602 4558/4558/4558 4559/4559/4559 
f 4549/4549/4549 4548/4548/4548 4550/4550/4550 
f 4559/4559/4559 4549/4549/4549 4550/4550/4550 
f 4549/4549/4549 4535/4535/4535 4548/4548/4548 
f 4559/4559/4559 4558/4558/4558 4557/4557/4557 
f 4557/4557/4557 4549/4549/4549 4559/4559/4559 
f 4596/4596/4596 4597/4597/4597 4598/4598/4598 
f 4597/4597/4597 4599/4599/4599 4598/4598/4598 
f 4760/4760/4760 4596/4596/4596 4598/4598/4598 
f 4599/4599/4599 4600/4600/4600 4598/4598/4598 
f 4761/4761/4761 4760/4760/4760 4598/4598/4598 
f 4600/4600/4600 4613/4613/4613 4598/4598/4598 
f 4762/4762/4762 4761/4761/4761 4598/4598/4598 
f 4613/4613/4613 4615/4615/4615 4598/4598/4598 
f 4780/4780/4780 4762/4762/4762 4598/4598/4598 
f 4615/4615/4615 4614/4614/4614 4598/4598/4598 
f 4781/4781/4781 4780/4780/4780 4598/4598/4598 
f 4614/4614/4614 4608/4608/4608 4598/4598/4598 
f 4782/4782/4782 4781/4781/4781 4598/4598/4598 
f 4608/4608/4608 4604/4604/4604 4598/4598/4598 
f 4783/4783/4783 4782/4782/4782 4598/4598/4598 
f 4598/4598/4598 4604/4604/4604 4605/4605/4605 
f 4785/4785/4785 4783/4783/4783 4598/4598/4598 
f 4598/4598/4598 4605/4605/4605 4606/4606/4606 
f 4598/4598/4598 4794/4794/4794 4785/4785/4785 
f 4598/4598/4598 4606/4606/4606 4616/4616/4616 
f 4598/4598/4598 4779/4779/4779 4794/4794/4794 
f 4598/4598/4598 4616/4616/4616 4617/4617/4617 
f 4598/4598/4598 4778/4778/4778 4779/4779/4779 
f 4598/4598/4598 4617/4617/4617 4610/4610/4610 
f 4598/4598/4598 4784/4784/4784 4778/4778/4778 
f 4598/4598/4598 4610/4610/4610 4611/4611/4611 
f 4598/4598/4598 4774/4774/4774 4784/4784/4784 
f 4598/4598/4598 4611/4611/4611 4774/4774/4774 
f 4745/4745/4745 4703/4703/4703 4816/4816/4816 
f 4703/4703/4703 4707/4707/4707 4816/4816/4816 
f 4745/4745/4745 4744/4744/4744 4733/4733/4733 
f 4733/4733/4733 4744/4744/4744 4732/4732/4732 
f 4816/4816/4816 4819/4819/4819 4745/4745/4745 
f 4745/4745/4745 4819/4819/4819 4744/4744/4744 
f 4707/4707/4707 4700/4700/4700 4711/4711/4711 
f 4711/4711/4711 4700/4700/4700 4699/4699/4699 
f 4711/4711/4711 4699/4699/4699 4710/4710/4710 
f 4707/4707/4707 4711/4711/4711 4817/4817/4817 
f 4816/4816/4816 4707/4707/4707 4817/4817/4817 
f 4711/4711/4711 4710/4710/4710 4822/4822/4822 
f 4817/4817/4817 4711/4711/4711 4822/4822/4822 
f 4822/4822/4822 4710/4710/4710 4821/4821/4821 
f 4817/4817/4817 4818/4818/4818 4816/4816/4816 
f 4817/4817/4817 4822/4822/4822 4818/4818/4818 
f 4816/4816/4816 4818/4818/4818 4819/4819/4819 
f 4822/4822/4822 4821/4821/4821 4823/4823/4823 
f 4818/4818/4818 4822/4822/4822 4823/4823/4823 
f 4823/4823/4823 4821/4821/4821 4820/4820/4820 
f 4823/4823/4823 4820/4820/4820 4842/4842/4842 
f 4842/4842/4842 4818/4818/4818 4823/4823/4823 
f 4840/4840/4840 4819/4819/4819 4818/4818/4818 
f 4840/4840/4840 4818/4818/4818 4842/4842/4842 
f 4746/4746/4746 4819/4819/4819 4840/4840/4840 
f 4746/4746/4746 4744/4744/4744 4819/4819/4819 
f 4843/4843/4843 4840/4840/4840 4842/4842/4842 
f 4843/4843/4843 4842/4842/4842 4837/4837/4837 
f 4837/4837/4837 4841/4841/4841 4843/4843/4843 
f 4841/4841/4841 4839/4839/4839 4843/4843/4843 
f 4841/4841/4841 4786/4786/4786 4839/4839/4839 
f 4838/4838/4838 4840/4840/4840 4843/4843/4843 
f 4843/4843/4843 4839/4839/4839 4838/4838/4838 
f 4840/4840/4840 4750/4750/4750 4746/4746/4746 
f 4838/4838/4838 4750/4750/4750 4840/4840/4840 
f 4743/4743/4743 4744/4744/4744 4746/4746/4746 
f 4743/4743/4743 4732/4732/4732 4744/4744/4744 
f 4750/4750/4750 4741/4741/4741 4746/4746/4746 
f 4746/4746/4746 4741/4741/4741 4743/4743/4743 
f 4838/4838/4838 4749/4749/4749 4750/4750/4750 
f 4839/4839/4839 4749/4749/4749 4838/4838/4838 
f 4731/4731/4731 4732/4732/4732 4743/4743/4743 
f 4731/4731/4731 4730/4730/4730 4732/4732/4732 
f 4729/4729/4729 4730/4730/4730 4731/4731/4731 
f 4743/4743/4743 4735/4735/4735 4731/4731/4731 
f 4735/4735/4735 4729/4729/4729 4731/4731/4731 
f 4741/4741/4741 4735/4735/4735 4743/4743/4743 
f 4742/4742/4742 4729/4729/4729 4735/4735/4735 
f 4735/4735/4735 4738/4738/4738 4742/4742/4742 
f 4736/4736/4736 4738/4738/4738 4735/4735/4735 
f 4741/4741/4741 4736/4736/4736 4735/4735/4735 
f 4736/4736/4736 4737/4737/4737 4738/4738/4738 
f 4750/4750/4750 4739/4739/4739 4741/4741/4741 
f 4739/4739/4739 4736/4736/4736 4741/4741/4741 
f 4749/4749/4749 4739/4739/4739 4750/4750/4750 
f 4740/4740/4740 4737/4737/4737 4736/4736/4736 
f 4739/4739/4739 4740/4740/4740 4736/4736/4736 
f 4775/4775/4775 4737/4737/4737 4740/4740/4740 
f 4777/4777/4777 4737/4737/4737 4775/4775/4775 
f 4775/4775/4775 4740/4740/4740 4776/4776/4776 
f 4751/4751/4751 4740/4740/4740 4739/4739/4739 
f 4749/4749/4749 4751/4751/4751 4739/4739/4739 
f 4776/4776/4776 4740/4740/4740 4751/4751/4751 
f 4788/4788/4788 4751/4751/4751 4749/4749/4749 
f 4788/4788/4788 4776/4776/4776 4751/4751/4751 
f 4839/4839/4839 4788/4788/4788 4749/4749/4749 
f 4787/4787/4787 4776/4776/4776 4788/4788/4788 
f 4786/4786/4786 4788/4788/4788 4839/4839/4839 
f 4786/4786/4786 4787/4787/4787 4788/4788/4788 
f 4425/4425/4425 4426/4426/4426 4427/4427/4427 
f 4426/4426/4426 4428/4428/4428 4427/4427/4427 
f 4431/4431/4431 4425/4425/4425 4427/4427/4427 
f 4428/4428/4428 4624/4624/4624 4427/4427/4427 
f 4443/4443/4443 4431/4431/4431 4427/4427/4427 
f 4624/4624/4624 4625/4625/4625 4427/4427/4427 
f 4435/4435/4435 4443/4443/4443 4427/4427/4427 
f 4625/4625/4625 4637/4637/4637 4427/4427/4427 
f 4434/4434/4434 4435/4435/4435 4427/4427/4427 
f 4637/4637/4637 4638/4638/4638 4427/4427/4427 
f 4433/4433/4433 4434/4434/4434 4427/4427/4427 
f 4638/4638/4638 4639/4639/4639 4427/4427/4427 
f 4432/4432/4432 4433/4433/4433 4427/4427/4427 
f 4639/4639/4639 4653/4653/4653 4427/4427/4427 
f 4436/4436/4436 4432/4432/4432 4427/4427/4427 
f 4653/4653/4653 4654/4654/4654 4427/4427/4427 
f 4437/4437/4437 4436/4436/4436 4427/4427/4427 
f 4654/4654/4654 4655/4655/4655 4427/4427/4427 
f 4438/4438/4438 4437/4437/4437 4427/4427/4427 
f 4655/4655/4655 4656/4656/4656 4427/4427/4427 
f 4442/4442/4442 4438/4438/4438 4427/4427/4427 
f 4656/4656/4656 4657/4657/4657 4427/4427/4427 
f 4444/4444/4444 4442/4442/4442 4427/4427/4427 
f 4657/4657/4657 4640/4640/4640 4427/4427/4427 
f 4445/4445/4445 4444/4444/4444 4427/4427/4427 
f 4640/4640/4640 4641/4641/4641 4427/4427/4427 
f 4642/4642/4642 4445/4445/4445 4427/4427/4427 
f 4641/4641/4641 4642/4642/4642 4427/4427/4427 
f 4312/4312/4312 4313/4313/4313 4314/4314/4314 
f 4320/4320/4320 4313/4313/4313 4312/4312/4312 
f 4315/4315/4315 4312/4312/4312 4314/4314/4314 
f 4286/4286/4286 4287/4287/4287 4288/4288/4288 
f 4289/4289/4289 4286/4286/4286 4288/4288/4288 
f 4295/4295/4295 4289/4289/4289 4288/4288/4288 
f 4295/4295/4295 4296/4296/4296 4289/4289/4289 
f 4296/4296/4296 4295/4295/4295 4299/4299/4299 
f 4328/4328/4328 4296/4296/4296 4299/4299/4299 
f 4296/4296/4296 4328/4328/4328 4334/4334/4334 
f 4338/4338/4338 4328/4328/4328 4299/4299/4299 
f 4334/4334/4334 4328/4328/4328 4330/4330/4330 
f 4338/4338/4338 4329/4329/4329 4328/4328/4328 
f 4328/4328/4328 4329/4329/4329 4330/4330/4330 
f 4329/4329/4329 4338/4338/4338 4339/4339/4339 
f 4330/4330/4330 4329/4329/4329 4335/4335/4335 
f 4343/4343/4343 4329/4329/4329 4339/4339/4339 
f 4329/4329/4329 4343/4343/4343 4335/4335/4335 
f 4672/4672/4672 4677/4677/4677 4679/4679/4679 
f 4679/4679/4679 4688/4688/4688 4672/4672/4672 
f 4670/4670/4670 4677/4677/4677 4672/4672/4672 
f 4670/4670/4670 4676/4676/4676 4677/4677/4677 
f 4688/4688/4688 4690/4690/4690 4672/4672/4672 
f 4672/4672/4672 4690/4690/4690 4671/4671/4671 
f 4671/4671/4671 4670/4670/4670 4672/4672/4672 
f 4688/4688/4688 4689/4689/4689 4690/4690/4690 
f 4669/4669/4669 4670/4670/4670 4671/4671/4671 
f 4691/4691/4691 4689/4689/4689 4688/4688/4688 
f 4688/4688/4688 4696/4696/4696 4691/4691/4691 
f 4691/4691/4691 4660/4660/4660 4689/4689/4689 
f 4667/4667/4667 4676/4676/4676 4670/4670/4670 
f 4669/4669/4669 4667/4667/4667 4670/4670/4670 
f 4667/4667/4667 4668/4668/4668 4676/4676/4676 
f 4636/4636/4636 4667/4667/4667 4669/4669/4669 
f 4635/4635/4635 4668/4668/4668 4667/4667/4667 
f 4636/4636/4636 4635/4635/4635 4667/4667/4667 
f 4635/4635/4635 4666/4666/4666 4668/4668/4668 
f 4634/4634/4634 4635/4635/4635 4636/4636/4636 
f 4632/4632/4632 4666/4666/4666 4635/4635/4635 
f 4634/4634/4634 4632/4632/4632 4635/4635/4635 
f 4632/4632/4632 4633/4633/4633 4666/4666/4666 
f 4631/4631/4631 4632/4632/4632 4634/4634/4634 
f 4630/4630/4630 4633/4633/4633 4632/4632/4632 
f 4631/4631/4631 4630/4630/4630 4632/4632/4632 
f 4630/4630/4630 4629/4629/4629 4633/4633/4633 
f 4626/4626/4626 4630/4630/4630 4631/4631/4631 
f 4623/4623/4623 4629/4629/4629 4630/4630/4630 
f 4626/4626/4626 4623/4623/4623 4630/4630/4630 
f 4623/4623/4623 4627/4627/4627 4629/4629/4629 
f 4622/4622/4622 4623/4623/4623 4626/4626/4626 
f 4621/4621/4621 4627/4627/4627 4623/4623/4623 
f 4622/4622/4622 4621/4621/4621 4623/4623/4623 
f 4621/4621/4621 4429/4429/4429 4627/4627/4627 
f 4620/4620/4620 4621/4621/4621 4622/4622/4622 
f 4620/4620/4620 4424/4424/4424 4621/4621/4621 
f 4424/4424/4424 4429/4429/4429 4621/4621/4621 
f 4423/4423/4423 4424/4424/4424 4620/4620/4620 
f 4423/4423/4423 4422/4422/4422 4424/4424/4424 
f 4424/4424/4424 4420/4420/4420 4429/4429/4429 
f 4424/4424/4424 4422/4422/4422 4420/4420/4420 
f 4429/4429/4429 4420/4420/4420 4430/4430/4430 
f 4422/4422/4422 4421/4421/4421 4420/4420/4420 
f 4420/4420/4420 4415/4415/4415 4430/4430/4430 
f 4420/4420/4420 4421/4421/4421 4415/4415/4415 
f 4430/4430/4430 4415/4415/4415 4418/4418/4418 
f 4421/4421/4421 4416/4416/4416 4415/4415/4415 
f 4415/4415/4415 4413/4413/4413 4418/4418/4418 
f 4415/4415/4415 4416/4416/4416 4413/4413/4413 
f 4418/4418/4418 4413/4413/4413 4373/4373/4373 
f 4416/4416/4416 4414/4414/4414 4413/4413/4413 
f 4413/4413/4413 4370/4370/4370 4373/4373/4373 
f 4413/4413/4413 4414/4414/4414 4370/4370/4370 
f 4373/4373/4373 4370/4370/4370 4371/4371/4371 
f 4414/4414/4414 4417/4417/4417 4370/4370/4370 
f 4370/4370/4370 4368/4368/4368 4371/4371/4371 
f 4370/4370/4370 4417/4417/4417 4368/4368/4368 
f 4371/4371/4371 4368/4368/4368 4355/4355/4355 
f 4417/4417/4417 4369/4369/4369 4368/4368/4368 
f 4368/4368/4368 4353/4353/4353 4355/4355/4355 
f 4368/4368/4368 4369/4369/4369 4353/4353/4353 
f 4355/4355/4355 4353/4353/4353 4352/4352/4352 
f 4369/4369/4369 4372/4372/4372 4353/4353/4353 
f 4353/4353/4353 4354/4354/4354 4352/4352/4352 
f 4353/4353/4353 4372/4372/4372 4354/4354/4354 
f 4372/4372/4372 4367/4367/4367 4354/4354/4354 
f 4354/4354/4354 4367/4367/4367 4357/4357/4357 
f 4354/4354/4354 4357/4357/4357 4350/4350/4350 
f 4357/4357/4357 4367/4367/4367 4379/4379/4379 
f 4379/4379/4379 4367/4367/4367 4388/4388/4388 
f 4350/4350/4350 4357/4357/4357 4356/4356/4356 
f 4379/4379/4379 4356/4356/4356 4357/4357/4357 
f 4350/4350/4350 4356/4356/4356 4351/4351/4351 
f 4389/4389/4389 4379/4379/4379 4388/4388/4388 
f 4351/4351/4351 4356/4356/4356 4365/4365/4365 
f 4365/4365/4365 4366/4366/4366 4351/4351/4351 
f 4377/4377/4377 4366/4366/4366 4365/4365/4365 
f 4378/4378/4378 4365/4365/4365 4356/4356/4356 
f 4377/4377/4377 4365/4365/4365 4378/4378/4378 
f 4378/4378/4378 4356/4356/4356 4379/4379/4379 
f 4380/4380/4380 4377/4377/4377 4378/4378/4378 
f 4378/4378/4378 4379/4379/4379 4380/4380/4380 
f 4384/4384/4384 4377/4377/4377 4380/4380/4380 
f 4383/4383/4383 4377/4377/4377 4384/4384/4384 
f 4380/4380/4380 4379/4379/4379 4381/4381/4381 
f 4381/4381/4381 4379/4379/4379 4389/4389/4389 
f 4382/4382/4382 4384/4384/4384 4380/4380/4380 
f 4380/4380/4380 4381/4381/4381 4382/4382/4382 
f 4385/4385/4385 4383/4383/4383 4384/4384/4384 
f 4385/4385/4385 4384/4384/4384 4382/4382/4382 
f 4387/4387/4387 4383/4383/4383 4385/4385/4385 
f 4381/4381/4381 4389/4389/4389 4390/4390/4390 
f 4382/4382/4382 4381/4381/4381 4390/4390/4390 
f 4390/4390/4390 4389/4389/4389 4391/4391/4391 
f 4393/4393/4393 4385/4385/4385 4382/4382/4382 
f 4382/4382/4382 4390/4390/4390 4393/4393/4393 
f 4386/4386/4386 4387/4387/4387 4385/4385/4385 
f 4386/4386/4386 4385/4385/4385 4393/4393/4393 
f 4395/4395/4395 4387/4387/4387 4386/4386/4386 
f 4394/4394/4394 4395/4395/4395 4386/4386/4386 
f 4394/4394/4394 4386/4386/4386 4440/4440/4440 
f 4440/4440/4440 4386/4386/4386 4393/4393/4393 
f 4393/4393/4393 4390/4390/4390 4392/4392/4392 
f 4393/4393/4393 4392/4392/4392 4440/4440/4440 
f 4390/4390/4390 4391/4391/4391 4392/4392/4392 
f 4392/4392/4392 4391/4391/4391 4439/4439/4439 
f 4440/4440/4440 4392/4392/4392 4441/4441/4441 
f 4392/4392/4392 4439/4439/4439 4441/4441/4441 
f 4448/4448/4448 4440/4440/4440 4441/4441/4441 
f 4441/4441/4441 4439/4439/4439 4446/4446/4446 
f 4441/4441/4441 4447/4447/4447 4448/4448/4448 
f 4446/4446/4446 4447/4447/4447 4441/4441/4441 
f 4350/4350/4350 4351/4351/4351 4352/4352/4352 
f 4352/4352/4352 4351/4351/4351 4361/4361/4361 
f 4352/4352/4352 4354/4354/4354 4350/4350/4350 
f 4351/4351/4351 4364/4364/4364 4361/4361/4361 
f 4361/4361/4361 4364/4364/4364 4405/4405/4405 
f 4364/4364/4364 4403/4403/4403 4405/4405/4405 
f 4402/4402/4402 4403/4403/4403 4364/4364/4364 
f 4402/4402/4402 4404/4404/4404 4403/4403/4403 
f 4351/4351/4351 4366/4366/4366 4364/4364/4364 
f 4402/4402/4402 4364/4364/4364 4398/4398/4398 
f 4398/4398/4398 4364/4364/4364 4366/4366/4366 
f 4401/4401/4401 4404/4404/4404 4402/4402/4402 
f 4398/4398/4398 4401/4401/4401 4402/4402/4402 
f 4502/4502/4502 4404/4404/4404 4401/4401/4401 
f 4501/4501/4501 4404/4404/4404 4502/4502/4502 
f 4502/4502/4502 4505/4505/4505 4501/4501/4501 
f 4502/4502/4502 4401/4401/4401 4516/4516/4516 
f 4516/4516/4516 4401/4401/4401 4398/4398/4398 
f 4503/4503/4503 4505/4505/4505 4502/4502/4502 
f 4516/4516/4516 4503/4503/4503 4502/4502/4502 
f 4503/4503/4503 4504/4504/4504 4505/4505/4505 
f 4511/4511/4511 4504/4504/4504 4503/4503/4503 
f 4516/4516/4516 4511/4511/4511 4503/4503/4503 
f 4511/4511/4511 4512/4512/4512 4504/4504/4504 
f 4513/4513/4513 4512/4512/4512 4511/4511/4511 
f 4513/4513/4513 4514/4514/4514 4512/4512/4512 
f 4519/4519/4519 4511/4511/4511 4516/4516/4516 
f 4513/4513/4513 4511/4511/4511 4519/4519/4519 
f 4525/4525/4525 4514/4514/4514 4513/4513/4513 
f 4519/4519/4519 4525/4525/4525 4513/4513/4513 
f 4525/4525/4525 4526/4526/4526 4514/4514/4514 
f 4514/4514/4514 4526/4526/4526 4527/4527/4527 
f 4527/4527/4527 4526/4526/4526 4531/4531/4531 
f 4525/4525/4525 4529/4529/4529 4526/4526/4526 
f 4519/4519/4519 4529/4529/4529 4525/4525/4525 
f 4531/4531/4531 4526/4526/4526 4530/4530/4530 
f 4526/4526/4526 4529/4529/4529 4530/4530/4530 
f 4531/4531/4531 4530/4530/4530 4532/4532/4532 
f 4529/4529/4529 4519/4519/4519 4546/4546/4546 
f 4530/4530/4530 4529/4529/4529 4533/4533/4533 
f 4546/4546/4546 4533/4533/4533 4529/4529/4529 
f 4532/4532/4532 4530/4530/4530 4534/4534/4534 
f 4530/4530/4530 4533/4533/4533 4534/4534/4534 
f 4534/4534/4534 4544/4544/4544 4532/4532/4532 
f 4534/4534/4534 4533/4533/4533 4535/4535/4535 
f 4534/4534/4534 4535/4535/4535 4544/4544/4544 
f 4548/4548/4548 4535/4535/4535 4533/4533/4533 
f 4548/4548/4548 4533/4533/4533 4546/4546/4546 
f 4546/4546/4546 4519/4519/4519 4518/4518/4518 
f 4516/4516/4516 4518/4518/4518 4519/4519/4519 
f 4520/4520/4520 4546/4546/4546 4518/4518/4518 
f 4515/4515/4515 4518/4518/4518 4516/4516/4516 
f 4518/4518/4518 4515/4515/4515 4520/4520/4520 
f 4398/4398/4398 4515/4515/4515 4516/4516/4516 
f 4547/4547/4547 4546/4546/4546 4520/4520/4520 
f 4547/4547/4547 4548/4548/4548 4546/4546/4546 
f 4520/4520/4520 4515/4515/4515 4517/4517/4517 
f 4400/4400/4400 4515/4515/4515 4398/4398/4398 
f 4515/4515/4515 4400/4400/4400 4517/4517/4517 
f 4400/4400/4400 4398/4398/4398 4397/4397/4397 
f 4397/4397/4397 4398/4398/4398 4366/4366/4366 
f 4397/4397/4397 4383/4383/4383 4400/4400/4400 
f 4397/4397/4397 4366/4366/4366 4377/4377/4377 
f 4397/4397/4397 4377/4377/4377 4383/4383/4383 
f 4517/4517/4517 4400/4400/4400 4399/4399/4399 
f 4400/4400/4400 4383/4383/4383 4399/4399/4399 
f 4517/4517/4517 4521/4521/4521 4520/4520/4520 
f 4399/4399/4399 4407/4407/4407 4517/4517/4517 
f 4517/4517/4517 4407/4407/4407 4521/4521/4521 
f 4387/4387/4387 4399/4399/4399 4383/4383/4383 
f 4407/4407/4407 4399/4399/4399 4387/4387/4387 
f 4718/4718/4718 4716/4716/4716 4492/4492/4492 
f 4490/4490/4490 4491/4491/4491 4715/4715/4715 
f 4491/4491/4491 4716/4716/4716 4715/4715/4715 
f 4490/4490/4490 4715/4715/4715 4717/4717/4717 
f 4719/4719/4719 4717/4717/4717 4715/4715/4715 
f 4720/4720/4720 4719/4719/4719 4715/4715/4715 
f 4716/4716/4716 4720/4720/4720 4715/4715/4715 
f 4719/4719/4719 4720/4720/4720 4723/4723/4723 
f 4721/4721/4721 4716/4716/4716 4718/4718/4718 
f 4716/4716/4716 4721/4721/4721 4720/4720/4720 
f 4726/4726/4726 4721/4721/4721 4718/4718/4718 
f 4720/4720/4720 4722/4722/4722 4723/4723/4723 
f 4720/4720/4720 4721/4721/4721 4722/4722/4722 
f 4722/4722/4722 4725/4725/4725 4723/4723/4723 
f 4722/4722/4722 4724/4724/4724 4725/4725/4725 
f 4721/4721/4721 4724/4724/4724 4722/4722/4722 
f 4724/4724/4724 4721/4721/4721 4726/4726/4726 
f 4724/4724/4724 4726/4726/4726 4727/4727/4727 
f 4728/4728/4728 4724/4724/4724 4727/4727/4727 
f 4728/4728/4728 4747/4747/4747 4724/4724/4724 
f 4748/4748/4748 4747/4747/4747 4728/4728/4728 
f 4748/4748/4748 4826/4826/4826 4747/4747/4747 
f 4829/4829/4829 4826/4826/4826 4748/4748/4748 
f 4829/4829/4829 4824/4824/4824 4826/4826/4826 
f 4824/4824/4824 4825/4825/4825 4826/4826/4826 
f 4824/4824/4824 4827/4827/4827 4825/4825/4825 
f 4827/4827/4827 4808/4808/4808 4825/4825/4825 
f 4827/4827/4827 4810/4810/4810 4808/4808/4808 
f 4808/4808/4808 4810/4810/4810 4809/4809/4809 
f 4808/4808/4808 4809/4809/4809 4807/4807/4807 
f 4809/4809/4809 4806/4806/4806 4807/4807/4807 
f 4806/4806/4806 4799/4799/4799 4807/4807/4807 
f 4806/4806/4806 4798/4798/4798 4799/4799/4799 
f 4798/4798/4798 4796/4796/4796 4799/4799/4799 
f 4796/4796/4796 4798/4798/4798 4797/4797/4797 
f 4795/4795/4795 4796/4796/4796 4797/4797/4797 
f 4795/4795/4795 4797/4797/4797 4800/4800/4800 
f 4797/4797/4797 4706/4706/4706 4800/4800/4800 
f 4706/4706/4706 4705/4705/4705 4800/4800/4800 
f 4706/4706/4706 4704/4704/4704 4705/4705/4705 
f 4705/4705/4705 4704/4704/4704 4701/4701/4701 
f 4704/4704/4704 4682/4682/4682 4701/4701/4701 
f 4682/4682/4682 4674/4674/4674 4701/4701/4701 
f 4682/4682/4682 4680/4680/4680 4674/4674/4674 
f 4675/4675/4675 4674/4674/4674 4680/4680/4680 
f 4673/4673/4673 4674/4674/4674 4675/4675/4675 
f 4675/4675/4675 4680/4680/4680 4681/4681/4681 
f 4290/4290/4290 4291/4291/4291 4292/4292/4292 
f 4293/4293/4293 4292/4292/4292 4294/4294/4294 
f 4290/4290/4290 4292/4292/4292 4293/4293/4293 
f 4291/4291/4291 4290/4290/4290 4297/4297/4297 
f 4291/4291/4291 4297/4297/4297 4298/4298/4298 
f 4297/4297/4297 4300/4300/4300 4298/4298/4298 
f 4300/4300/4300 4336/4336/4336 4298/4298/4298 
f 4337/4337/4337 4336/4336/4336 4300/4300/4300 
f 4337/4337/4337 4344/4344/4344 4336/4336/4336 
f 4486/4486/4486 4337/4337/4337 4300/4300/4300 
f 4337/4337/4337 4486/4486/4486 4488/4488/4488 
f 4487/4487/4487 4488/4488/4488 4486/4486/4486 
f 4487/4487/4487 4486/4486/4486 4471/4471/4471 
f 4470/4470/4470 4486/4486/4486 4300/4300/4300 
f 4486/4486/4486 4470/4470/4470 4471/4471/4471 
f 4470/4470/4470 4300/4300/4300 4297/4297/4297 
f 4470/4470/4470 4466/4466/4466 4471/4471/4471 
f 4465/4465/4465 4470/4470/4470 4297/4297/4297 
f 4466/4466/4466 4470/4470/4470 4465/4465/4465 
f 4290/4290/4290 4465/4465/4465 4297/4297/4297 
f 4466/4466/4466 4465/4465/4465 4467/4467/4467 
f 4290/4290/4290 4464/4464/4464 4465/4465/4465 
f 4467/4467/4467 4465/4465/4465 4464/4464/4464 
f 4468/4468/4468 4464/4464/4464 4290/4290/4290 
f 4467/4467/4467 4464/4464/4464 4469/4469/4469 
f 4468/4468/4468 4469/4469/4469 4464/4464/4464 
f 4323/4323/4323 4324/4324/4324 4325/4325/4325 
f 4419/4419/4419 4323/4323/4323 4325/4325/4325 
f 4325/4325/4325 4324/4324/4324 4327/4327/4327 
f 4375/4375/4375 4323/4323/4323 4419/4419/4419 
f 4324/4324/4324 4326/4326/4326 4327/4327/4327 
f 4327/4327/4327 4326/4326/4326 4619/4619/4619 
f 4327/4327/4327 4619/4619/4619 4628/4628/4628 
f 4376/4376/4376 4375/4375/4375 4419/4419/4419 
f 4374/4374/4374 4375/4375/4375 4376/4376/4376 
f 4360/4360/4360 4374/4374/4374 4376/4376/4376 
f 4359/4359/4359 4374/4374/4374 4360/4360/4360 
f 4358/4358/4358 4359/4359/4359 4360/4360/4360 
f 4362/4362/4362 4359/4359/4359 4358/4358/4358 
f 4362/4362/4362 4363/4363/4363 4359/4359/4359 
f 4359/4359/4359 4363/4363/4363 4396/4396/4396 
f 4406/4406/4406 4359/4359/4359 4396/4396/4396 
f 4406/4406/4406 4396/4396/4396 4411/4411/4411 
f 4410/4410/4410 4406/4406/4406 4411/4411/4411 
f 4410/4410/4410 4411/4411/4411 4412/4412/4412 
f 4495/4495/4495 4410/4410/4410 4412/4412/4412 
f 4495/4495/4495 4412/4412/4412 4497/4497/4497 
f 4496/4496/4496 4495/4495/4495 4497/4497/4497 
f 4496/4496/4496 4497/4497/4497 4498/4498/4498 
f 4497/4497/4497 4499/4499/4499 4498/4498/4498 
f 4498/4498/4498 4499/4499/4499 4500/4500/4500 
f 4499/4499/4499 4506/4506/4506 4500/4500/4500 
f 4500/4500/4500 4506/4506/4506 4508/4508/4508 
f 4506/4506/4506 4507/4507/4507 4508/4508/4508 
f 4507/4507/4507 4509/4509/4509 4508/4508/4508 
f 4507/4507/4507 4510/4510/4510 4509/4509/4509 
f 4528/4528/4528 4509/4509/4509 4510/4510/4510 
f 4528/4528/4528 4536/4536/4536 4509/4509/4509 
f 4537/4537/4537 4536/4536/4536 4528/4528/4528 
f 4537/4537/4537 4528/4528/4528 4538/4538/4538 
f 4540/4540/4540 4537/4537/4537 4538/4538/4538 
f 4540/4540/4540 4538/4538/4538 4541/4541/4541 
f 4539/4539/4539 4537/4537/4537 4540/4540/4540 
f 4561/4561/4561 4539/4539/4539 4540/4540/4540 
f 4480/4480/4480 4539/4539/4539 4561/4561/4561 
f 4560/4560/4560 4480/4480/4480 4561/4561/4561 
f 4560/4560/4560 4494/4494/4494 4480/4480/4480 
f 4494/4494/4494 4481/4481/4481 4480/4480/4480 
f 4485/4485/4485 4481/4481/4481 4494/4494/4494 
f 4480/4480/4480 4481/4481/4481 4477/4477/4477 
f 4477/4477/4477 4479/4479/4479 4480/4480/4480 
f 4477/4477/4477 4476/4476/4476 4479/4479/4479 
f 4475/4475/4475 4476/4476/4476 4477/4477/4477 
f 4481/4481/4481 4475/4475/4475 4477/4477/4477 
f 4475/4475/4475 4478/4478/4478 4476/4476/4476 
f 4485/4485/4485 4484/4484/4484 4481/4481/4481 
f 4481/4481/4481 4484/4484/4484 4475/4475/4475 
f 4492/4492/4492 4484/4484/4484 4485/4485/4485 
f 4492/4492/4492 4493/4493/4493 4484/4484/4484 
f 4716/4716/4716 4493/4493/4493 4492/4492/4492 
f 4484/4484/4484 4482/4482/4482 4475/4475/4475 
f 4482/4482/4482 4478/4478/4478 4475/4475/4475 
f 4482/4482/4482 4483/4483/4483 4478/4478/4478 
f 4482/4482/4482 4484/4484/4484 4491/4491/4491 
f 4483/4483/4483 4482/4482/4482 4490/4490/4490 
f 4482/4482/4482 4491/4491/4491 4490/4490/4490 
f 4558/4558/4558 4545/4545/4545 4557/4557/4557 
f 4557/4557/4557 4545/4545/4545 4549/4549/4549 
f 4549/4549/4549 4545/4545/4545 4535/4535/4535 
f 4601/4601/4601 4545/4545/4545 4558/4558/4558 
f 4544/4544/4544 4535/4535/4535 4545/4545/4545 
f 4545/4545/4545 4601/4601/4601 4544/4544/4544 
f 4544/4544/4544 4601/4601/4601 4587/4587/4587 
f 4544/4544/4544 4587/4587/4587 4542/4542/4542 
f 4532/4532/4532 4544/4544/4544 4542/4542/4542 
f 4542/4542/4542 4587/4587/4587 4583/4583/4583 
f 4532/4532/4532 4542/4542/4542 4543/4543/4543 
f 4542/4542/4542 4583/4583/4583 4582/4582/4582 
f 4543/4543/4543 4542/4542/4542 4582/4582/4582 
f 4582/4582/4582 4583/4583/4583 4584/4584/4584 
f 4543/4543/4543 4582/4582/4582 4577/4577/4577 
f 4582/4582/4582 4584/4584/4584 4578/4578/4578 
f 4577/4577/4577 4582/4582/4582 4578/4578/4578 
f 4578/4578/4578 4584/4584/4584 4585/4585/4585 
f 4577/4577/4577 4578/4578/4578 4579/4579/4579 
f 4578/4578/4578 4585/4585/4585 4580/4580/4580 
f 4579/4579/4579 4578/4578/4578 4580/4580/4580 
f 4580/4580/4580 4585/4585/4585 4586/4586/4586 
f 4579/4579/4579 4580/4580/4580 4581/4581/4581 
f 4580/4580/4580 4586/4586/4586 4588/4588/4588 
f 4581/4581/4581 4580/4580/4580 4588/4588/4588 
f 4588/4588/4588 4586/4586/4586 4593/4593/4593 
f 4581/4581/4581 4588/4588/4588 4589/4589/4589 
f 4588/4588/4588 4593/4593/4593 4590/4590/4590 
f 4589/4589/4589 4588/4588/4588 4590/4590/4590 
f 4590/4590/4590 4593/4593/4593 4594/4594/4594 
f 4589/4589/4589 4590/4590/4590 4591/4591/4591 
f 4590/4590/4590 4594/4594/4594 4592/4592/4592 
f 4591/4591/4591 4590/4590/4590 4592/4592/4592 
f 4592/4592/4592 4594/4594/4594 4595/4595/4595 
f 4756/4756/4756 4592/4592/4592 4595/4595/4595 
f 4752/4752/4752 4591/4591/4591 4592/4592/4592 
f 4752/4752/4752 4592/4592/4592 4756/4756/4756 
f 4753/4753/4753 4591/4591/4591 4752/4752/4752 
f 4757/4757/4757 4752/4752/4752 4756/4756/4756 
f 4755/4755/4755 4753/4753/4753 4752/4752/4752 
f 4755/4755/4755 4752/4752/4752 4757/4757/4757 
f 4754/4754/4754 4753/4753/4753 4755/4755/4755 
f 4759/4759/4759 4755/4755/4755 4757/4757/4757 
f 4758/4758/4758 4754/4754/4754 4755/4755/4755 
f 4758/4758/4758 4755/4755/4755 4759/4759/4759 
f 4763/4763/4763 4754/4754/4754 4758/4758/4758 
f 4770/4770/4770 4758/4758/4758 4759/4759/4759 
f 4764/4764/4764 4763/4763/4763 4758/4758/4758 
f 4764/4764/4764 4758/4758/4758 4770/4770/4770 
f 4765/4765/4765 4763/4763/4763 4764/4764/4764 
f 4771/4771/4771 4764/4764/4764 4770/4770/4770 
f 4767/4767/4767 4765/4765/4765 4764/4764/4764 
f 4767/4767/4767 4764/4764/4764 4771/4771/4771 
f 4766/4766/4766 4765/4765/4765 4767/4767/4767 
f 4769/4769/4769 4767/4767/4767 4771/4771/4771 
f 4768/4768/4768 4766/4766/4766 4767/4767/4767 
f 4768/4768/4768 4767/4767/4767 4769/4769/4769 
f 4773/4773/4773 4768/4768/4768 4769/4769/4769 
f 4828/4828/4828 4766/4766/4766 4768/4768/4768 
f 4772/4772/4772 4768/4768/4768 4773/4773/4773 
f 4772/4772/4772 4828/4828/4828 4768/4768/4768 
f 4790/4790/4790 4772/4772/4772 4773/4773/4773 
f 4789/4789/4789 4772/4772/4772 4790/4790/4790 
f 4790/4790/4790 4791/4791/4791 4789/4789/4789 
f 4789/4789/4789 4791/4791/4791 4792/4792/4792 
f 4791/4791/4791 4786/4786/4786 4792/4792/4792 
f 4793/4793/4793 4786/4786/4786 4791/4791/4791 
f 4792/4792/4792 4841/4841/4841 4789/4789/4789 
f 4792/4792/4792 4786/4786/4786 4841/4841/4841 
f 4793/4793/4793 4787/4787/4787 4786/4786/4786 
f 4831/4831/4831 4772/4772/4772 4789/4789/4789 
f 4789/4789/4789 4841/4841/4841 4831/4831/4831 
f 4830/4830/4830 4772/4772/4772 4831/4831/4831 
f 4830/4830/4830 4828/4828/4828 4772/4772/4772 
f 4831/4831/4831 4841/4841/4841 4837/4837/4837 
f 4837/4837/4837 4830/4830/4830 4831/4831/4831 
f 4832/4832/4832 4828/4828/4828 4830/4830/4830 
f 4832/4832/4832 4830/4830/4830 4837/4837/4837 
f 4836/4836/4836 4828/4828/4828 4832/4832/4832 
f 4833/4833/4833 4836/4836/4836 4832/4832/4832 
f 4834/4834/4834 4836/4836/4836 4833/4833/4833 
f 4833/4833/4833 4811/4811/4811 4834/4834/4834 
f 4833/4833/4833 4832/4832/4832 4835/4835/4835 
f 4835/4835/4835 4832/4832/4832 4837/4837/4837 
f 4815/4815/4815 4811/4811/4811 4833/4833/4833 
f 4835/4835/4835 4815/4815/4815 4833/4833/4833 
f 4815/4815/4815 4812/4812/4812 4811/4811/4811 
f 4811/4811/4811 4812/4812/4812 4813/4813/4813 
f 4820/4820/4820 4815/4815/4815 4835/4835/4835 
f 4815/4815/4815 4820/4820/4820 4812/4812/4812 
f 4837/4837/4837 4842/4842/4842 4835/4835/4835 
f 4842/4842/4842 4820/4820/4820 4835/4835/4835 
f 4812/4812/4812 4814/4814/4814 4813/4813/4813 
f 4820/4820/4820 4814/4814/4814 4812/4812/4812 
f 4813/4813/4813 4814/4814/4814 4801/4801/4801 
f 4814/4814/4814 4802/4802/4802 4801/4801/4801 
f 4801/4801/4801 4802/4802/4802 4803/4803/4803 
f 4821/4821/4821 4814/4814/4814 4820/4820/4820 
f 4814/4814/4814 4821/4821/4821 4802/4802/4802 
f 4802/4802/4802 4805/4805/4805 4803/4803/4803 
f 4802/4802/4802 4821/4821/4821 4805/4805/4805 
f 4803/4803/4803 4805/4805/4805 4804/4804/4804 
f 4804/4804/4804 4805/4805/4805 4712/4712/4712 
f 4712/4712/4712 4805/4805/4805 4714/4714/4714 
f 4821/4821/4821 4714/4714/4714 4805/4805/4805 
f 4714/4714/4714 4713/4713/4713 4712/4712/4712 
f 4712/4712/4712 4713/4713/4713 4709/4709/4709 
f 4710/4710/4710 4714/4714/4714 4821/4821/4821 
f 4714/4714/4714 4710/4710/4710 4713/4713/4713 
f 4713/4713/4713 4684/4684/4684 4709/4709/4709 
f 4713/4713/4713 4710/4710/4710 4684/4684/4684 
f 4709/4709/4709 4684/4684/4684 4702/4702/4702 
f 4684/4684/4684 4683/4683/4683 4702/4702/4702 
f 4678/4678/4678 4683/4683/4683 4684/4684/4684 
f 4678/4678/4678 4676/4676/4676 4683/4683/4683 
f 4684/4684/4684 4710/4710/4710 4686/4686/4686 
f 4686/4686/4686 4678/4678/4678 4684/4684/4684 
f 4710/4710/4710 4699/4699/4699 4686/4686/4686 
f 4685/4685/4685 4678/4678/4678 4686/4686/4686 
f 4686/4686/4686 4699/4699/4699 4685/4685/4685 
f 4677/4677/4677 4676/4676/4676 4678/4678/4678 
f 4679/4679/4679 4678/4678/4678 4685/4685/4685 
f 4677/4677/4677 4678/4678/4678 4679/4679/4679 
f 4685/4685/4685 4699/4699/4699 4697/4697/4697 
f 4685/4685/4685 4687/4687/4687 4679/4679/4679 
f 4697/4697/4697 4687/4687/4687 4685/4685/4685 
f 4687/4687/4687 4688/4688/4688 4679/4679/4679 
f 4697/4697/4697 4696/4696/4696 4687/4687/4687 
f 4687/4687/4687 4696/4696/4696 4688/4688/4688 
f 4283/4283/4283 4284/4284/4284 4285/4285/4285 
f 4284/4284/4284 4302/4302/4302 4285/4285/4285 
f 4301/4301/4301 4283/4283/4283 4285/4285/4285 
f 4303/4303/4303 4304/4304/4304 4305/4305/4305 
f 4306/4306/4306 4305/4305/4305 4307/4307/4307 
f 4304/4304/4304 4307/4307/4307 4305/4305/4305 
f 4304/4304/4304 4452/4452/4452 4307/4307/4307 
f 4452/4452/4452 4453/4453/4453 4307/4307/4307 
f 4452/4452/4452 4460/4460/4460 4453/4453/4453 
f 4304/4304/4304 4456/4456/4456 4452/4452/4452 
f 4304/4304/4304 4303/4303/4303 4309/4309/4309 
f 4309/4309/4309 4456/4456/4456 4304/4304/4304 
f 4303/4303/4303 4308/4308/4308 4309/4309/4309 
f 4309/4309/4309 4308/4308/4308 4311/4311/4311 
f 4308/4308/4308 4310/4310/4310 4311/4311/4311 
f 4311/4311/4311 4310/4310/4310 4472/4472/4472 
f 4311/4311/4311 4473/4473/4473 4309/4309/4309 
f 4309/4309/4309 4473/4473/4473 4456/4456/4456 
f 4472/4472/4472 4457/4457/4457 4311/4311/4311 
f 4311/4311/4311 4457/4457/4457 4473/4473/4473 
f 4472/4472/4472 4474/4474/4474 4457/4457/4457 
f 4474/4474/4474 4458/4458/4458 4457/4457/4457 
f 4457/4457/4457 4458/4458/4458 4454/4454/4454 
f 4457/4457/4457 4454/4454/4454 4473/4473/4473 
f 4473/4473/4473 4454/4454/4454 4456/4456/4456 
f 4454/4454/4454 4455/4455/4455 4456/4456/4456 
f 4462/4462/4462 4456/4456/4456 4455/4455/4455 
f 4455/4455/4455 4461/4461/4461 4462/4462/4462 
f 4331/4331/4331 4332/4332/4332 4333/4333/4333 
f 4331/4331/4331 4342/4342/4342 4332/4332/4332 
f 4340/4340/4340 4342/4342/4342 4331/4331/4331 
f 4340/4340/4340 4341/4341/4341 4342/4342/4342 
f 4345/4345/4345 4346/4346/4346 4347/4347/4347 
f 4347/4347/4347 4346/4346/4346 4349/4349/4349 
f 4346/4346/4346 4348/4348/4348 4349/4349/4349 
f 4349/4349/4349 4348/4348/4348 4489/4489/4489 
f 4316/4316/4316 4317/4317/4317 4318/4318/4318 
f 4317/4317/4317 4319/4319/4319 4318/4318/4318 
f 4322/4322/4322 4317/4317/4317 4316/4316/4316 
f 4321/4321/4321 4322/4322/4322 4316/4316/4316 
f 4321/4321/4321 4618/4618/4618 4322/4322/4322 
f 4951/4951/4951 4952/4952/4952 4953/4953/4953 
f 4951/4951/4951 4953/4953/4953 4954/4954/4954 
f 4951/4951/4951 4954/4954/4954 4960/4960/4960 
f 4862/4862/4862 4863/4863/4863 4864/4864/4864 
f 4865/4865/4865 4862/4862/4862 4864/4864/4864 
f 4869/4869/4869 4863/4863/4863 4862/4862/4862 
f 4869/4869/4869 4862/4862/4862 4870/4870/4870 
f 4844/4844/4844 4845/4845/4845 4846/4846/4846 
f 4845/4845/4845 4848/4848/4848 4846/4846/4846 
f 4846/4846/4846 4847/4847/4847 4844/4844/4844 
f 4881/4881/4881 4882/4882/4882 4883/4883/4883 
f 4888/4888/4888 4882/4882/4882 4881/4881/4881 
f 4888/4888/4888 4912/4912/4912 4882/4882/4882 
f 4881/4881/4881 4902/4902/4902 4888/4888/4888 
f 4884/4884/4884 4882/4882/4882 4912/4912/4912 
f 4883/4883/4883 4882/4882/4882 4884/4884/4884 
f 4888/4888/4888 4902/4902/4902 4924/4924/4924 
f 4884/4884/4884 4912/4912/4912 4911/4911/4911 
f 4911/4911/4911 4912/4912/4912 4913/4913/4913 
f 4885/4885/4885 4884/4884/4884 4911/4911/4911 
f 4883/4883/4883 4884/4884/4884 4885/4885/4885 
f 4915/4915/4915 4885/4885/4885 4911/4911/4911 
f 4886/4886/4886 4883/4883/4883 4885/4885/4885 
f 4914/4914/4914 4915/4915/4915 4911/4911/4911 
f 4914/4914/4914 4911/4911/4911 4913/4913/4913 
f 4914/4914/4914 4913/4913/4913 4916/4916/4916 
f 4913/4913/4913 4918/4918/4918 4916/4916/4916 
f 4887/4887/4887 4883/4883/4883 4886/4886/4886 
f 4916/4916/4916 4918/4918/4918 4920/4920/4920 
f 4887/4887/4887 4891/4891/4891 4883/4883/4883 
f 4881/4881/4881 4883/4883/4883 4891/4891/4891 
f 4891/4891/4891 4887/4887/4887 4893/4893/4893 
f 4918/4918/4918 4919/4919/4919 4920/4920/4920 
f 4890/4890/4890 4881/4881/4881 4891/4891/4891 
f 4919/4919/4919 4918/4918/4918 4924/4924/4924 
f 4919/4919/4919 4932/4932/4932 4920/4920/4920 
f 4889/4889/4889 4891/4891/4891 4893/4893/4893 
f 4889/4889/4889 4890/4890/4890 4891/4891/4891 
f 4893/4893/4893 4894/4894/4894 4889/4889/4889 
f 4881/4881/4881 4890/4890/4890 4902/4902/4902 
f 4919/4919/4919 4931/4931/4931 4932/4932/4932 
f 4931/4931/4931 4934/4934/4934 4932/4932/4932 
f 4924/4924/4924 4925/4925/4925 4919/4919/4919 
f 4925/4925/4925 4931/4931/4931 4919/4919/4919 
f 4902/4902/4902 4925/4925/4925 4924/4924/4924 
f 4931/4931/4931 4933/4933/4933 4934/4934/4934 
f 4933/4933/4933 4935/4935/4935 4934/4934/4934 
f 4925/4925/4925 4926/4926/4926 4931/4931/4931 
f 4926/4926/4926 4933/4933/4933 4931/4931/4931 
f 4902/4902/4902 4904/4904/4904 4925/4925/4925 
f 4904/4904/4904 4926/4926/4926 4925/4925/4925 
f 4890/4890/4890 4904/4904/4904 4902/4902/4902 
f 4933/4933/4933 4928/4928/4928 4935/4935/4935 
f 4928/4928/4928 4933/4933/4933 4926/4926/4926 
f 4928/4928/4928 4936/4936/4936 4935/4935/4935 
f 4928/4928/4928 4930/4930/4930 4936/4936/4936 
f 4928/4928/4928 4926/4926/4926 4927/4927/4927 
f 4928/4928/4928 4927/4927/4927 4930/4930/4930 
f 4927/4927/4927 4926/4926/4926 4904/4904/4904 
f 4927/4927/4927 4929/4929/4929 4930/4930/4930 
f 4927/4927/4927 4903/4903/4903 4929/4929/4929 
f 4927/4927/4927 4904/4904/4904 4903/4903/4903 
f 4903/4903/4903 4908/4908/4908 4929/4929/4929 
f 4890/4890/4890 4892/4892/4892 4904/4904/4904 
f 4889/4889/4889 4892/4892/4892 4890/4890/4890 
f 4903/4903/4903 4904/4904/4904 4896/4896/4896 
f 4904/4904/4904 4892/4892/4892 4896/4896/4896 
f 4903/4903/4903 4899/4899/4899 4908/4908/4908 
f 4903/4903/4903 4896/4896/4896 4899/4899/4899 
f 4908/4908/4908 4899/4899/4899 4906/4906/4906 
f 4908/4908/4908 4906/4906/4906 4937/4937/4937 
f 4889/4889/4889 4895/4895/4895 4892/4892/4892 
f 4894/4894/4894 4895/4895/4895 4889/4889/4889 
f 4894/4894/4894 4900/4900/4900 4895/4895/4895 
f 4892/4892/4892 4895/4895/4895 4897/4897/4897 
f 4900/4900/4900 4897/4897/4897 4895/4895/4895 
f 4896/4896/4896 4892/4892/4892 4897/4897/4897 
f 4897/4897/4897 4900/4900/4900 4901/4901/4901 
f 4896/4896/4896 4897/4897/4897 4898/4898/4898 
f 4898/4898/4898 4897/4897/4897 4901/4901/4901 
f 4896/4896/4896 4898/4898/4898 4899/4899/4899 
f 4898/4898/4898 4901/4901/4901 4909/4909/4909 
f 4899/4899/4899 4898/4898/4898 4905/4905/4905 
f 4898/4898/4898 4909/4909/4909 4905/4905/4905 
f 4899/4899/4899 4905/4905/4905 4906/4906/4906 
f 4905/4905/4905 4909/4909/4909 4910/4910/4910 
f 4906/4906/4906 4905/4905/4905 4907/4907/4907 
f 4905/4905/4905 4910/4910/4910 4907/4907/4907 
f 4937/4937/4937 4906/4906/4906 4907/4907/4907 
f 4907/4907/4907 4910/4910/4910 4938/4938/4938 
f 4937/4937/4937 4907/4907/4907 4938/4938/4938 
f 4910/4910/4910 4941/4941/4941 4938/4938/4938 
f 4937/4937/4937 4938/4938/4938 4939/4939/4939 
f 4938/4938/4938 4941/4941/4941 4940/4940/4940 
f 4938/4938/4938 4940/4940/4940 4939/4939/4939 
f 4866/4866/4866 4867/4867/4867 4868/4868/4868 
f 4867/4867/4867 4917/4917/4917 4868/4868/4868 
f 4866/4866/4866 4868/4868/4868 4871/4871/4871 
f 4874/4874/4874 4875/4875/4875 4876/4876/4876 
f 4849/4849/4849 4850/4850/4850 4851/4851/4851 
f 4850/4850/4850 4856/4856/4856 4851/4851/4851 
f 4852/4852/4852 4850/4850/4850 4849/4849/4849 
f 4858/4858/4858 4856/4856/4856 4850/4850/4850 
f 4861/4861/4861 4856/4856/4856 4858/4858/4858 
f 4854/4854/4854 4850/4850/4850 4852/4852/4852 
f 4858/4858/4858 4850/4850/4850 4854/4854/4854 
f 4860/4860/4860 4861/4861/4861 4858/4858/4858 
f 4942/4942/4942 4861/4861/4861 4860/4860/4860 
f 4942/4942/4942 4945/4945/4945 4861/4861/4861 
f 4859/4859/4859 4860/4860/4860 4858/4858/4858 
f 4942/4942/4942 4860/4860/4860 4859/4859/4859 
f 4946/4946/4946 4945/4945/4945 4942/4942/4942 
f 4859/4859/4859 4858/4858/4858 4857/4857/4857 
f 4857/4857/4857 4858/4858/4858 4854/4854/4854 
f 4923/4923/4923 4859/4859/4859 4857/4857/4857 
f 4923/4923/4923 4857/4857/4857 4921/4921/4921 
f 4944/4944/4944 4859/4859/4859 4923/4923/4923 
f 4944/4944/4944 4942/4942/4942 4859/4859/4859 
f 4977/4977/4977 4944/4944/4944 4923/4923/4923 
f 4943/4943/4943 4946/4946/4946 4942/4942/4942 
f 4943/4943/4943 4942/4942/4942 4944/4944/4944 
f 4963/4963/4963 4946/4946/4946 4943/4943/4943 
f 4921/4921/4921 4857/4857/4857 4853/4853/4853 
f 4857/4857/4857 4854/4854/4854 4853/4853/4853 
f 4921/4921/4921 4853/4853/4853 4922/4922/4922 
f 4922/4922/4922 4853/4853/4853 4872/4872/4872 
f 4853/4853/4853 4854/4854/4854 4855/4855/4855 
f 4853/4853/4853 4855/4855/4855 4872/4872/4872 
f 4854/4854/4854 4852/4852/4852 4855/4855/4855 
f 4872/4872/4872 4855/4855/4855 4873/4873/4873 
f 4855/4855/4855 4852/4852/4852 4878/4878/4878 
f 4855/4855/4855 4878/4878/4878 4873/4873/4873 
f 4852/4852/4852 4877/4877/4877 4878/4878/4878 
f 4873/4873/4873 4878/4878/4878 4880/4880/4880 
f 4878/4878/4878 4877/4877/4877 4879/4879/4879 
f 4878/4878/4878 4879/4879/4879 4880/4880/4880 
f 4947/4947/4947 4963/4963/4963 4943/4943/4943 
f 4964/4964/4964 4963/4963/4963 4947/4947/4947 
f 4947/4947/4947 4943/4943/4943 4948/4948/4948 
f 4948/4948/4948 4943/4943/4943 4944/4944/4944 
f 4948/4948/4948 4944/4944/4944 4977/4977/4977 
f 4978/4978/4978 4948/4948/4948 4977/4977/4977 
f 4950/4950/4950 4948/4948/4948 4978/4978/4978 
f 4950/4950/4950 4947/4947/4947 4948/4948/4948 
f 4979/4979/4979 4950/4950/4950 4978/4978/4978 
f 4949/4949/4949 4950/4950/4950 4979/4979/4979 
f 4949/4949/4949 4947/4947/4947 4950/4950/4950 
f 4949/4949/4949 4964/4964/4964 4947/4947/4947 
f 4966/4966/4966 4964/4964/4964 4949/4949/4949 
f 4964/4964/4964 4956/4956/4956 4963/4963/4963 
f 4966/4966/4966 4965/4965/4965 4964/4964/4964 
f 4965/4965/4965 4956/4956/4956 4964/4964/4964 
f 4967/4967/4967 4965/4965/4965 4966/4966/4966 
f 4955/4955/4955 4956/4956/4956 4957/4957/4957 
f 4957/4957/4957 4956/4956/4956 4958/4958/4958 
f 4965/4965/4965 4958/4958/4958 4956/4956/4956 
f 4957/4957/4957 4958/4958/4958 4959/4959/4959 
f 4967/4967/4967 4968/4968/4968 4965/4965/4965 
f 4968/4968/4968 4958/4958/4958 4965/4965/4965 
f 4967/4967/4967 4972/4972/4972 4968/4968/4968 
f 4972/4972/4972 4973/4973/4973 4968/4968/4968 
f 4973/4973/4973 4961/4961/4961 4968/4968/4968 
f 4968/4968/4968 4961/4961/4961 4958/4958/4958 
f 4959/4959/4959 4958/4958/4958 4961/4961/4961 
f 4959/4959/4959 4961/4961/4961 4962/4962/4962 
f 4969/4969/4969 4970/4970/4970 4971/4971/4971 
f 4974/4974/4974 4969/4969/4969 4971/4971/4971 
f 4970/4970/4970 4975/4975/4975 4971/4971/4971 
f 4970/4970/4970 4976/4976/4976 4975/4975/4975 
f 5017/5017/5017 5018/5018/5018 5019/5019/5019 
f 5017/5017/5017 5019/5019/5019 5020/5020/5020 
f 5017/5017/5017 5020/5020/5020 5021/5021/5021 
f 5022/5022/5022 5017/5017/5017 5021/5021/5021 
f 4996/4996/4996 4997/4997/4997 4998/4998/4998 
f 5014/5014/5014 4996/4996/4996 5015/5015/5015 
f 5016/5016/5016 5014/5014/5014 5015/5015/5015 
f 4999/4999/4999 5000/5000/5000 5001/5001/5001 
f 5001/5001/5001 5000/5000/5000 5005/5005/5005 
f 5001/5001/5001 5005/5005/5005 5006/5006/5006 
f 5011/5011/5011 5001/5001/5001 5006/5006/5006 
f 5011/5011/5011 5006/5006/5006 5012/5012/5012 
f 5011/5011/5011 5012/5012/5012 5013/5013/5013 
f 5001/5001/5001 5011/5011/5011 5010/5010/5010 
f 5002/5002/5002 4999/4999/4999 5001/5001/5001 
f 5001/5001/5001 5010/5010/5010 5002/5002/5002 
f 5002/5002/5002 5003/5003/5003 4999/4999/4999 
f 5010/5010/5010 5004/5004/5004 5002/5002/5002 
f 5002/5002/5002 5004/5004/5004 5003/5003/5003 
f 4986/4986/4986 4987/4987/4987 4988/4988/4988 
f 4994/4994/4994 4995/4995/4995 4986/4986/4986 
f 4988/4988/4988 4994/4994/4994 4986/4986/4986 
f 4993/4993/4993 4994/4994/4994 4988/4988/4988 
f 4992/4992/4992 4993/4993/4993 4988/4988/4988 
f 4987/4987/4987 4991/4991/4991 4988/4988/4988 
f 4988/4988/4988 4991/4991/4991 4992/4992/4992 
f 4987/4987/4987 4989/4989/4989 4991/4991/4991 
f 4991/4991/4991 4990/4990/4990 4992/4992/4992 
f 4989/4989/4989 4990/4990/4990 4991/4991/4991 
f 5007/5007/5007 5008/5008/5008 5009/5009/5009 
f 4980/4980/4980 4981/4981/4981 4982/4982/4982 
f 4981/4981/4981 4980/4980/4980 4983/4983/4983 
f 4985/4985/4985 4980/4980/4980 4982/4982/4982 
f 4983/4983/4983 4980/4980/4980 4984/4984/4984 
f 4984/4984/4984 4980/4980/4980 4985/4985/4985 
f 5092/5092/5092 5093/5093/5093 5094/5094/5094 
f 5094/5094/5094 5093/5093/5093 5096/5096/5096 
f 5095/5095/5095 5093/5093/5093 5092/5092/5092 
f 5039/5039/5039 5040/5040/5040 5041/5041/5041 
f 5039/5039/5039 5041/5041/5041 5083/5083/5083 
f 5083/5083/5083 5041/5041/5041 5084/5084/5084 
f 5083/5083/5083 5084/5084/5084 5085/5085/5085 
f 5084/5084/5084 5089/5089/5089 5085/5085/5085 
f 5089/5089/5089 5090/5090/5090 5085/5085/5085 
f 5090/5090/5090 5089/5089/5089 5091/5091/5091 
f 5027/5027/5027 5028/5028/5028 5029/5029/5029 
f 5051/5051/5051 5052/5052/5052 5053/5053/5053 
f 5051/5051/5051 5053/5053/5053 5056/5056/5056 
f 5056/5056/5056 5053/5053/5053 5097/5097/5097 
f 5056/5056/5056 5057/5057/5057 5051/5051/5051 
f 5056/5056/5056 5067/5067/5067 5057/5057/5057 
f 5068/5068/5068 5057/5057/5057 5067/5067/5067 
f 5068/5068/5068 5067/5067/5067 5080/5080/5080 
f 5035/5035/5035 5036/5036/5036 5037/5037/5037 
f 5035/5035/5035 5063/5063/5063 5036/5036/5036 
f 5049/5049/5049 5035/5035/5035 5037/5037/5037 
f 5063/5063/5063 5035/5035/5035 5064/5064/5064 
f 5063/5063/5063 5064/5064/5064 5070/5070/5070 
f 5050/5050/5050 5064/5064/5064 5035/5035/5035 
f 5050/5050/5050 5035/5035/5035 5049/5049/5049 
f 5048/5048/5048 5050/5050/5050 5049/5049/5049 
f 5048/5048/5048 5049/5049/5049 5042/5042/5042 
f 5042/5042/5042 5049/5049/5049 5043/5043/5043 
f 5042/5042/5042 5043/5043/5043 5044/5044/5044 
f 5032/5032/5032 5033/5033/5033 5034/5034/5034 
f 5045/5045/5045 5046/5046/5046 5047/5047/5047 
f 5058/5058/5058 5045/5045/5045 5047/5047/5047 
f 5054/5054/5054 5047/5047/5047 5055/5055/5055 
f 5059/5059/5059 5047/5047/5047 5054/5054/5054 
f 5059/5059/5059 5054/5054/5054 5060/5060/5060 
f 5062/5062/5062 5059/5059/5059 5060/5060/5060 
f 5061/5061/5061 5059/5059/5059 5062/5062/5062 
f 5062/5062/5062 5060/5060/5060 5069/5069/5069 
f 5065/5065/5065 5061/5061/5061 5062/5062/5062 
f 5066/5066/5066 5062/5062/5062 5069/5069/5069 
f 5065/5065/5065 5062/5062/5062 5066/5066/5066 
f 5079/5079/5079 5065/5065/5065 5066/5066/5066 
f 5023/5023/5023 5024/5024/5024 5025/5025/5025 
f 5023/5023/5023 5026/5026/5026 5024/5024/5024 
f 5026/5026/5026 5030/5030/5030 5024/5024/5024 
f 5030/5030/5030 5026/5026/5026 5031/5031/5031 
f 5030/5030/5030 5031/5031/5031 5038/5038/5038 
f 5038/5038/5038 5031/5031/5031 5078/5078/5078 
f 5071/5071/5071 5072/5072/5072 5073/5073/5073 
f 5074/5074/5074 5071/5071/5071 5073/5073/5073 
f 5074/5074/5074 5073/5073/5073 5075/5075/5075 
f 5076/5076/5076 5074/5074/5074 5075/5075/5075 
f 5076/5076/5076 5075/5075/5075 5077/5077/5077 
f 5081/5081/5081 5076/5076/5076 5077/5077/5077 
f 5081/5081/5081 5077/5077/5077 5082/5082/5082 
f 5086/5086/5086 5087/5087/5087 5088/5088/5088 
f 5098/5098/5098 5099/5099/5099 5100/5100/5100 
f 5098/5098/5098 5100/5100/5100 5149/5149/5149 
f 5098/5098/5098 5115/5115/5115 5099/5099/5099 
f 5115/5115/5115 5116/5116/5116 5099/5099/5099 
f 5098/5098/5098 5117/5117/5117 5115/5115/5115 
f 5149/5149/5149 5118/5118/5118 5098/5098/5098 
f 5098/5098/5098 5118/5118/5118 5117/5117/5117 
f 5149/5149/5149 5153/5153/5153 5118/5118/5118 
f 5118/5118/5118 5121/5121/5121 5117/5117/5117 
f 5153/5153/5153 5121/5121/5121 5118/5118/5118 
f 5121/5121/5121 5126/5126/5126 5117/5117/5117 
f 5153/5153/5153 5166/5166/5166 5121/5121/5121 
f 5127/5127/5127 5126/5126/5126 5121/5121/5121 
f 5166/5166/5166 5127/5127/5127 5121/5121/5121 
f 5127/5127/5127 5129/5129/5129 5126/5126/5126 
f 5166/5166/5166 5148/5148/5148 5127/5127/5127 
f 5127/5127/5127 5128/5128/5128 5129/5129/5129 
f 5148/5148/5148 5128/5128/5128 5127/5127/5127 
f 5128/5128/5128 5130/5130/5130 5129/5129/5129 
f 5148/5148/5148 5172/5172/5172 5128/5128/5128 
f 5165/5165/5165 5130/5130/5130 5128/5128/5128 
f 5172/5172/5172 5167/5167/5167 5128/5128/5128 
f 5164/5164/5164 5165/5165/5165 5128/5128/5128 
f 5167/5167/5167 5164/5164/5164 5128/5128/5128 
f 5164/5164/5164 5168/5168/5168 5165/5165/5165 
f 5167/5167/5167 5163/5163/5163 5164/5164/5164 
f 5164/5164/5164 5162/5162/5162 5168/5168/5168 
f 5163/5163/5163 5162/5162/5162 5164/5164/5164 
f 5162/5162/5162 5161/5161/5161 5168/5168/5168 
f 5163/5163/5163 5154/5154/5154 5162/5162/5162 
f 5162/5162/5162 5152/5152/5152 5161/5161/5161 
f 5154/5154/5154 5152/5152/5152 5162/5162/5162 
f 5154/5154/5154 5150/5150/5150 5152/5152/5152 
f 5161/5161/5161 5152/5152/5152 5155/5155/5155 
f 5150/5150/5150 5151/5151/5151 5152/5152/5152 
f 5152/5152/5152 5151/5151/5151 5155/5155/5155 
f 5155/5155/5155 5151/5151/5151 5156/5156/5156 
f 5142/5142/5142 5143/5143/5143 5144/5144/5144 
f 5143/5143/5143 5145/5145/5145 5144/5144/5144 
f 5143/5143/5143 5146/5146/5146 5145/5145/5145 
f 5131/5131/5131 5132/5132/5132 5133/5133/5133 
f 5112/5112/5112 5113/5113/5113 5114/5114/5114 
f 5113/5113/5113 5119/5119/5119 5114/5114/5114 
f 5119/5119/5119 5120/5120/5120 5114/5114/5114 
f 5119/5119/5119 5136/5136/5136 5120/5120/5120 
f 5136/5136/5136 5137/5137/5137 5120/5120/5120 
f 5101/5101/5101 5102/5102/5102 5103/5103/5103 
f 5106/5106/5106 5101/5101/5101 5103/5103/5103 
f 5107/5107/5107 5106/5106/5106 5103/5103/5103 
f 5111/5111/5111 5101/5101/5101 5106/5106/5106 
f 5106/5106/5106 5107/5107/5107 5111/5111/5111 
f 5107/5107/5107 5103/5103/5103 5108/5108/5108 
f 5122/5122/5122 5107/5107/5107 5108/5108/5108 
f 5122/5122/5122 5108/5108/5108 5123/5123/5123 
f 5107/5107/5107 5122/5122/5122 5141/5141/5141 
f 5124/5124/5124 5122/5122/5122 5123/5123/5123 
f 5124/5124/5124 5123/5123/5123 5125/5125/5125 
f 5134/5134/5134 5124/5124/5124 5125/5125/5125 
f 5134/5134/5134 5125/5125/5125 5135/5135/5135 
f 5124/5124/5124 5134/5134/5134 5183/5183/5183 
f 5134/5134/5134 5135/5135/5135 5174/5174/5174 
f 5135/5135/5135 5173/5173/5173 5174/5174/5174 
f 5173/5173/5173 5171/5171/5171 5174/5174/5174 
f 5171/5171/5171 5175/5175/5175 5174/5174/5174 
f 5174/5174/5174 5175/5175/5175 5187/5187/5187 
f 5175/5175/5175 5171/5171/5171 5170/5170/5170 
f 5187/5187/5187 5175/5175/5175 5170/5170/5170 
f 5171/5171/5171 5169/5169/5169 5170/5170/5170 
f 5160/5160/5160 5170/5170/5170 5169/5169/5169 
f 5160/5160/5160 5169/5169/5169 5157/5157/5157 
f 5157/5157/5157 5159/5159/5159 5160/5160/5160 
f 5157/5157/5157 5158/5158/5158 5159/5159/5159 
f 5186/5186/5186 5170/5170/5170 5160/5160/5160 
f 5187/5187/5187 5170/5170/5170 5186/5186/5186 
f 5186/5186/5186 5189/5189/5189 5187/5187/5187 
f 5188/5188/5188 5189/5189/5189 5186/5186/5186 
f 5189/5189/5189 5190/5190/5190 5187/5187/5187 
f 5189/5189/5189 5191/5191/5191 5190/5190/5190 
f 5190/5190/5190 5191/5191/5191 5185/5185/5185 
f 5191/5191/5191 5192/5192/5192 5185/5185/5185 
f 5192/5192/5192 5184/5184/5184 5185/5185/5185 
f 5185/5185/5185 5184/5184/5184 5183/5183/5183 
f 5183/5183/5183 5184/5184/5184 5147/5147/5147 
f 5124/5124/5124 5183/5183/5183 5147/5147/5147 
f 5122/5122/5122 5124/5124/5124 5147/5147/5147 
f 5184/5184/5184 5181/5181/5181 5147/5147/5147 
f 5141/5141/5141 5122/5122/5122 5147/5147/5147 
f 5181/5181/5181 5141/5141/5141 5147/5147/5147 
f 5181/5181/5181 5180/5180/5180 5141/5141/5141 
f 5181/5181/5181 5182/5182/5182 5180/5180/5180 
f 5179/5179/5179 5180/5180/5180 5182/5182/5182 
f 5179/5179/5179 5178/5178/5178 5180/5180/5180 
f 5141/5141/5141 5180/5180/5180 5178/5178/5178 
f 5177/5177/5177 5178/5178/5178 5179/5179/5179 
f 5141/5141/5141 5178/5178/5178 5139/5139/5139 
f 5107/5107/5107 5141/5141/5141 5139/5139/5139 
f 5177/5177/5177 5140/5140/5140 5178/5178/5178 
f 5139/5139/5139 5178/5178/5178 5140/5140/5140 
f 5140/5140/5140 5177/5177/5177 5176/5176/5176 
f 5107/5107/5107 5139/5139/5139 5111/5111/5111 
f 5139/5139/5139 5140/5140/5140 5111/5111/5111 
f 5138/5138/5138 5140/5140/5140 5176/5176/5176 
f 5111/5111/5111 5140/5140/5140 5138/5138/5138 
f 5111/5111/5111 5138/5138/5138 5104/5104/5104 
f 5104/5104/5104 5138/5138/5138 5110/5110/5110 
f 5111/5111/5111 5104/5104/5104 5101/5101/5101 
f 5104/5104/5104 5110/5110/5110 5109/5109/5109 
f 5104/5104/5104 5105/5105/5105 5101/5101/5101 
f 5104/5104/5104 5109/5109/5109 5105/5105/5105 
f 5193/5193/5193 5194/5194/5194 5195/5195/5195 
f 5193/5193/5193 5238/5238/5238 5194/5194/5194 
f 5196/5196/5196 5193/5193/5193 5195/5195/5195 
f 5196/5196/5196 5195/5195/5195 5197/5197/5197 
f 5193/5193/5193 5208/5208/5208 5238/5238/5238 
f 5208/5208/5208 5237/5237/5237 5238/5238/5238 
f 5208/5208/5208 5207/5207/5207 5237/5237/5237 
f 5206/5206/5206 5207/5207/5207 5208/5208/5208 
f 5271/5271/5271 5208/5208/5208 5193/5193/5193 
f 5271/5271/5271 5206/5206/5206 5208/5208/5208 
f 5196/5196/5196 5271/5271/5271 5193/5193/5193 
f 5210/5210/5210 5206/5206/5206 5271/5271/5271 
f 5210/5210/5210 5271/5271/5271 5196/5196/5196 
f 5201/5201/5201 5196/5196/5196 5197/5197/5197 
f 5201/5201/5201 5210/5210/5210 5196/5196/5196 
f 5201/5201/5201 5197/5197/5197 5202/5202/5202 
f 5209/5209/5209 5210/5210/5210 5201/5201/5201 
f 5210/5210/5210 5211/5211/5211 5212/5212/5212 
f 5211/5211/5211 5213/5213/5213 5212/5212/5212 
f 5199/5199/5199 5201/5201/5201 5202/5202/5202 
f 5209/5209/5209 5201/5201/5201 5199/5199/5199 
f 5199/5199/5199 5202/5202/5202 5200/5200/5200 
f 5198/5198/5198 5199/5199/5199 5200/5200/5200 
f 5198/5198/5198 5209/5209/5209 5199/5199/5199 
f 5198/5198/5198 5214/5214/5214 5209/5209/5209 
f 5203/5203/5203 5204/5204/5204 5205/5205/5205 
f 5204/5204/5204 5272/5272/5272 5205/5205/5205 
f 5203/5203/5203 5205/5205/5205 5215/5215/5215 
f 5272/5272/5272 5291/5291/5291 5205/5205/5205 
f 5216/5216/5216 5215/5215/5215 5205/5205/5205 
f 5291/5291/5291 5216/5216/5216 5205/5205/5205 
f 5224/5224/5224 5225/5225/5225 5226/5226/5226 
f 5225/5225/5225 5239/5239/5239 5226/5226/5226 
f 5239/5239/5239 5225/5225/5225 5243/5243/5243 
f 5224/5224/5224 5226/5226/5226 5234/5234/5234 
f 5229/5229/5229 5224/5224/5224 5234/5234/5234 
f 5239/5239/5239 5227/5227/5227 5226/5226/5226 
f 5229/5229/5229 5234/5234/5234 5230/5230/5230 
f 5229/5229/5229 5230/5230/5230 5231/5231/5231 
f 5231/5231/5231 5230/5230/5230 5232/5232/5232 
f 5234/5234/5234 5226/5226/5226 5228/5228/5228 
f 5227/5227/5227 5228/5228/5228 5226/5226/5226 
f 5230/5230/5230 5234/5234/5234 5235/5235/5235 
f 5234/5234/5234 5228/5228/5228 5235/5235/5235 
f 5230/5230/5230 5258/5258/5258 5232/5232/5232 
f 5258/5258/5258 5230/5230/5230 5235/5235/5235 
f 5232/5232/5232 5258/5258/5258 5261/5261/5261 
f 5264/5264/5264 5232/5232/5232 5261/5261/5261 
f 5265/5265/5265 5264/5264/5264 5261/5261/5261 
f 5261/5261/5261 5258/5258/5258 5262/5262/5262 
f 5258/5258/5258 5235/5235/5235 5262/5262/5262 
f 5265/5265/5265 5261/5261/5261 5280/5280/5280 
f 5236/5236/5236 5235/5235/5235 5228/5228/5228 
f 5236/5236/5236 5262/5262/5262 5235/5235/5235 
f 5227/5227/5227 5236/5236/5236 5228/5228/5228 
f 5263/5263/5263 5261/5261/5261 5262/5262/5262 
f 5236/5236/5236 5263/5263/5263 5262/5262/5262 
f 5263/5263/5263 5280/5280/5280 5261/5261/5261 
f 5282/5282/5282 5265/5265/5265 5280/5280/5280 
f 5263/5263/5263 5236/5236/5236 5248/5248/5248 
f 5236/5236/5236 5227/5227/5227 5248/5248/5248 
f 5280/5280/5280 5263/5263/5263 5273/5273/5273 
f 5263/5263/5263 5248/5248/5248 5273/5273/5273 
f 5281/5281/5281 5282/5282/5282 5280/5280/5280 
f 5281/5281/5281 5280/5280/5280 5273/5273/5273 
f 5282/5282/5282 5281/5281/5281 5287/5287/5287 
f 5227/5227/5227 5244/5244/5244 5248/5248/5248 
f 5227/5227/5227 5239/5239/5239 5244/5244/5244 
f 5273/5273/5273 5248/5248/5248 5249/5249/5249 
f 5248/5248/5248 5244/5244/5244 5249/5249/5249 
f 5281/5281/5281 5273/5273/5273 5279/5279/5279 
f 5273/5273/5273 5249/5249/5249 5279/5279/5279 
f 5281/5281/5281 5283/5283/5283 5287/5287/5287 
f 5281/5281/5281 5279/5279/5279 5283/5283/5283 
f 5287/5287/5287 5283/5283/5283 5288/5288/5288 
f 5283/5283/5283 5285/5285/5285 5288/5288/5288 
f 5285/5285/5285 5283/5283/5283 5279/5279/5279 
f 5289/5289/5289 5288/5288/5288 5285/5285/5285 
f 5274/5274/5274 5285/5285/5285 5279/5279/5279 
f 5274/5274/5274 5279/5279/5279 5249/5249/5249 
f 5284/5284/5284 5289/5289/5289 5285/5285/5285 
f 5274/5274/5274 5284/5284/5284 5285/5285/5285 
f 5284/5284/5284 5290/5290/5290 5289/5289/5289 
f 5284/5284/5284 5278/5278/5278 5290/5290/5290 
f 5278/5278/5278 5286/5286/5286 5290/5290/5290 
f 5278/5278/5278 5277/5277/5277 5286/5286/5286 
f 5275/5275/5275 5278/5278/5278 5284/5284/5284 
f 5274/5274/5274 5275/5275/5275 5284/5284/5284 
f 5276/5276/5276 5277/5277/5277 5278/5278/5278 
f 5275/5275/5275 5276/5276/5276 5278/5278/5278 
f 5256/5256/5256 5277/5277/5277 5276/5276/5276 
f 5256/5256/5256 5257/5257/5257 5277/5277/5277 
f 5255/5255/5255 5257/5257/5257 5256/5256/5256 
f 5254/5254/5254 5255/5255/5255 5256/5256/5256 
f 5253/5253/5253 5256/5256/5256 5276/5276/5276 
f 5254/5254/5254 5256/5256/5256 5253/5253/5253 
f 5253/5253/5253 5276/5276/5276 5275/5275/5275 
f 5251/5251/5251 5254/5254/5254 5253/5253/5253 
f 5252/5252/5252 5275/5275/5275 5274/5274/5274 
f 5252/5252/5252 5253/5253/5253 5275/5275/5275 
f 5251/5251/5251 5253/5253/5253 5252/5252/5252 
f 5252/5252/5252 5274/5274/5274 5249/5249/5249 
f 5250/5250/5250 5251/5251/5251 5252/5252/5252 
f 5250/5250/5250 5252/5252/5252 5249/5249/5249 
f 5250/5250/5250 5249/5249/5249 5245/5245/5245 
f 5244/5244/5244 5245/5245/5245 5249/5249/5249 
f 5247/5247/5247 5250/5250/5250 5245/5245/5245 
f 5244/5244/5244 5240/5240/5240 5245/5245/5245 
f 5239/5239/5239 5240/5240/5240 5244/5244/5244 
f 5239/5239/5239 5243/5243/5243 5240/5240/5240 
f 5240/5240/5240 5243/5243/5243 5241/5241/5241 
f 5240/5240/5240 5242/5242/5242 5245/5245/5245 
f 5247/5247/5247 5245/5245/5245 5242/5242/5242 
f 5240/5240/5240 5241/5241/5241 5242/5242/5242 
f 5242/5242/5242 5246/5246/5246 5247/5247/5247 
f 5242/5242/5242 5241/5241/5241 5246/5246/5246 
f 5217/5217/5217 5218/5218/5218 5219/5219/5219 
f 5219/5219/5219 5218/5218/5218 5223/5223/5223 
f 5220/5220/5220 5217/5217/5217 5219/5219/5219 
f 5219/5219/5219 5223/5223/5223 5222/5222/5222 
f 5221/5221/5221 5220/5220/5220 5219/5219/5219 
f 5221/5221/5221 5219/5219/5219 5222/5222/5222 
f 5259/5259/5259 5220/5220/5220 5221/5221/5221 
f 5233/5233/5233 5221/5221/5221 5222/5222/5222 
f 5259/5259/5259 5221/5221/5221 5260/5260/5260 
f 5260/5260/5260 5221/5221/5221 5233/5233/5233 
f 5266/5266/5266 5259/5259/5259 5260/5260/5260 
f 5268/5268/5268 5260/5260/5260 5233/5233/5233 
f 5266/5266/5266 5260/5260/5260 5267/5267/5267 
f 5267/5267/5267 5260/5260/5260 5268/5268/5268 
f 5269/5269/5269 5266/5266/5266 5267/5267/5267 
f 5270/5270/5270 5267/5267/5267 5268/5268/5268 
f 5267/5267/5267 5270/5270/5270 5269/5269/5269 
f 5292/5292/5292 5293/5293/5293 5294/5294/5294 
f 5293/5293/5293 5297/5297/5297 5294/5294/5294 
f 5292/5292/5292 5296/5296/5296 5293/5293/5293 
f 5292/5292/5292 5295/5295/5295 5296/5296/5296 
f 5293/5293/5293 5296/5296/5296 5299/5299/5299 
f 5293/5293/5293 5298/5298/5298 5297/5297/5297 
f 5298/5298/5298 5293/5293/5293 5299/5299/5299 
f 5298/5298/5298 5300/5300/5300 5297/5297/5297 
f 5298/5298/5298 5299/5299/5299 5301/5301/5301 
f 5298/5298/5298 5302/5302/5302 5300/5300/5300 
f 5302/5302/5302 5298/5298/5298 5301/5301/5301 

g Rig11

v -2.28692 5.60784 -3.51379 
v -2.34692 5.52616 -3.54893 
v -2.3665 5.59647 -3.52751 
v -2.35379 5.64559 -3.31926 
v -2.46157 5.52614 -3.53782 
v -2.25829 5.52833 -3.5338 
v -2.46974 5.58428 -3.51743 
v -2.35379 5.64559 -3.31926 
v -2.52516 5.51096 -3.44438 
v -2.22724 5.61207 -3.45735 
v -2.35379 5.64559 -3.31926 
v -2.19238 5.52525 -3.47155 
v -2.15001 5.51992 -3.40621 
v -2.52539 5.56385 -3.43271 
v -2.35379 5.64559 -3.31926 
v -2.55037 5.54925 -3.31153 
v -2.35379 5.64559 -3.31926 
v -2.55441 5.49819 -3.31073 
v -2.18852 5.61177 -3.3981 
v -2.35379 5.64559 -3.31926 
v -2.172 5.60879 -3.32916 
v -2.35379 5.64559 -3.31926 
v -2.13231 5.51452 -3.33018 
v -2.55046 5.54747 -3.2596 
v -2.35379 5.64559 -3.31926 
v -2.55474 5.49625 -3.25347 
v -2.17542 5.6024 -3.24964 
v -2.35379 5.64559 -3.31926 
v -2.13688 5.50797 -3.24248 
v -2.5383 5.54696 -3.20234 
v -2.35379 5.64559 -3.31926 
v -2.54149 5.49412 -3.19032 
v -2.47624 5.49282 -3.13938 
v -2.20042 5.59718 -3.1897 
v -2.35379 5.64559 -3.31926 
v -2.16493 5.50548 -3.17637 
v -2.26846 5.50411 -3.09203 
v -2.47941 5.55271 -3.15616 
v -2.35379 5.64559 -3.31926 
v -2.40278 5.56259 -3.13059 
v -2.35379 5.64559 -3.31926 
v -2.39104 5.49374 -3.11119 
v -2.2935 5.58495 -3.11323 
v -2.35379 5.64559 -3.31926 
v -2.35379 5.64559 -3.31926 
v -2.56876 5.21787 -3.74366 
v -2.66303 5.19066 -3.73349 
v -2.63109 5.26268 -3.7188 
v -2.70459 5.19832 -3.68375 
v -2.59674 5.32591 -3.70376 
v -2.68062 5.26971 -3.65515 
v -2.70722 5.18292 -3.63083 
v -2.71367 5.1128 -3.65416 
v -2.67497 5.25214 -3.56953 
v -2.71039 5.12194 -3.70575 
v -2.71971 5.04708 -3.67603 
v -2.71583 5.05036 -3.72639 
v -2.65353 5.33237 -3.62746 
v -2.64034 5.31282 -3.51208 
v -2.67774 5.11511 -3.74785 
v -2.69152 5.04429 -3.76131 
v -2.62666 5.08995 -3.75958 
v -2.64959 5.02832 -3.76424 
v -2.6194 5.02216 -3.73136 
v -2.58929 5.06998 -3.72244 
v -2.56676 5.12724 -3.71731 
v -2.6022 5.1557 -3.75461 
v -2.53689 5.1666 -3.71347 
v -2.48479 5.20236 -3.70997 
v -2.50367 5.26697 -3.72734 
v -2.2998 5.22415 -3.66417 
v -2.33718 5.1629 -3.66618 
v -2.24385 5.02878 -3.67873 
v -2.5516 5.40368 -3.65279 
v -2.44031 5.36806 -3.67198 
v -2.61685 5.40172 -3.58149 
v -2.50486 5.47944 -3.59938 
v -2.62195 5.38453 -3.46694 
v -2.58754 5.34815 -3.31322 
v -2.58404 5.39168 -3.31313 
v -2.57857 5.46907 -3.5331 
v -2.58783 5.44966 -3.43613 
v -2.57582 5.43404 -3.31276 
v -2.55441 5.49819 -3.31073 
v -2.52516 5.51096 -3.44438 
v -2.46157 5.52614 -3.53782 
v -2.3796 5.46311 -3.60523 
v -2.13767 4.75715 -3.26899 
v -2.24291 4.71378 -3.24854 
v -2.18682 4.6751 -3.27999 
v -2.11181 4.74329 -3.34862 
v -2.26148 4.61503 -3.29056 
v -2.3023 4.65567 -3.26345 
v -2.35531 4.6038 -3.27675 
v -2.32812 4.56143 -3.29999 
v -2.31684 4.54377 -3.3564 
v -2.16351 4.65894 -3.35205 
v -2.24453 4.59808 -3.35435 
v -2.18661 4.67477 -3.43282 
v -2.13742 4.75684 -3.43595 
v -2.24261 4.71333 -3.46467 
v -2.26136 4.61474 -3.42231 
v -2.30212 4.65525 -3.44977 
v -2.32808 4.56116 -3.41292 
v -2.35524 4.60341 -3.43646 
v -2.20718 4.79132 -3.2441 
v -2.1073 4.83562 -3.26326 
v -2.206 4.86618 -3.23819 
v -2.08446 4.99359 -3.22283 
v -2.02637 4.98013 -3.34165 
v -2.07584 5.20795 -3.3407 
v -2.07878 4.98807 -3.47888 
v -2.0787 4.82423 -3.34529 
v -2.107 4.83533 -3.4393 
v -2.19007 4.86688 -3.46743 
v -2.19951 4.78985 -3.46911 
v -2.13551 4.84315 -3.52044 
v -2.21643 4.79478 -3.48406 
v -2.0665 4.99835 -3.59206 
v -2.12794 5.21759 -3.53409 
v -2.16765 4.76592 -3.52549 
v -2.25794 4.72892 -3.4872 
v -2.12149 4.83807 -3.59823 
v -2.1361 5.01438 -3.67072 
v -2.21942 4.8831 -3.68171 
v -2.15625 4.85461 -3.66503 
v -2.24463 4.81031 -3.68026 
v -2.1876 4.77689 -3.66423 
v -2.28509 4.7438 -3.67566 
v -2.15572 4.75851 -3.60011 
v -2.23378 4.70578 -3.66022 
v -2.29788 4.65633 -3.64441 
v -2.33575 4.69525 -3.65841 
v -2.38475 4.6483 -3.64172 
v -2.35987 4.6085 -3.62913 
v -2.34365 4.5888 -3.58313 
v -2.20458 4.68566 -3.59863 
v -2.27528 4.63642 -3.59075 
v -2.28119 4.64722 -3.52885 
v -2.3456 4.60075 -3.53067 
v -2.36457 4.63735 -3.50249 
v -2.31215 4.68237 -3.49497 
v -2.21459 4.69526 -3.52696 
v -2.34692 5.52616 -3.54893 
v -2.28462 5.33418 -3.62033 
v -2.26694 5.4483 -3.5673 
v -2.25829 5.52833 -3.5338 
v -2.19238 5.52525 -3.47155 
v -2.17358 5.43397 -3.49332 
v -2.13058 5.43372 -3.42087 
v -2.15001 5.51992 -3.40621 
v -2.09123 5.21452 -3.44545 
v -2.10958 5.42968 -3.33646 
v -2.13231 5.51452 -3.33018 
v -2.13688 5.50797 -3.24248 
v -2.12472 5.42322 -3.23746 
v -2.16493 5.50548 -3.17637 
v -2.14908 5.41646 -3.16684 
v -2.26204 5.41427 -3.06297 
v -2.26846 5.50411 -3.09203 
v -2.1052 5.21135 -3.23031 
v -2.39104 5.49374 -3.11119 
v -2.13767 5.2132 -3.14343 
v -2.39316 5.41593 -3.08102 
v -2.47624 5.49282 -3.13938 
v -2.3139 5.187 -3.01991 
v -2.50102 5.42165 -3.1155 
v -2.54149 5.49412 -3.19032 
v -2.44902 5.26162 -3.05839 
v -2.39979 5.11709 -3.05633 
v -2.49178 5.17418 -3.07524 
v -2.30924 5.00908 -3.05305 
v -2.57434 5.23986 -3.11355 
v -2.216 5.02908 -3.02464 
v -2.2849 4.88555 -3.05911 
v -2.55416 5.33126 -3.10503 
v -2.61736 5.29776 -3.19782 
v -2.60117 5.36274 -3.18069 
v -2.60819 5.32419 -3.25834 
v -2.57949 5.4225 -3.18812 
v -2.59866 5.37791 -3.25015 
v -2.58754 5.34815 -3.31322 
v -2.58404 5.39168 -3.31313 
v -2.58403 5.42855 -3.25349 
v -2.55474 5.49625 -3.25347 
v -2.57582 5.43404 -3.31276 
v -2.55441 5.49819 -3.31073 
v -2.09992 4.9961 -3.1092 
v -2.22066 4.86655 -3.0527 
v -2.29173 4.82347 -3.06795 
v -2.23979 4.79978 -3.06226 
v -2.31797 4.76417 -3.08193 
v -2.17563 4.85443 -3.10815 
v -2.16994 4.85344 -3.17527 
v -2.19793 4.78449 -3.10887 
v -2.19147 4.78579 -3.17309 
v -2.22362 4.80344 -3.22252 
v -2.25313 4.74439 -3.2254 
v -2.2318 4.71869 -3.11686 
v -2.22462 4.72212 -3.17836 
v -2.2709 4.67982 -3.18956 
v -2.2916 4.70453 -3.22931 
v -2.33614 4.65839 -3.23384 
v -2.32448 4.63084 -3.20252 
v -2.33365 4.62372 -3.15849 
v -2.27901 4.67467 -3.13615 
v -2.31117 4.69212 -3.10037 
v -2.35829 4.64121 -3.12753 
v -2.38395 4.67306 -3.12778 
v -2.34855 4.72194 -3.10318 
v -2.27047 4.73611 -3.07692 
v -2.38395 4.67306 -3.12778 
v -2.37419 4.6603 -3.18792 
v -2.35829 4.64121 -3.12753 
v -2.33365 4.62372 -3.15849 
v -2.32448 4.63084 -3.20252 
v -2.33614 4.65839 -3.23384 
v -2.39561 4.70061 -3.1591 
v -2.3618 4.69025 -3.23409 
v -2.38643 4.70773 -3.20313 
v -2.2916 4.70453 -3.22931 
v -2.33614 4.65839 -3.23384 
v -2.3337 4.73752 -3.23477 
v -2.36586 4.75497 -3.19899 
v -2.34855 4.72194 -3.10318 
v -2.38395 4.67306 -3.12778 
v -2.30063 4.77246 -3.23042 
v -2.25313 4.74439 -3.2254 
v -2.37397 4.74983 -3.14558 
v -2.31797 4.76417 -3.08193 
v -2.3393 4.78987 -3.19048 
v -2.22362 4.80344 -3.22252 
v -2.34648 4.78645 -3.12897 
v -2.29173 4.82347 -3.06795 
v -2.31686 4.84296 -3.18683 
v -2.27557 4.82713 -3.22821 
v -2.206 4.86618 -3.23819 
v -2.32333 4.84167 -3.12261 
v -2.2849 4.88555 -3.05911 
v -2.27024 4.88518 -3.23367 
v -2.33819 4.9618 -3.25394 
v -2.32003 4.9003 -3.12362 
v -2.31434 4.89932 -3.19074 
v -2.36675 4.96695 -3.113 
v -2.30924 5.00908 -3.05305 
v -2.37319 5.03074 -3.25211 
v -2.41145 5.04642 -3.11113 
v -2.39979 5.11709 -3.05633 
v -2.38969 5.02854 -3.34868 
v -2.37839 5.07236 -3.25058 
v -2.4267 5.09582 -3.10956 
v -2.49178 5.17418 -3.07524 
v -2.52019 5.13339 -3.13062 
v -2.52444 5.13748 -3.25163 
v -2.5679 5.17205 -3.15078 
v -2.57434 5.23986 -3.11355 
v -2.61736 5.29776 -3.19782 
v -2.60155 5.23875 -3.26123 
v -2.60819 5.32419 -3.25834 
v -2.40893 5.08642 -3.34404 
v -2.52691 5.16051 -3.32061 
v -2.58318 5.2412 -3.31747 
v -2.58754 5.34815 -3.31322 
v -2.60833 5.25209 -3.36194 
v -2.64034 5.31282 -3.51208 
v -2.61802 5.22036 -3.48289 
v -2.52009 5.1331 -3.39944 
v -2.377 5.0686 -3.4286 
v -2.41155 5.08875 -3.51752 
v -2.36553 5.03084 -3.43441 
v -2.323 4.96651 -3.44137 
v -2.39489 5.04729 -3.52808 
v -2.48479 5.20236 -3.70997 
v -2.38624 5.11438 -3.61092 
v -2.48654 5.14991 -3.61535 
v -2.52455 5.13156 -3.53995 
v -2.33718 5.1629 -3.66618 
v -2.37308 5.06959 -3.62727 
v -2.24385 5.02878 -3.67873 
v -2.3325 4.99474 -3.63841 
v -2.28154 4.90683 -3.6385 
v -2.21942 4.8831 -3.68171 
v -2.34849 4.97734 -3.54074 
v -2.29554 4.91191 -3.56071 
v -2.2934 4.83916 -3.63884 
v -2.24463 4.81031 -3.68026 
v -2.30535 4.84657 -3.56421 
v -2.26078 4.89536 -3.49392 
v -2.32843 4.77746 -3.6359 
v -2.28509 4.7438 -3.67566 
v -2.33575 4.69525 -3.65841 
v -2.33843 4.78704 -3.56423 
v -2.37395 4.73595 -3.623 
v -2.40371 4.6849 -3.61354 
v -2.38475 4.6483 -3.64172 
v -2.37986 4.74673 -3.5611 
v -2.27345 4.82819 -3.5001 
v -2.40567 4.69684 -3.56108 
v -2.39654 4.63692 -3.56871 
v -2.38475 4.6483 -3.64172 
v -2.35987 4.6085 -3.62913 
v -2.34365 4.5888 -3.58313 
v -2.3456 4.60075 -3.53067 
v -2.36457 4.63735 -3.50249 
v -2.38945 4.67715 -3.51508 
v -2.35726 4.72684 -3.50744 
v -2.31215 4.68237 -3.49497 
v -2.36457 4.63735 -3.50249 
v -2.30923 4.76694 -3.50264 
v -2.25794 4.72892 -3.4872 
v -2.21643 4.79478 -3.48406 
v -2.19007 4.86688 -3.46743 
v -2.25188 4.88963 -3.43973 
v -2.2617 4.82298 -3.43637 
v -2.19951 4.78985 -3.46911 
v -2.29869 4.75202 -3.43322 
v -2.24261 4.71333 -3.46467 
v -2.30212 4.65525 -3.44977 
v -2.322 4.76818 -3.35689 
v -2.28757 4.83684 -3.3569 
v -2.28047 4.90101 -3.35691 
v -2.34019 4.93893 -3.35424 
v -2.25218 4.88991 -3.27392 
v -2.26196 4.8233 -3.27726 
v -2.20718 4.79132 -3.2441 
v -2.2989 4.75234 -3.28039 
v -2.24291 4.71378 -3.24854 
v -2.3023 4.65567 -3.26345 
v -2.36961 4.71959 -3.35687 
v -2.35278 4.70294 -3.29093 
v -2.38247 4.64606 -3.30029 
v -2.35531 4.6038 -3.27675 
v -2.39371 4.66344 -3.35681 
v -2.35265 4.70264 -3.42268 
v -2.38242 4.64578 -3.41322 
v -2.35524 4.60341 -3.43646 
v -2.37654 4.598 -3.35662 
v -2.35531 4.6038 -3.27675 
v -2.35524 4.60341 -3.43646 
v -2.32812 4.56143 -3.29999 
v -2.32808 4.56116 -3.41292 
v -2.31684 4.54377 -3.3564 
v -2.67468 5.0067 -3.70876 
v -2.71583 5.05036 -3.72639 
v -2.69152 5.04429 -3.76131 
v -2.71971 5.04708 -3.67603 
v -2.64959 5.02832 -3.76424 
v -2.6194 5.02216 -3.73136 
v -2.69984 5.0348 -3.64852 
v -2.62346 5.01873 -3.67873 
v -2.65938 5.02004 -3.64441 
v -2.6361 5.06756 -3.62063 
v -2.68911 5.0923 -3.62544 
v -2.71971 5.04708 -3.67603 
v -2.71367 5.1128 -3.65416 
v -2.62086 5.1245 -3.59964 
v -2.67766 5.15364 -3.60083 
v -2.70722 5.18292 -3.63083 
v -2.64644 5.18857 -3.53908 
v -2.67497 5.25214 -3.56953 
v -2.58349 5.12824 -3.56839 
v -2.59534 5.0616 -3.66169 
v -2.58929 5.06998 -3.72244 
v -2.6194 5.02216 -3.73136 
v -2.56676 5.12724 -3.71731 
v -2.57493 5.11356 -3.6479 
v -2.53689 5.1666 -3.71347 
v -2.5417 5.13263 -3.63085 

vn 0.23622 0.732283 -0.637795 
vn 0.102362 0.448819 -0.889764 
vn -0.0629921 0.708661 -0.700787 
vn 0 0.984252 -0.188976 
vn -0.354331 0.614173 -0.700787 
vn 0.464567 0.362205 -0.811024 
vn -0.503937 0.622047 -0.598425 
vn -0.11811 0.968504 -0.220472 
vn -0.858268 0.464567 -0.228346 
vn 0.480315 0.76378 -0.425197 
vn 0.125984 0.984252 -0.125984 
vn 0.732283 0.330709 -0.598425 
vn 0.88189 0.330709 -0.346457 
vn -0.811024 0.535433 -0.244094 
vn -0.275591 0.952756 -0.133858 
vn -0.84252 0.535433 -0.0551181 
vn -0.425197 0.905512 -0.015748 
vn -0.96063 0.283465 -0.0551181 
vn 0.606299 0.755906 -0.244094 
vn 0.181102 0.984252 -0.0472441 
vn 0.653543 0.755906 -0.015748 
vn 0.204724 0.976378 0.0393701 
vn 0.952756 0.307087 -0.0472441 
vn -0.826772 0.551181 0.0944882 
vn -0.440945 0.897638 0.023622 
vn -0.96063 0.251969 0.0866142 
vn 0.637795 0.740157 0.19685 
vn 0.188976 0.976378 0.11811 
vn 0.929134 0.283465 0.23622 
vn -0.724409 0.551181 0.409449 
vn -0.433071 0.897638 0.0629921 
vn -0.795276 0.307087 0.519685 
vn -0.440945 0.307087 0.84252 
vn 0.511811 0.724409 0.464567 
vn 0.133858 0.968504 0.204724 
vn 0.771654 0.291339 0.566929 
vn 0.267717 0.307087 0.913386 
vn -0.433071 0.606299 0.669291 
vn -0.370079 0.913386 0.188976 
vn -0.275591 0.614173 0.740157 
vn -0.267717 0.913386 0.314961 
vn -0.228346 0.291339 0.929134 
vn 0.0866142 0.661417 0.740157 
vn -0.0787402 0.952756 0.307087 
vn -0.23622 0.913386 0.338583 
vn 0.125984 0.0708661 -0.992126 
vn -0.480315 0.307087 -0.818898 
vn -0.425197 0.417323 -0.80315 
vn -0.897638 0.299213 -0.314961 
vn -0.322835 0.535433 -0.779528 
vn -0.866142 0.440945 -0.244094 
vn -0.952756 0.0708661 0.291339 
vn -0.952756 -0.00787402 0.299213 
vn -0.929134 0.125984 0.354331 
vn -0.92126 0.181102 -0.354331 
vn -0.92126 -0.354331 0.165354 
vn -0.905512 -0.251969 -0.354331 
vn -0.834646 0.503937 -0.228346 
vn -0.96063 0.149606 0.228346 
vn -0.480315 0.228346 -0.850394 
vn -0.535433 -0.267717 -0.80315 
vn 0.291339 -0.023622 -0.96063 
vn 0.125984 -0.527559 -0.84252 
vn 0.606299 -0.708661 -0.362205 
vn 0.850394 -0.370079 -0.370079 
vn 0.771654 -0.409449 -0.480315 
vn 0.212598 0.023622 -0.976378 
vn 0.551181 -0.527559 -0.645669 
vn 0.267717 -0.472441 -0.834646 
vn 0.181102 0.173228 -0.968504 
vn 0.370079 0.204724 -0.905512 
vn -0.0708661 -0.228346 -0.968504 
vn -0.149606 -0.0393701 -0.984252 
vn -0.283465 0.637795 -0.716535 
vn 0.19685 0.433071 -0.88189 
vn -0.795276 0.559055 -0.23622 
vn -0.251969 0.748031 -0.614173 
vn -0.944882 0.283465 0.141732 
vn -1 0.0551181 -0.00787402 
vn -0.976378 0.204724 0.00787402 
vn -0.677165 0.708661 -0.188976 
vn -0.858268 0.503937 0.0787402 
vn -0.929134 0.370079 0 
vn -0.96063 0.283465 -0.0551181 
vn -0.858268 0.464567 -0.228346 
vn -0.354331 0.614173 -0.700787 
vn 0.173228 0.543307 -0.826772 
vn 0.614173 -0.346457 0.708661 
vn -0.0472441 -0.11811 0.992126 
vn 0.519685 -0.535433 0.669291 
vn 0.889764 -0.456693 0.015748 
vn 0.401575 -0.622047 0.669291 
vn -0.110236 -0.133858 0.984252 
vn -0.480315 -0.385827 0.787402 
vn -0.11811 -0.826772 0.551181 
vn 0.023622 -1 0 
vn 0.740157 -0.669291 0.015748 
vn 0.598425 -0.80315 0.00787402 
vn 0.543307 -0.527559 -0.653543 
vn 0.669291 -0.330709 -0.669291 
vn -0.0314961 -0.110236 -0.992126 
vn 0.409449 -0.629921 -0.661417 
vn -0.110236 -0.141732 -0.984252 
vn -0.110236 -0.834646 -0.543307 
vn -0.480315 -0.385827 -0.787402 
vn -0.0787402 -0.0629921 0.992126 
vn 0.629921 -0.283465 0.724409 
vn 0.314961 -0.905512 0.283465 
vn 0.937008 -0.133858 0.322835 
vn 1 -0.0472441 0.0393701 
vn 0.992126 0.141732 0.0314961 
vn 0.984252 -0.110236 -0.149606 
vn 0.944882 -0.338583 0.0314961 
vn 0.685039 -0.283465 -0.677165 
vn 0.19685 -0.944882 -0.275591 
vn 0.015748 -0.0472441 -1 
vn 0.787402 -0.393701 0.464567 
vn 0.15748 -0.188976 0.968504 
vn 0.96063 0.00787402 -0.267717 
vn 0.795276 0.275591 -0.543307 
vn 0.740157 -0.433071 0.511811 
vn 0.133858 -0.204724 0.968504 
vn 0.913386 -0.338583 -0.212598 
vn 0.519685 0.102362 -0.850394 
vn -0.133858 -0.015748 -0.992126 
vn 0.551181 -0.173228 -0.818898 
vn -0.165354 0.0314961 -0.984252 
vn 0.535433 -0.299213 -0.787402 
vn -0.204724 -0.015748 -0.976378 
vn 0.866142 -0.472441 -0.165354 
vn 0.393701 -0.488189 -0.779528 
vn 0.259843 -0.582677 -0.771654 
vn -0.283465 -0.0393701 -0.96063 
vn -0.614173 -0.283465 -0.740157 
vn -0.228346 -0.771654 -0.598425 
vn -0.00787402 -1 -0.0787402 
vn 0.700787 -0.692913 -0.165354 
vn 0.551181 -0.818898 -0.149606 
vn 0.480315 -0.692913 0.535433 
vn -0.0472441 -0.866142 0.496063 
vn -0.346457 -0.433071 0.834646 
vn 0.0551181 -0.220472 0.976378 
vn 0.606299 -0.598425 0.519685 
vn 0.102362 0.448819 -0.889764 
vn 0.472441 0.322835 -0.818898 
vn 0.472441 0.346457 -0.811024 
vn 0.464567 0.362205 -0.811024 
vn 0.732283 0.330709 -0.598425 
vn 0.748031 0.267717 -0.606299 
vn 0.913386 0.23622 -0.330709 
vn 0.88189 0.330709 -0.346457 
vn 0.944882 0.149606 -0.283465 
vn 0.984252 0.188976 -0.015748 
vn 0.952756 0.307087 -0.0472441 
vn 0.929134 0.283465 0.23622 
vn 0.952756 0.149606 0.259843 
vn 0.771654 0.291339 0.566929 
vn 0.811024 0.149606 0.574803 
vn 0.291339 0.220472 0.929134 
vn 0.267717 0.307087 0.913386 
vn 0.952756 0.102362 0.291339 
vn -0.228346 0.291339 0.929134 
vn 0.80315 0.141732 0.582677 
vn -0.204724 0.283465 0.937008 
vn -0.440945 0.307087 0.84252 
vn 0.0866142 0.0629921 0.992126 
vn -0.440945 0.354331 0.826772 
vn -0.795276 0.307087 0.519685 
vn -0.275591 0.0944882 0.952756 
vn -0.425197 -0.299213 0.850394 
vn -0.464567 -0.314961 0.826772 
vn -0.417323 -0.259843 0.874016 
vn -0.755906 -0.15748 0.637795 
vn 0.267717 -0.015748 0.96063 
vn -0.511811 -0.133858 0.850394 
vn -0.582677 0.204724 0.787402 
vn -0.984252 -0.015748 0.181102 
vn -0.889764 0.283465 0.354331 
vn -0.976378 0.0708661 -0.19685 
vn -0.826772 0.401575 0.393701 
vn -0.968504 0.23622 -0.0787402 
vn -1 0.0551181 -0.00787402 
vn -0.976378 0.204724 0.00787402 
vn -0.944882 0.338583 0 
vn -0.96063 0.251969 0.0866142 
vn -0.929134 0.370079 0 
vn -0.96063 0.283465 -0.0551181 
vn 0.874016 -0.102362 0.472441 
vn 0.291339 -0.204724 0.937008 
vn -0.519685 -0.00787402 0.858268 
vn 0.291339 -0.259843 0.92126 
vn -0.519685 0.00787402 0.850394 
vn 0.826772 -0.338583 0.448819 
vn 0.874016 -0.440945 -0.204724 
vn 0.826772 -0.385827 0.409449 
vn 0.889764 -0.377953 -0.244094 
vn 0.472441 -0.23622 -0.850394 
vn 0.448819 -0.251969 -0.858268 
vn 0.677165 -0.614173 0.401575 
vn 0.787402 -0.559055 -0.275591 
vn 0.677165 -0.661417 -0.314961 
vn 0.377953 -0.275591 -0.88189 
vn -0.0551181 -0.543307 -0.84252 
vn 0.149606 -0.905512 -0.401575 
vn 0.0393701 -0.984252 0.15748 
vn 0.551181 -0.755906 0.362205 
vn 0.0472441 -0.503937 0.858268 
vn -0.338583 -0.748031 0.566929 
vn -0.787402 -0.291339 0.543307 
vn -0.566929 0 0.826772 
vn 0.165354 -0.417323 0.889764 
vn -0.787402 -0.291339 0.543307 
vn -0.76378 -0.582677 -0.267717 
vn -0.338583 -0.748031 0.566929 
vn 0.0393701 -0.984252 0.15748 
vn 0.149606 -0.905512 -0.401575 
vn -0.0551181 -0.543307 -0.84252 
vn -0.992126 0.0314961 0.110236 
vn -0.511811 -0.11811 -0.850394 
vn -0.897638 0.0944882 -0.433071 
vn 0.377953 -0.275591 -0.88189 
vn -0.0551181 -0.543307 -0.84252 
vn -0.267717 0.251969 -0.929134 
vn -0.748031 0.519685 -0.417323 
vn -0.566929 0 0.826772 
vn -0.787402 -0.291339 0.543307 
vn -0.212598 0.212598 -0.952756 
vn 0.448819 -0.251969 -0.858268 
vn -0.866142 0.425197 0.251969 
vn -0.519685 0.00787402 0.850394 
vn -0.755906 0.503937 -0.425197 
vn 0.472441 -0.23622 -0.850394 
vn -0.866142 0.393701 0.307087 
vn -0.519685 -0.00787402 0.858268 
vn -0.874016 0.188976 -0.440945 
vn -0.322835 0.023622 -0.944882 
vn 0.314961 -0.905512 0.283465 
vn -0.952756 0.188976 0.251969 
vn -0.511811 -0.133858 0.850394 
vn -0.385827 -0.322835 -0.866142 
vn -0.795276 -0.606299 -0.0551181 
vn -0.937008 -0.23622 0.244094 
vn -0.88189 -0.338583 -0.338583 
vn -0.834646 -0.464567 0.291339 
vn -0.417323 -0.259843 0.874016 
vn -0.929134 -0.362205 -0.015748 
vn -0.88189 -0.393701 0.251969 
vn -0.425197 -0.299213 0.850394 
vn -0.929134 -0.370079 -0.0551181 
vn -0.826772 -0.559055 -0.0393701 
vn -0.724409 -0.614173 0.307087 
vn -0.464567 -0.314961 0.826772 
vn -0.598425 -0.732283 0.322835 
vn -0.598425 -0.795276 -0.0944882 
vn -0.811024 -0.535433 0.244094 
vn -0.755906 -0.15748 0.637795 
vn -0.984252 -0.015748 0.181102 
vn -0.929134 -0.346457 -0.149606 
vn -0.976378 0.0708661 -0.19685 
vn -0.716535 -0.700787 0.015748 
vn -0.669291 -0.740157 0 
vn -0.92126 -0.385827 0.023622 
vn -1 0.0551181 -0.00787402 
vn -0.913386 -0.307087 0.259843 
vn -0.96063 0.149606 0.228346 
vn -0.826772 -0.417323 0.377953 
vn -0.574803 -0.811024 0.110236 
vn -0.80315 -0.598425 0 
vn -0.677165 -0.724409 -0.102362 
vn -0.897638 -0.448819 -0.0393701 
vn -0.76378 -0.645669 -0.0629921 
vn -0.905512 -0.417323 -0.0393701 
vn 0.267717 -0.472441 -0.834646 
vn -0.614173 -0.551181 -0.559055 
vn 0.0314961 -0.92126 -0.377953 
vn -0.307087 -0.952756 0.0551181 
vn -0.0708661 -0.228346 -0.968504 
vn -0.755906 -0.251969 -0.598425 
vn -0.149606 -0.0393701 -0.984252 
vn -0.700787 -0.354331 -0.622047 
vn -0.779528 -0.102362 -0.622047 
vn -0.133858 -0.015748 -0.992126 
vn -0.818898 -0.574803 -0.0314961 
vn -0.944882 -0.314961 0.0551181 
vn -0.779528 0.275591 -0.559055 
vn -0.165354 0.0314961 -0.984252 
vn -0.937008 0.307087 0.165354 
vn -0.692913 -0.448819 0.566929 
vn -0.692913 0.440945 -0.566929 
vn -0.204724 -0.015748 -0.976378 
vn -0.283465 -0.0393701 -0.96063 
vn -0.779528 0.606299 0.165354 
vn -0.716535 0.472441 -0.511811 
vn -0.913386 0.110236 -0.393701 
vn -0.614173 -0.283465 -0.740157 
vn -0.779528 0.598425 0.165354 
vn -0.582677 0.141732 0.80315 
vn -0.968504 0.204724 0.15748 
vn -0.874016 -0.480315 0.0866142 
vn -0.614173 -0.283465 -0.740157 
vn -0.228346 -0.771654 -0.598425 
vn -0.00787402 -1 -0.0787402 
vn -0.0472441 -0.866142 0.496063 
vn -0.346457 -0.433071 0.834646 
vn -0.740157 0.015748 0.669291 
vn -0.511811 0.354331 0.779528 
vn 0.0551181 -0.220472 0.976378 
vn -0.346457 -0.433071 0.834646 
vn -0.464567 0.314961 0.826772 
vn 0.133858 -0.204724 0.968504 
vn 0.15748 -0.188976 0.968504 
vn 0.19685 -0.944882 -0.275591 
vn -0.692913 -0.314961 -0.653543 
vn -0.692913 0.19685 -0.700787 
vn 0.015748 -0.0472441 -1 
vn -0.598425 0.362205 -0.708661 
vn -0.0314961 -0.110236 -0.992126 
vn -0.110236 -0.141732 -0.984252 
vn -0.811024 0.582677 0 
vn -0.96063 0.283465 0 
vn -0.889764 -0.448819 -0.0314961 
vn -0.748031 -0.661417 -0.0551181 
vn -0.771654 -0.480315 0.417323 
vn -0.732283 0.173228 0.653543 
vn -0.0787402 -0.0629921 0.992126 
vn -0.614173 0.362205 0.700787 
vn -0.0472441 -0.11811 0.992126 
vn -0.110236 -0.133858 0.984252 
vn -0.818898 0.566929 0 
vn -0.653543 0.393701 0.653543 
vn -0.850394 0.00787402 0.527559 
vn -0.480315 -0.385827 0.787402 
vn -0.992126 0.133858 0 
vn -0.645669 0.385827 -0.653543 
vn -0.850394 0.00787402 -0.527559 
vn -0.480315 -0.385827 -0.787402 
vn -0.858268 -0.519685 0 
vn -0.480315 -0.385827 0.787402 
vn -0.480315 -0.385827 -0.787402 
vn -0.11811 -0.826772 0.551181 
vn -0.110236 -0.834646 -0.543307 
vn 0.023622 -1 0 
vn -0.259843 -0.96063 -0.102362 
vn -0.905512 -0.251969 -0.354331 
vn -0.535433 -0.267717 -0.80315 
vn -0.92126 -0.354331 0.165354 
vn 0.125984 -0.527559 -0.84252 
vn 0.606299 -0.708661 -0.362205 
vn -0.582677 -0.551181 0.590551 
vn 0.535433 -0.811024 0.228346 
vn 0.0314961 -0.771654 0.637795 
vn 0.220472 -0.456693 0.858268 
vn -0.535433 -0.228346 0.811024 
vn -0.92126 -0.354331 0.165354 
vn -0.952756 -0.00787402 0.299213 
vn -0.0314961 -0.708661 0.708661 
vn -0.637795 -0.314961 0.700787 
vn -0.952756 0.0708661 0.291339 
vn -0.645669 -0.440945 0.622047 
vn -0.929134 0.125984 0.354331 
vn -0.110236 -0.913386 0.393701 
vn 0.787402 -0.503937 0.362205 
vn 0.850394 -0.370079 -0.370079 
vn 0.606299 -0.708661 -0.362205 
vn 0.771654 -0.409449 -0.480315 
vn 0.677165 -0.708661 0.204724 
vn 0.551181 -0.527559 -0.645669 
vn 0.393701 -0.913386 -0.110236 

vt 0.850512 0.558251 
vt 0.84895 0.556643 
vt 0.848813 0.557623 
vt 0.849083 0.567102 
vt 0.846503 0.557152 
vt 0.850842 0.557336 
vt 0.84661 0.558084 
vt 0.849083 0.567102 
vt 0.845146 0.561426 
vt 0.851786 0.560833 
vt 0.849083 0.567102 
vt 0.852249 0.560183 
vt 0.853154 0.563172 
vt 0.845422 0.56196 
vt 0.849064 0.567146 
vt 0.844888 0.567503 
vt 0.849064 0.567146 
vt 0.844521 0.567539 
vt 0.852612 0.563543 
vt 0.849102 0.567124 
vt 0.852965 0.566696 
vt 0.849102 0.567124 
vt 0.853531 0.56665 
vt 0.844887 0.569878 
vt 0.849064 0.567146 
vt 0.844514 0.570159 
vt 0.852892 0.570334 
vt 0.849105 0.567156 
vt 0.853434 0.570661 
vt 0.845146 0.572497 
vt 0.849072 0.567186 
vt 0.844797 0.573047 
vt 0.84619 0.575377 
vt 0.852358 0.573076 
vt 0.849105 0.567156 
vt 0.852835 0.573685 
vt 0.850625 0.577543 
vt 0.846403 0.57461 
vt 0.849072 0.567186 
vt 0.848039 0.575779 
vt 0.849072 0.567186 
vt 0.848009 0.576667 
vt 0.850371 0.576574 
vt 0.849097 0.567189 
vt 0.849097 0.567189 
vt 0.847214 0.53721 
vt 0.845434 0.538217 
vt 0.846544 0.53949 
vt 0.84469 0.539866 
vt 0.847482 0.540778 
vt 0.845644 0.541489 
vt 0.84394 0.54109 
vt 0.843241 0.539106 
vt 0.844672 0.543988 
vt 0.843961 0.537935 
vt 0.842748 0.537097 
vt 0.843397 0.535872 
vt 0.846419 0.543201 
vt 0.845564 0.546336 
vt 0.844632 0.536491 
vt 0.843894 0.534769 
vt 0.845295 0.534798 
vt 0.844416 0.533682 
vt 0.845027 0.532796 
vt 0.845913 0.5335 
vt 0.846761 0.534458 
vt 0.846132 0.536145 
vt 0.847518 0.535165 
vt 0.848568 0.535869 
vt 0.848568 0.538018 
vt 0.852005 0.535685 
vt 0.850989 0.533869 
vt 0.851905 0.529547 
vt 0.848674 0.543111 
vt 0.850457 0.540747 
vt 0.847463 0.545266 
vt 0.850053 0.545296 
vt 0.846768 0.548339 
vt 0.845788 0.552633 
vt 0.846575 0.55295 
vt 0.848732 0.547164 
vt 0.848008 0.549787 
vt 0.847351 0.553283 
vt 0.848583 0.553716 
vt 0.849717 0.550101 
vt 0.851085 0.547375 
vt 0.852008 0.543759 
vt 0.862377 0.521663 
vt 0.863795 0.519004 
vt 0.862453 0.518663 
vt 0.860899 0.521126 
vt 0.862687 0.515769 
vt 0.863859 0.516121 
vt 0.863822 0.513737 
vt 0.862822 0.513158 
vt 0.861726 0.512653 
vt 0.861137 0.518237 
vt 0.861435 0.515355 
vt 0.85972 0.517686 
vt 0.859258 0.520507 
vt 0.858464 0.516983 
vt 0.860106 0.514952 
vt 0.859013 0.514426 
vt 0.860611 0.512386 
vt 0.859571 0.512204 
vt 0.863762 0.521814 
vt 0.862229 0.524303 
vt 0.864089 0.524122 
vt 0.862406 0.529401 
vt 0.860289 0.528498 
vt 0.85956 0.535235 
vt 0.857659 0.527671 
vt 0.860742 0.523713 
vt 0.858883 0.523004 
vt 0.857417 0.521966 
vt 0.858047 0.519766 
vt 0.856214 0.522755 
vt 0.856705 0.519738 
vt 0.855627 0.528116 
vt 0.855979 0.535037 
vt 0.85555 0.520493 
vt 0.856085 0.517461 
vt 0.854749 0.523533 
vt 0.853763 0.528813 
vt 0.852176 0.525052 
vt 0.853405 0.52427 
vt 0.851864 0.522598 
vt 0.853082 0.521896 
vt 0.851487 0.520022 
vt 0.854296 0.521202 
vt 0.852741 0.519466 
vt 0.852355 0.517105 
vt 0.851266 0.517708 
vt 0.851088 0.515551 
vt 0.851979 0.514831 
vt 0.852966 0.514081 
vt 0.853854 0.518896 
vt 0.853442 0.516401 
vt 0.854501 0.515902 
vt 0.853954 0.513621 
vt 0.854866 0.513335 
vt 0.855488 0.515321 
vt 0.854951 0.518271 
vt 0.853011 0.545935 
vt 0.853022 0.539045 
vt 0.854009 0.542761 
vt 0.85454 0.545359 
vt 0.856097 0.545131 
vt 0.856013 0.542061 
vt 0.857481 0.542148 
vt 0.857463 0.545029 
vt 0.857695 0.535103 
vt 0.858978 0.542313 
vt 0.858829 0.545123 
vt 0.860362 0.54539 
vt 0.860688 0.542695 
vt 0.861609 0.54579 
vt 0.861959 0.542971 
vt 0.864535 0.544228 
vt 0.863948 0.546947 
vt 0.861428 0.536014 
vt 0.866041 0.548336 
vt 0.863044 0.536811 
vt 0.866694 0.545883 
vt 0.867486 0.549506 
vt 0.867006 0.538094 
vt 0.868374 0.547496 
vt 0.86882 0.550822 
vt 0.868747 0.541975 
vt 0.869049 0.537143 
vt 0.870167 0.540074 
vt 0.868336 0.532967 
vt 0.87112 0.543172 
vt 0.866493 0.532888 
vt 0.868388 0.529075 
vt 0.86991 0.545351 
vt 0.871819 0.546501 
vt 0.87077 0.547668 
vt 0.872225 0.548542 
vt 0.869969 0.549173 
vt 0.871374 0.549564 
vt 0.872528 0.550521 
vt 0.871891 0.551452 
vt 0.870682 0.550761 
vt 0.869637 0.552289 
vt 0.871263 0.552368 
vt 0.870281 0.553716 
vt 0.86434 0.530485 
vt 0.867163 0.528125 
vt 0.868606 0.527152 
vt 0.867656 0.526288 
vt 0.86912 0.525182 
vt 0.866011 0.526774 
vt 0.865031 0.525392 
vt 0.86675 0.525014 
vt 0.865897 0.523822 
vt 0.865111 0.52274 
vt 0.865918 0.521126 
vt 0.867388 0.523316 
vt 0.866663 0.522278 
vt 0.867245 0.520732 
vt 0.866552 0.519699 
vt 0.867331 0.518119 
vt 0.868005 0.518808 
vt 0.868718 0.519647 
vt 0.867987 0.521707 
vt 0.868773 0.52267 
vt 0.869393 0.520536 
vt 0.870072 0.521358 
vt 0.869602 0.523432 
vt 0.868181 0.524393 
vt 0.871466 0.566488 
vt 0.870802 0.567523 
vt 0.871948 0.567446 
vt 0.871817 0.568523 
vt 0.871181 0.569118 
vt 0.870371 0.568781 
vt 0.870617 0.566177 
vt 0.869817 0.567653 
vt 0.869999 0.566703 
vt 0.868723 0.568332 
vt 0.869941 0.568926 
vt 0.868808 0.566886 
vt 0.869125 0.565915 
vt 0.870556 0.564457 
vt 0.871341 0.565831 
vt 0.867892 0.566381 
vt 0.867704 0.567904 
vt 0.869749 0.56508 
vt 0.869922 0.563285 
vt 0.868247 0.565097 
vt 0.866508 0.567061 
vt 0.869055 0.564032 
vt 0.869212 0.562088 
vt 0.86707 0.564094 
vt 0.866625 0.565445 
vt 0.865449 0.566511 
vt 0.86808 0.562971 
vt 0.868604 0.560969 
vt 0.865446 0.56479 
vt 0.864102 0.562655 
vt 0.867196 0.562019 
vt 0.866075 0.56326 
vt 0.86642 0.560298 
vt 0.867846 0.558398 
vt 0.863654 0.560694 
vt 0.865864 0.55809 
vt 0.866755 0.55545 
vt 0.861766 0.561261 
vt 0.863421 0.559479 
vt 0.865641 0.556578 
vt 0.865893 0.552798 
vt 0.864709 0.553989 
vt 0.862703 0.554917 
vt 0.864256 0.552498 
vt 0.864954 0.550084 
vt 0.863603 0.548527 
vt 0.862473 0.551044 
vt 0.862693 0.548114 
vt 0.861525 0.559279 
vt 0.861415 0.554619 
vt 0.861521 0.551438 
vt 0.861903 0.54754 
vt 0.860754 0.550977 
vt 0.8589 0.547654 
vt 0.858721 0.551384 
vt 0.860042 0.555452 
vt 0.860114 0.560536 
vt 0.858422 0.559513 
vt 0.860192 0.561894 
vt 0.860357 0.564482 
vt 0.858462 0.561121 
vt 0.854225 0.556273 
vt 0.856796 0.559784 
vt 0.856468 0.556273 
vt 0.857666 0.555113 
vt 0.854998 0.560273 
vt 0.856839 0.561479 
vt 0.854911 0.564991 
vt 0.856937 0.564652 
vt 0.85645 0.567676 
vt 0.854803 0.568534 
vt 0.85837 0.564066 
vt 0.857938 0.567282 
vt 0.856251 0.569813 
vt 0.854799 0.570433 
vt 0.857429 0.569473 
vt 0.859304 0.567719 
vt 0.855667 0.572181 
vt 0.854414 0.572679 
vt 0.854451 0.574781 
vt 0.856873 0.571896 
vt 0.855624 0.57427 
vt 0.855306 0.576337 
vt 0.854456 0.576974 
vt 0.856457 0.574226 
vt 0.858327 0.569931 
vt 0.85615 0.576135 
vt 0.855722 0.57795 
vt 0.854644 0.577664 
vt 0.854649 0.5792 
vt 0.855297 0.580156 
vt 0.856169 0.579991 
vt 0.856743 0.578628 
vt 0.856702 0.576898 
vt 0.85715 0.574819 
vt 0.857838 0.576025 
vt 0.857173 0.578162 
vt 0.857781 0.572596 
vt 0.858634 0.57382 
vt 0.859212 0.571222 
vt 0.860154 0.569458 
vt 0.860853 0.567439 
vt 0.861693 0.569346 
vt 0.860775 0.571296 
vt 0.862586 0.572133 
vt 0.861609 0.573877 
vt 0.862553 0.576031 
vt 0.863459 0.570639 
vt 0.862992 0.568028 
vt 0.862653 0.566089 
vt 0.862246 0.564152 
vt 0.864431 0.565796 
vt 0.864446 0.567909 
vt 0.865755 0.568459 
vt 0.864836 0.570551 
vt 0.866158 0.570956 
vt 0.866274 0.573626 
vt 0.864057 0.573313 
vt 0.865018 0.573123 
vt 0.865416 0.575391 
vt 0.866369 0.576116 
vt 0.864535 0.575302 
vt 0.86329 0.574242 
vt 0.863892 0.57635 
vt 0.863486 0.577956 
vt 0.865014 0.577436 
vt 0.866213 0.576898 
vt 0.863918 0.578337 
vt 0.866195 0.57863 
vt 0.864553 0.579665 
vt 0.865507 0.579783 
vt 0.853156 0.548542 
vt 0.852894 0.546821 
vt 0.852193 0.547185 
vt 0.853813 0.547387 
vt 0.852054 0.548393 
vt 0.852573 0.54957 
vt 0.854282 0.548435 
vt 0.853698 0.550149 
vt 0.85417 0.549493 
vt 0.855099 0.550692 
vt 0.855346 0.549164 
vt 0.854252 0.54738 
vt 0.855332 0.547841 
vt 0.856334 0.551916 
vt 0.85643 0.549672 
vt 0.856327 0.547794 
vt 0.857593 0.55083 
vt 0.857713 0.548247 
vt 0.857011 0.553211 
vt 0.854559 0.551511 
vt 0.85359 0.551862 
vt 0.852838 0.550421 
vt 0.854165 0.55341 
vt 0.855507 0.553093 
vt 0.854279 0.554653 
vt 0.856072 0.554366 

usemtl Rig1Mtl

f 5303/5303/5303 5304/5304/5304 5305/5305/5305 
f 5303/5303/5303 5305/5305/5305 5306/5306/5306 
f 5307/5307/5307 5305/5305/5305 5304/5304/5304 
f 5304/5304/5304 5303/5303/5303 5308/5308/5308 
f 5305/5305/5305 5307/5307/5307 5309/5309/5309 
f 5305/5305/5305 5309/5309/5309 5310/5310/5310 
f 5311/5311/5311 5309/5309/5309 5307/5307/5307 
f 5312/5312/5312 5308/5308/5308 5303/5303/5303 
f 5312/5312/5312 5303/5303/5303 5313/5313/5313 
f 5308/5308/5308 5312/5312/5312 5314/5314/5314 
f 5312/5312/5312 5315/5315/5315 5314/5314/5314 
f 5309/5309/5309 5311/5311/5311 5316/5316/5316 
f 5309/5309/5309 5316/5316/5316 5317/5317/5317 
f 5311/5311/5311 5318/5318/5318 5316/5316/5316 
f 5316/5316/5316 5318/5318/5318 5319/5319/5319 
f 5318/5318/5318 5311/5311/5311 5320/5320/5320 
f 5315/5315/5315 5312/5312/5312 5321/5321/5321 
f 5321/5321/5321 5312/5312/5312 5322/5322/5322 
f 5323/5323/5323 5315/5315/5315 5321/5321/5321 
f 5323/5323/5323 5321/5321/5321 5324/5324/5324 
f 5315/5315/5315 5323/5323/5323 5325/5325/5325 
f 5320/5320/5320 5326/5326/5326 5318/5318/5318 
f 5318/5318/5318 5326/5326/5326 5327/5327/5327 
f 5326/5326/5326 5320/5320/5320 5328/5328/5328 
f 5323/5323/5323 5329/5329/5329 5325/5325/5325 
f 5329/5329/5329 5323/5323/5323 5330/5330/5330 
f 5325/5325/5325 5329/5329/5329 5331/5331/5331 
f 5328/5328/5328 5332/5332/5332 5326/5326/5326 
f 5326/5326/5326 5332/5332/5332 5333/5333/5333 
f 5332/5332/5332 5328/5328/5328 5334/5334/5334 
f 5334/5334/5334 5335/5335/5335 5332/5332/5332 
f 5329/5329/5329 5336/5336/5336 5331/5331/5331 
f 5336/5336/5336 5329/5329/5329 5337/5337/5337 
f 5331/5331/5331 5336/5336/5336 5338/5338/5338 
f 5336/5336/5336 5339/5339/5339 5338/5338/5338 
f 5335/5335/5335 5340/5340/5340 5332/5332/5332 
f 5332/5332/5332 5340/5340/5340 5341/5341/5341 
f 5335/5335/5335 5342/5342/5342 5340/5340/5340 
f 5340/5340/5340 5342/5342/5342 5343/5343/5343 
f 5342/5342/5342 5335/5335/5335 5344/5344/5344 
f 5339/5339/5339 5336/5336/5336 5345/5345/5345 
f 5344/5344/5344 5339/5339/5339 5345/5345/5345 
f 5344/5344/5344 5345/5345/5345 5342/5342/5342 
f 5336/5336/5336 5346/5346/5346 5345/5345/5345 
f 5342/5342/5342 5345/5345/5345 5347/5347/5347 
f 5348/5348/5348 5349/5349/5349 5350/5350/5350 
f 5350/5350/5350 5349/5349/5349 5351/5351/5351 
f 5348/5348/5348 5350/5350/5350 5352/5352/5352 
f 5350/5350/5350 5351/5351/5351 5353/5353/5353 
f 5350/5350/5350 5353/5353/5353 5352/5352/5352 
f 5354/5354/5354 5353/5353/5353 5351/5351/5351 
f 5351/5351/5351 5355/5355/5355 5354/5354/5354 
f 5353/5353/5353 5354/5354/5354 5356/5356/5356 
f 5355/5355/5355 5351/5351/5351 5357/5357/5357 
f 5349/5349/5349 5357/5357/5357 5351/5351/5351 
f 5357/5357/5357 5358/5358/5358 5355/5355/5355 
f 5357/5357/5357 5359/5359/5359 5358/5358/5358 
f 5356/5356/5356 5360/5360/5360 5353/5353/5353 
f 5360/5360/5360 5352/5352/5352 5353/5353/5353 
f 5360/5360/5360 5356/5356/5356 5361/5361/5361 
f 5362/5362/5362 5359/5359/5359 5357/5357/5357 
f 5357/5357/5357 5349/5349/5349 5362/5362/5362 
f 5359/5359/5359 5362/5362/5362 5363/5363/5363 
f 5364/5364/5364 5363/5363/5363 5362/5362/5362 
f 5363/5363/5363 5364/5364/5364 5365/5365/5365 
f 5364/5364/5364 5366/5366/5366 5365/5365/5365 
f 5366/5366/5366 5364/5364/5364 5367/5367/5367 
f 5364/5364/5364 5368/5368/5368 5367/5367/5367 
f 5369/5369/5369 5362/5362/5362 5349/5349/5349 
f 5362/5362/5362 5369/5369/5369 5364/5364/5364 
f 5368/5368/5368 5364/5364/5364 5369/5369/5369 
f 5370/5370/5370 5368/5368/5368 5369/5369/5369 
f 5349/5349/5349 5348/5348/5348 5369/5369/5369 
f 5369/5369/5369 5348/5348/5348 5370/5370/5370 
f 5348/5348/5348 5371/5371/5371 5370/5370/5370 
f 5371/5371/5371 5348/5348/5348 5372/5372/5372 
f 5372/5372/5372 5348/5348/5348 5352/5352/5352 
f 5373/5373/5373 5371/5371/5371 5372/5372/5372 
f 5371/5371/5371 5373/5373/5373 5374/5374/5374 
f 5373/5373/5373 5375/5375/5375 5374/5374/5374 
f 5376/5376/5376 5372/5372/5372 5352/5352/5352 
f 5360/5360/5360 5376/5376/5376 5352/5352/5352 
f 5372/5372/5372 5376/5376/5376 5377/5377/5377 
f 5377/5377/5377 5373/5373/5373 5372/5372/5372 
f 5376/5376/5376 5360/5360/5360 5378/5378/5378 
f 5361/5361/5361 5378/5378/5378 5360/5360/5360 
f 5379/5379/5379 5377/5377/5377 5376/5376/5376 
f 5378/5378/5378 5379/5379/5379 5376/5376/5376 
f 5378/5378/5378 5361/5361/5361 5380/5380/5380 
f 5361/5361/5361 5381/5381/5381 5380/5380/5380 
f 5380/5380/5380 5381/5381/5381 5382/5382/5382 
f 5380/5380/5380 5383/5383/5383 5378/5378/5378 
f 5379/5379/5379 5378/5378/5378 5383/5383/5383 
f 5382/5382/5382 5384/5384/5384 5380/5380/5380 
f 5383/5383/5383 5380/5380/5380 5384/5384/5384 
f 5384/5384/5384 5382/5382/5382 5385/5385/5385 
f 5386/5386/5386 5384/5384/5384 5385/5385/5385 
f 5384/5384/5384 5386/5386/5386 5387/5387/5387 
f 5384/5384/5384 5387/5387/5387 5383/5383/5383 
f 5388/5388/5388 5383/5383/5383 5387/5387/5387 
f 5383/5383/5383 5388/5388/5388 5379/5379/5379 
f 5389/5389/5389 5379/5379/5379 5388/5388/5388 
f 5377/5377/5377 5379/5379/5379 5389/5389/5389 
f 5390/5390/5390 5391/5391/5391 5392/5392/5392 
f 5393/5393/5393 5390/5390/5390 5392/5392/5392 
f 5391/5391/5391 5394/5394/5394 5392/5392/5392 
f 5394/5394/5394 5391/5391/5391 5395/5395/5395 
f 5396/5396/5396 5394/5394/5394 5395/5395/5395 
f 5394/5394/5394 5396/5396/5396 5397/5397/5397 
f 5398/5398/5398 5394/5394/5394 5397/5397/5397 
f 5399/5399/5399 5393/5393/5393 5392/5392/5392 
f 5400/5400/5400 5392/5392/5392 5394/5394/5394 
f 5399/5399/5399 5392/5392/5392 5400/5400/5400 
f 5400/5400/5400 5394/5394/5394 5398/5398/5398 
f 5401/5401/5401 5393/5393/5393 5399/5399/5399 
f 5400/5400/5400 5401/5401/5401 5399/5399/5399 
f 5393/5393/5393 5401/5401/5401 5402/5402/5402 
f 5403/5403/5403 5402/5402/5402 5401/5401/5401 
f 5401/5401/5401 5400/5400/5400 5404/5404/5404 
f 5404/5404/5404 5403/5403/5403 5401/5401/5401 
f 5398/5398/5398 5404/5404/5404 5400/5400/5400 
f 5403/5403/5403 5404/5404/5404 5405/5405/5405 
f 5404/5404/5404 5398/5398/5398 5406/5406/5406 
f 5404/5404/5404 5407/5407/5407 5405/5405/5405 
f 5407/5407/5407 5404/5404/5404 5406/5406/5406 
f 5391/5391/5391 5390/5390/5390 5408/5408/5408 
f 5409/5409/5409 5408/5408/5408 5390/5390/5390 
f 5408/5408/5408 5409/5409/5409 5410/5410/5410 
f 5409/5409/5409 5411/5411/5411 5410/5410/5410 
f 5409/5409/5409 5412/5412/5412 5411/5411/5411 
f 5411/5411/5411 5412/5412/5412 5413/5413/5413 
f 5413/5413/5413 5412/5412/5412 5414/5414/5414 
f 5412/5412/5412 5409/5409/5409 5415/5415/5415 
f 5415/5415/5415 5409/5409/5409 5390/5390/5390 
f 5416/5416/5416 5412/5412/5412 5415/5415/5415 
f 5414/5414/5414 5412/5412/5412 5416/5416/5416 
f 5417/5417/5417 5414/5414/5414 5416/5416/5416 
f 5416/5416/5416 5418/5418/5418 5417/5417/5417 
f 5418/5418/5418 5416/5416/5416 5402/5402/5402 
f 5415/5415/5415 5402/5402/5402 5416/5416/5416 
f 5402/5402/5402 5403/5403/5403 5418/5418/5418 
f 5393/5393/5393 5415/5415/5415 5390/5390/5390 
f 5402/5402/5402 5415/5415/5415 5393/5393/5393 
f 5414/5414/5414 5417/5417/5417 5419/5419/5419 
f 5420/5420/5420 5419/5419/5419 5417/5417/5417 
f 5419/5419/5419 5421/5421/5421 5414/5414/5414 
f 5422/5422/5422 5414/5414/5414 5421/5421/5421 
f 5419/5419/5419 5420/5420/5420 5423/5423/5423 
f 5424/5424/5424 5423/5423/5423 5420/5420/5420 
f 5421/5421/5421 5419/5419/5419 5425/5425/5425 
f 5425/5425/5425 5419/5419/5419 5423/5423/5423 
f 5421/5421/5421 5426/5426/5426 5422/5422/5422 
f 5426/5426/5426 5373/5373/5373 5422/5422/5422 
f 5375/5375/5375 5373/5373/5373 5426/5426/5426 
f 5426/5426/5426 5427/5427/5427 5375/5375/5375 
f 5428/5428/5428 5426/5426/5426 5421/5421/5421 
f 5427/5427/5427 5426/5426/5426 5428/5428/5428 
f 5428/5428/5428 5421/5421/5421 5425/5425/5425 
f 5428/5428/5428 5429/5429/5429 5427/5427/5427 
f 5429/5429/5429 5428/5428/5428 5430/5430/5430 
f 5425/5425/5425 5430/5430/5430 5428/5428/5428 
f 5430/5430/5430 5431/5431/5431 5429/5429/5429 
f 5430/5430/5430 5425/5425/5425 5432/5432/5432 
f 5432/5432/5432 5425/5425/5425 5423/5423/5423 
f 5431/5431/5431 5430/5430/5430 5433/5433/5433 
f 5432/5432/5432 5433/5433/5433 5430/5430/5430 
f 5434/5434/5434 5431/5431/5431 5433/5433/5433 
f 5431/5431/5431 5434/5434/5434 5435/5435/5435 
f 5434/5434/5434 5436/5436/5436 5435/5435/5435 
f 5436/5436/5436 5434/5434/5434 5437/5437/5437 
f 5434/5434/5434 5438/5438/5438 5437/5437/5437 
f 5433/5433/5433 5432/5432/5432 5439/5439/5439 
f 5433/5433/5433 5440/5440/5440 5434/5434/5434 
f 5438/5438/5438 5434/5434/5434 5440/5440/5440 
f 5440/5440/5440 5433/5433/5433 5439/5439/5439 
f 5440/5440/5440 5441/5441/5441 5438/5438/5438 
f 5438/5438/5438 5441/5441/5441 5442/5442/5442 
f 5441/5441/5441 5443/5443/5443 5442/5442/5442 
f 5443/5443/5443 5441/5441/5441 5444/5444/5444 
f 5441/5441/5441 5424/5424/5424 5444/5444/5444 
f 5445/5445/5445 5440/5440/5440 5439/5439/5439 
f 5440/5440/5440 5445/5445/5445 5441/5441/5441 
f 5424/5424/5424 5441/5441/5441 5445/5445/5445 
f 5439/5439/5439 5432/5432/5432 5445/5445/5445 
f 5423/5423/5423 5424/5424/5424 5445/5445/5445 
f 5432/5432/5432 5423/5423/5423 5445/5445/5445 
f 5388/5388/5388 5446/5446/5446 5389/5389/5389 
f 5389/5389/5389 5447/5447/5447 5377/5377/5377 
f 5446/5446/5446 5448/5448/5448 5389/5389/5389 
f 5447/5447/5447 5389/5389/5389 5448/5448/5448 
f 5449/5449/5449 5448/5448/5448 5446/5446/5446 
f 5373/5373/5373 5377/5377/5377 5447/5447/5447 
f 5450/5450/5450 5448/5448/5448 5449/5449/5449 
f 5422/5422/5422 5373/5373/5373 5447/5447/5447 
f 5451/5451/5451 5447/5447/5447 5448/5448/5448 
f 5448/5448/5448 5450/5450/5450 5451/5451/5451 
f 5451/5451/5451 5422/5422/5422 5447/5447/5447 
f 5451/5451/5451 5450/5450/5450 5452/5452/5452 
f 5453/5453/5453 5452/5452/5452 5450/5450/5450 
f 5452/5452/5452 5454/5454/5454 5451/5451/5451 
f 5422/5422/5422 5451/5451/5451 5454/5454/5454 
f 5453/5453/5453 5455/5455/5455 5452/5452/5452 
f 5455/5455/5455 5453/5453/5453 5456/5456/5456 
f 5457/5457/5457 5455/5455/5455 5456/5456/5456 
f 5413/5413/5413 5452/5452/5452 5455/5455/5455 
f 5452/5452/5452 5413/5413/5413 5454/5454/5454 
f 5455/5455/5455 5457/5457/5457 5458/5458/5458 
f 5458/5458/5458 5413/5413/5413 5455/5455/5455 
f 5459/5459/5459 5458/5458/5458 5457/5457/5457 
f 5422/5422/5422 5454/5454/5454 5414/5414/5414 
f 5414/5414/5414 5454/5454/5454 5413/5413/5413 
f 5458/5458/5458 5459/5459/5459 5460/5460/5460 
f 5461/5461/5461 5460/5460/5460 5459/5459/5459 
f 5461/5461/5461 5459/5459/5459 5462/5462/5462 
f 5460/5460/5460 5463/5463/5463 5458/5458/5458 
f 5413/5413/5413 5458/5458/5458 5463/5463/5463 
f 5461/5461/5461 5462/5462/5462 5464/5464/5464 
f 5461/5461/5461 5465/5465/5465 5460/5460/5460 
f 5463/5463/5463 5460/5460/5460 5465/5465/5465 
f 5466/5466/5466 5461/5461/5461 5464/5464/5464 
f 5467/5467/5467 5466/5466/5466 5464/5464/5464 
f 5468/5468/5468 5461/5461/5461 5466/5466/5466 
f 5465/5465/5465 5461/5461/5461 5468/5468/5468 
f 5466/5466/5466 5467/5467/5467 5469/5469/5469 
f 5411/5411/5411 5463/5463/5463 5465/5465/5465 
f 5411/5411/5411 5413/5413/5413 5463/5463/5463 
f 5469/5469/5469 5467/5467/5467 5470/5470/5470 
f 5466/5466/5466 5471/5471/5471 5468/5468/5468 
f 5471/5471/5471 5466/5466/5466 5469/5469/5469 
f 5471/5471/5471 5472/5472/5472 5468/5468/5468 
f 5472/5472/5472 5471/5471/5471 5473/5473/5473 
f 5472/5472/5472 5474/5474/5474 5468/5468/5468 
f 5471/5471/5471 5475/5475/5475 5473/5473/5473 
f 5476/5476/5476 5468/5468/5468 5474/5474/5474 
f 5468/5468/5468 5476/5476/5476 5465/5465/5465 
f 5476/5476/5476 5474/5474/5474 5477/5477/5477 
f 5475/5475/5475 5471/5471/5471 5478/5478/5478 
f 5469/5469/5469 5478/5478/5478 5471/5471/5471 
f 5478/5478/5478 5479/5479/5479 5475/5475/5475 
f 5479/5479/5479 5478/5478/5478 5480/5480/5480 
f 5469/5469/5469 5480/5480/5480 5478/5478/5478 
f 5480/5480/5480 5481/5481/5481 5479/5479/5479 
f 5480/5480/5480 5469/5469/5469 5482/5482/5482 
f 5470/5470/5470 5482/5482/5482 5469/5469/5469 
f 5481/5481/5481 5480/5480/5480 5483/5483/5483 
f 5482/5482/5482 5483/5483/5483 5480/5480/5480 
f 5483/5483/5483 5484/5484/5484 5481/5481/5481 
f 5484/5484/5484 5483/5483/5483 5485/5485/5485 
f 5483/5483/5483 5482/5482/5482 5486/5486/5486 
f 5470/5470/5470 5486/5486/5486 5482/5482/5482 
f 5486/5486/5486 5485/5485/5485 5483/5483/5483 
f 5486/5486/5486 5470/5470/5470 5487/5487/5487 
f 5485/5485/5485 5486/5486/5486 5488/5488/5488 
f 5487/5487/5487 5488/5488/5488 5486/5486/5486 
f 5488/5488/5488 5487/5487/5487 5489/5489/5489 
f 5465/5465/5465 5476/5476/5476 5490/5490/5490 
f 5411/5411/5411 5465/5465/5465 5490/5490/5490 
f 5491/5491/5491 5490/5490/5490 5476/5476/5476 
f 5491/5491/5491 5476/5476/5476 5477/5477/5477 
f 5492/5492/5492 5491/5491/5491 5477/5477/5477 
f 5491/5491/5491 5492/5492/5492 5493/5493/5493 
f 5494/5494/5494 5493/5493/5493 5492/5492/5492 
f 5495/5495/5495 5490/5490/5490 5491/5491/5491 
f 5495/5495/5495 5491/5491/5491 5493/5493/5493 
f 5496/5496/5496 5490/5490/5490 5495/5495/5495 
f 5496/5496/5496 5411/5411/5411 5490/5490/5490 
f 5497/5497/5497 5495/5495/5495 5493/5493/5493 
f 5495/5495/5495 5498/5498/5498 5496/5496/5496 
f 5498/5498/5498 5495/5495/5495 5497/5497/5497 
f 5410/5410/5410 5411/5411/5411 5496/5496/5496 
f 5496/5496/5496 5499/5499/5499 5410/5410/5410 
f 5499/5499/5499 5496/5496/5496 5498/5498/5498 
f 5500/5500/5500 5499/5499/5499 5498/5498/5498 
f 5493/5493/5493 5501/5501/5501 5497/5497/5497 
f 5498/5498/5498 5497/5497/5497 5501/5501/5501 
f 5498/5498/5498 5502/5502/5502 5500/5500/5500 
f 5502/5502/5502 5498/5498/5498 5501/5501/5501 
f 5503/5503/5503 5500/5500/5500 5502/5502/5502 
f 5500/5500/5500 5503/5503/5503 5504/5504/5504 
f 5503/5503/5503 5505/5505/5505 5504/5504/5504 
f 5505/5505/5505 5503/5503/5503 5506/5506/5506 
f 5503/5503/5503 5507/5507/5507 5506/5506/5506 
f 5502/5502/5502 5508/5508/5508 5503/5503/5503 
f 5507/5507/5507 5503/5503/5503 5508/5508/5508 
f 5502/5502/5502 5501/5501/5501 5508/5508/5508 
f 5509/5509/5509 5507/5507/5507 5508/5508/5508 
f 5507/5507/5507 5509/5509/5509 5510/5510/5510 
f 5509/5509/5509 5511/5511/5511 5510/5510/5510 
f 5511/5511/5511 5509/5509/5509 5512/5512/5512 
f 5509/5509/5509 5494/5494/5494 5512/5512/5512 
f 5513/5513/5513 5508/5508/5508 5501/5501/5501 
f 5508/5508/5508 5513/5513/5513 5509/5509/5509 
f 5494/5494/5494 5509/5509/5509 5513/5513/5513 
f 5501/5501/5501 5493/5493/5493 5513/5513/5513 
f 5493/5493/5493 5494/5494/5494 5513/5513/5513 
f 5514/5514/5514 5515/5515/5515 5516/5516/5516 
f 5515/5515/5515 5517/5517/5517 5516/5516/5516 
f 5517/5517/5517 5515/5515/5515 5518/5518/5518 
f 5518/5518/5518 5515/5515/5515 5519/5519/5519 
f 5520/5520/5520 5515/5515/5515 5514/5514/5514 
f 5519/5519/5519 5515/5515/5515 5521/5521/5521 
f 5521/5521/5521 5515/5515/5515 5522/5522/5522 
f 5522/5522/5522 5515/5515/5515 5520/5520/5520 
f 5523/5523/5523 5524/5524/5524 5521/5521/5521 
f 5525/5525/5525 5521/5521/5521 5522/5522/5522 
f 5521/5521/5521 5525/5525/5525 5523/5523/5523 
f 5520/5520/5520 5526/5526/5526 5522/5522/5522 
f 5525/5525/5525 5522/5522/5522 5526/5526/5526 
f 5527/5527/5527 5520/5520/5520 5528/5528/5528 
f 5523/5523/5523 5525/5525/5525 5529/5529/5529 
f 5530/5530/5530 5523/5523/5523 5529/5529/5529 
f 5520/5520/5520 5527/5527/5527 5531/5531/5531 
f 5526/5526/5526 5520/5520/5520 5531/5531/5531 
f 5532/5532/5532 5531/5531/5531 5527/5527/5527 
f 5525/5525/5525 5526/5526/5526 5533/5533/5533 
f 5531/5531/5531 5533/5533/5533 5526/5526/5526 
f 5529/5529/5529 5525/5525/5525 5533/5533/5533 
f 5529/5529/5529 5534/5534/5534 5530/5530/5530 
f 5531/5531/5531 5532/5532/5532 5535/5535/5535 
f 5533/5533/5533 5531/5531/5531 5535/5535/5535 
f 5536/5536/5536 5535/5535/5535 5532/5532/5532 
f 5537/5537/5537 5529/5529/5529 5533/5533/5533 
f 5535/5535/5535 5537/5537/5537 5533/5533/5533 
f 5534/5534/5534 5529/5529/5529 5538/5538/5538 
f 5529/5529/5529 5537/5537/5537 5538/5538/5538 
f 5538/5538/5538 5539/5539/5539 5534/5534/5534 
f 5535/5535/5535 5536/5536/5536 5540/5540/5540 
f 5537/5537/5537 5535/5535/5535 5540/5540/5540 
f 5541/5541/5541 5540/5540/5540 5536/5536/5536 
f 5539/5539/5539 5538/5538/5538 5542/5542/5542 
f 5537/5537/5537 5542/5542/5542 5538/5538/5538 
f 5542/5542/5542 5543/5543/5543 5539/5539/5539 
f 5544/5544/5544 5537/5537/5537 5540/5540/5540 
f 5540/5540/5540 5541/5541/5541 5544/5544/5544 
f 5542/5542/5542 5537/5537/5537 5545/5545/5545 
f 5545/5545/5545 5543/5543/5543 5542/5542/5542 
f 5537/5537/5537 5544/5544/5544 5545/5545/5545 
f 5541/5541/5541 5546/5546/5546 5544/5544/5544 
f 5545/5545/5545 5544/5544/5544 5546/5546/5546 
f 5543/5543/5543 5545/5545/5545 5546/5546/5546 
f 5546/5546/5546 5541/5541/5541 5547/5547/5547 
f 5546/5546/5546 5548/5548/5548 5543/5543/5543 
f 5547/5547/5547 5549/5549/5549 5546/5546/5546 
f 5548/5548/5548 5546/5546/5546 5549/5549/5549 
f 5549/5549/5549 5547/5547/5547 5550/5550/5550 
f 5551/5551/5551 5543/5543/5543 5548/5548/5548 
f 5549/5549/5549 5552/5552/5552 5548/5548/5548 
f 5551/5551/5551 5548/5548/5548 5552/5552/5552 
f 5550/5550/5550 5553/5553/5553 5549/5549/5549 
f 5552/5552/5552 5549/5549/5549 5553/5553/5553 
f 5554/5554/5554 5553/5553/5553 5550/5550/5550 
f 5553/5553/5553 5554/5554/5554 5555/5555/5555 
f 5553/5553/5553 5556/5556/5556 5552/5552/5552 
f 5556/5556/5556 5553/5553/5553 5555/5555/5555 
f 5554/5554/5554 5557/5557/5557 5555/5555/5555 
f 5556/5556/5556 5555/5555/5555 5557/5557/5557 
f 5557/5557/5557 5554/5554/5554 5558/5558/5558 
f 5559/5559/5559 5557/5557/5557 5558/5558/5558 
f 5557/5557/5557 5559/5559/5559 5560/5560/5560 
f 5557/5557/5557 5560/5560/5560 5556/5556/5556 
f 5559/5559/5559 5561/5561/5561 5560/5560/5560 
f 5556/5556/5556 5562/5562/5562 5552/5552/5552 
f 5552/5552/5552 5562/5562/5562 5551/5551/5551 
f 5563/5563/5563 5556/5556/5556 5560/5560/5560 
f 5562/5562/5562 5556/5556/5556 5563/5563/5563 
f 5561/5561/5561 5564/5564/5564 5560/5560/5560 
f 5564/5564/5564 5563/5563/5563 5560/5560/5560 
f 5564/5564/5564 5561/5561/5561 5565/5565/5565 
f 5565/5565/5565 5566/5566/5566 5564/5564/5564 
f 5566/5566/5566 5563/5563/5563 5564/5564/5564 
f 5567/5567/5567 5566/5566/5566 5565/5565/5565 
f 5566/5566/5566 5567/5567/5567 5568/5568/5568 
f 5568/5568/5568 5569/5569/5569 5566/5566/5566 
f 5563/5563/5563 5566/5566/5566 5569/5569/5569 
f 5569/5569/5569 5562/5562/5562 5563/5563/5563 
f 5569/5569/5569 5570/5570/5570 5562/5562/5562 
f 5551/5551/5551 5562/5562/5562 5570/5570/5570 
f 5569/5569/5569 5571/5571/5571 5570/5570/5570 
f 5572/5572/5572 5551/5551/5551 5570/5570/5570 
f 5571/5571/5571 5572/5572/5572 5570/5570/5570 
f 5573/5573/5573 5551/5551/5551 5572/5572/5572 
f 5572/5572/5572 5571/5571/5571 5574/5574/5574 
f 5574/5574/5574 5573/5573/5573 5572/5572/5572 
f 5575/5575/5575 5576/5576/5576 5577/5577/5577 
f 5577/5577/5577 5571/5571/5571 5578/5578/5578 
f 5576/5576/5576 5571/5571/5571 5577/5577/5577 
f 5576/5576/5576 5575/5575/5575 5579/5579/5579 
f 5569/5569/5569 5568/5568/5568 5578/5578/5578 
f 5571/5571/5571 5569/5569/5569 5578/5578/5578 
f 5576/5576/5576 5579/5579/5579 5580/5580/5580 
f 5580/5580/5580 5579/5579/5579 5581/5581/5581 
f 5576/5576/5576 5574/5574/5574 5571/5571/5571 
f 5580/5580/5580 5574/5574/5574 5576/5576/5576 
f 5582/5582/5582 5580/5580/5580 5581/5581/5581 
f 5582/5582/5582 5574/5574/5574 5580/5580/5580 
f 5581/5581/5581 5583/5583/5583 5582/5582/5582 
f 5583/5583/5583 5581/5581/5581 5584/5584/5584 
f 5574/5574/5574 5582/5582/5582 5585/5585/5585 
f 5583/5583/5583 5586/5586/5586 5582/5582/5582 
f 5582/5582/5582 5586/5586/5586 5585/5585/5585 
f 5584/5584/5584 5587/5587/5587 5583/5583/5583 
f 5587/5587/5587 5584/5584/5584 5588/5588/5588 
f 5583/5583/5583 5589/5589/5589 5586/5586/5586 
f 5589/5589/5589 5583/5583/5583 5587/5587/5587 
f 5590/5590/5590 5585/5585/5585 5586/5586/5586 
f 5589/5589/5589 5590/5590/5590 5586/5586/5586 
f 5574/5574/5574 5585/5585/5585 5573/5573/5573 
f 5585/5585/5585 5590/5590/5590 5573/5573/5573 
f 5588/5588/5588 5591/5591/5591 5587/5587/5587 
f 5591/5591/5591 5588/5588/5588 5592/5592/5592 
f 5592/5592/5592 5593/5593/5593 5591/5591/5591 
f 5594/5594/5594 5587/5587/5587 5591/5591/5591 
f 5587/5587/5587 5594/5594/5594 5589/5589/5589 
f 5595/5595/5595 5591/5591/5591 5593/5593/5593 
f 5591/5591/5591 5595/5595/5595 5594/5594/5594 
f 5596/5596/5596 5595/5595/5595 5593/5593/5593 
f 5593/5593/5593 5597/5597/5597 5596/5596/5596 
f 5595/5595/5595 5598/5598/5598 5594/5594/5594 
f 5594/5594/5594 5599/5599/5599 5589/5589/5589 
f 5590/5590/5590 5589/5589/5589 5599/5599/5599 
f 5595/5595/5595 5596/5596/5596 5600/5600/5600 
f 5600/5600/5600 5598/5598/5598 5595/5595/5595 
f 5596/5596/5596 5601/5601/5601 5600/5600/5600 
f 5602/5602/5602 5601/5601/5601 5596/5596/5596 
f 5603/5603/5603 5601/5601/5601 5602/5602/5602 
f 5604/5604/5604 5601/5601/5601 5603/5603/5603 
f 5605/5605/5605 5601/5601/5601 5604/5604/5604 
f 5606/5606/5606 5601/5601/5601 5605/5605/5605 
f 5607/5607/5607 5601/5601/5601 5606/5606/5606 
f 5600/5600/5600 5601/5601/5601 5607/5607/5607 
f 5600/5600/5600 5608/5608/5608 5598/5598/5598 
f 5608/5608/5608 5600/5600/5600 5607/5607/5607 
f 5598/5598/5598 5608/5608/5608 5594/5594/5594 
f 5607/5607/5607 5609/5609/5609 5608/5608/5608 
f 5609/5609/5609 5607/5607/5607 5610/5610/5610 
f 5608/5608/5608 5611/5611/5611 5594/5594/5594 
f 5609/5609/5609 5611/5611/5611 5608/5608/5608 
f 5611/5611/5611 5609/5609/5609 5612/5612/5612 
f 5599/5599/5599 5594/5594/5594 5611/5611/5611 
f 5613/5613/5613 5611/5611/5611 5612/5612/5612 
f 5611/5611/5611 5613/5613/5613 5599/5599/5599 
f 5614/5614/5614 5599/5599/5599 5613/5613/5613 
f 5599/5599/5599 5614/5614/5614 5590/5590/5590 
f 5590/5590/5590 5614/5614/5614 5573/5573/5573 
f 5615/5615/5615 5573/5573/5573 5614/5614/5614 
f 5614/5614/5614 5616/5616/5616 5615/5615/5615 
f 5616/5616/5616 5614/5614/5614 5617/5617/5617 
f 5617/5617/5617 5618/5618/5618 5616/5616/5616 
f 5618/5618/5618 5617/5617/5617 5619/5619/5619 
f 5620/5620/5620 5618/5618/5618 5619/5619/5619 
f 5621/5621/5621 5616/5616/5616 5618/5618/5618 
f 5622/5622/5622 5615/5615/5615 5616/5616/5616 
f 5616/5616/5616 5621/5621/5621 5622/5622/5622 
f 5615/5615/5615 5622/5622/5622 5623/5623/5623 
f 5623/5623/5623 5573/5573/5573 5615/5615/5615 
f 5573/5573/5573 5623/5623/5623 5624/5624/5624 
f 5622/5622/5622 5625/5625/5625 5623/5623/5623 
f 5623/5623/5623 5543/5543/5543 5624/5624/5624 
f 5543/5543/5543 5623/5623/5623 5625/5625/5625 
f 5625/5625/5625 5622/5622/5622 5626/5626/5626 
f 5621/5621/5621 5626/5626/5626 5622/5622/5622 
f 5551/5551/5551 5573/5573/5573 5624/5624/5624 
f 5543/5543/5543 5551/5551/5551 5624/5624/5624 
f 5626/5626/5626 5539/5539/5539 5625/5625/5625 
f 5625/5625/5625 5539/5539/5539 5543/5543/5543 
f 5626/5626/5626 5627/5627/5627 5539/5539/5539 
f 5628/5628/5628 5627/5627/5627 5626/5626/5626 
f 5626/5626/5626 5621/5621/5621 5628/5628/5628 
f 5627/5627/5627 5628/5628/5628 5629/5629/5629 
f 5628/5628/5628 5630/5630/5630 5629/5629/5629 
f 5631/5631/5631 5628/5628/5628 5621/5621/5621 
f 5631/5631/5631 5621/5621/5621 5618/5618/5618 
f 5630/5630/5630 5628/5628/5628 5632/5632/5632 
f 5628/5628/5628 5631/5631/5631 5632/5632/5632 
f 5633/5633/5633 5630/5630/5630 5632/5632/5632 
f 5630/5630/5630 5633/5633/5633 5634/5634/5634 
f 5635/5635/5635 5632/5632/5632 5631/5631/5631 
f 5632/5632/5632 5635/5635/5635 5633/5633/5633 
f 5636/5636/5636 5631/5631/5631 5618/5618/5618 
f 5635/5635/5635 5631/5631/5631 5636/5636/5636 
f 5618/5618/5618 5620/5620/5620 5636/5636/5636 
f 5637/5637/5637 5636/5636/5636 5620/5620/5620 
f 5636/5636/5636 5637/5637/5637 5635/5635/5635 
f 5620/5620/5620 5638/5638/5638 5637/5637/5637 
f 5635/5635/5635 5639/5639/5639 5633/5633/5633 
f 5637/5637/5637 5639/5639/5639 5635/5635/5635 
f 5633/5633/5633 5639/5639/5639 5640/5640/5640 
f 5641/5641/5641 5639/5639/5639 5637/5637/5637 
f 5640/5640/5640 5639/5639/5639 5642/5642/5642 
f 5643/5643/5643 5639/5639/5639 5641/5641/5641 
f 5639/5639/5639 5644/5644/5644 5642/5642/5642 
f 5644/5644/5644 5639/5639/5639 5643/5643/5643 
f 5645/5645/5645 5646/5646/5646 5647/5647/5647 
f 5646/5646/5646 5645/5645/5645 5648/5648/5648 
f 5645/5645/5645 5647/5647/5647 5649/5649/5649 
f 5650/5650/5650 5645/5645/5645 5649/5649/5649 
f 5648/5648/5648 5645/5645/5645 5651/5651/5651 
f 5652/5652/5652 5645/5645/5645 5650/5650/5650 
f 5651/5651/5651 5645/5645/5645 5653/5653/5653 
f 5653/5653/5653 5645/5645/5645 5652/5652/5652 
f 5651/5651/5651 5653/5653/5653 5654/5654/5654 
f 5654/5654/5654 5653/5653/5653 5652/5652/5652 
f 5655/5655/5655 5651/5651/5651 5654/5654/5654 
f 5655/5655/5655 5656/5656/5656 5651/5651/5651 
f 5657/5657/5657 5656/5656/5656 5655/5655/5655 
f 5655/5655/5655 5654/5654/5654 5658/5658/5658 
f 5659/5659/5659 5657/5657/5657 5655/5655/5655 
f 5659/5659/5659 5655/5655/5655 5658/5658/5658 
f 5660/5660/5660 5657/5657/5657 5659/5659/5659 
f 5661/5661/5661 5660/5660/5660 5659/5659/5659 
f 5661/5661/5661 5659/5659/5659 5658/5658/5658 
f 5662/5662/5662 5660/5660/5660 5661/5661/5661 
f 5661/5661/5661 5568/5568/5568 5662/5662/5662 
f 5568/5568/5568 5567/5567/5567 5662/5662/5662 
f 5661/5661/5661 5658/5658/5658 5663/5663/5663 
f 5568/5568/5568 5661/5661/5661 5663/5663/5663 
f 5664/5664/5664 5658/5658/5658 5654/5654/5654 
f 5652/5652/5652 5664/5664/5664 5654/5654/5654 
f 5652/5652/5652 5665/5665/5665 5664/5664/5664 
f 5665/5665/5665 5652/5652/5652 5666/5666/5666 
f 5667/5667/5667 5664/5664/5664 5665/5665/5665 
f 5658/5658/5658 5664/5664/5664 5668/5668/5668 
f 5664/5664/5664 5667/5667/5667 5668/5668/5668 
f 5668/5668/5668 5663/5663/5663 5658/5658/5658 
f 5669/5669/5669 5668/5668/5668 5667/5667/5667 
f 5668/5668/5668 5669/5669/5669 5670/5670/5670 
f 5663/5663/5663 5668/5668/5668 5670/5670/5670 
f 5575/5575/5575 5670/5670/5670 5669/5669/5669 
f 5670/5670/5670 5578/5578/5578 5663/5663/5663 
f 5568/5568/5568 5663/5663/5663 5578/5578/5578 
f 5670/5670/5670 5575/5575/5575 5577/5577/5577 
f 5578/5578/5578 5670/5670/5670 5577/5577/5577 

g Rig12

v -2.55441 5.49819 -3.31073 
v -2.5312 5.41066 -3.2608 
v -2.55474 5.49625 -3.25347 
v -2.51943 5.40877 -3.20469 
v -2.35813 5.31626 -3.31926 
v -2.54149 5.49412 -3.19032 
v -2.47624 5.49282 -3.13938 
v -2.46146 5.40761 -3.15944 
v -2.35813 5.31626 -3.31926 
v -2.39104 5.49374 -3.11119 
v -2.38576 5.40843 -3.13438 
v -2.35813 5.31626 -3.31926 
v -2.27684 5.41764 -3.11737 
v -2.35813 5.31626 -3.31926 
v -2.26846 5.50411 -3.09203 
v -2.18486 5.41886 -3.1923 
v -2.35813 5.31626 -3.31926 
v -2.16493 5.50548 -3.17637 
v -2.13688 5.50797 -3.24248 
v -2.15993 5.42107 -3.25104 
v -2.35813 5.31626 -3.31926 
v -2.15587 5.42689 -3.32896 
v -2.35813 5.31626 -3.31926 
v -2.13231 5.51452 -3.33018 
v -2.1716 5.43169 -3.39651 
v -2.35813 5.31626 -3.31926 
v -2.34692 5.52616 -3.54893 
v -2.25829 5.52833 -3.5338 
v -2.26781 5.43916 -3.50988 
v -2.34656 5.43723 -3.52332 
v -2.35813 5.31626 -3.31926 
v -2.20925 5.43643 -3.45457 
v -2.35813 5.31626 -3.31926 
v -2.19238 5.52525 -3.47155 
v -2.15001 5.51992 -3.40621 
v -2.44842 5.43722 -3.51345 
v -2.35813 5.31626 -3.31926 
v -2.46157 5.52614 -3.53782 
v -2.52516 5.51096 -3.44438 
v -2.35813 5.31626 -3.31926 
v -2.50492 5.42373 -3.43043 
v -2.35813 5.31626 -3.31926 
v -2.53091 5.41238 -3.31168 
v -2.35813 5.31626 -3.31926 
v -2.35813 5.31626 -3.31926 
v -2.64748 6.09533 -3.49001 
v -2.52416 6.05232 -3.57899 
v -2.62415 6.00166 -3.52948 
v -2.55443 6.13828 -3.53198 
v -2.43223 6.09151 -3.55466 
v -2.71753 6.06136 -3.42176 
v -2.69942 5.96159 -3.44898 
v -2.65811 6.16761 -3.43839 
v -2.75941 6.03664 -3.26073 
v -2.74442 5.93244 -3.25904 
v -2.7117 6.14162 -3.38617 
v -2.58922 6.2393 -3.27017 
v -2.72774 5.94028 -3.18898 
v -2.58693 6.20048 -3.47051 
v -2.58922 6.2393 -3.27017 
v -2.52148 6.2259 -3.45473 
v -2.58922 6.2393 -3.27017 
v -2.46888 6.1715 -3.51136 
v -2.47431 6.247 -3.40734 
v -2.58922 6.2393 -3.27017 
v -2.40722 6.19907 -3.44944 
v -2.36597 6.12403 -3.48163 
v -2.3235 6.14373 -3.3593 
v -2.3677 6.21577 -3.34573 
v -2.31044 6.15017 -3.2498 
v -2.44407 6.25978 -3.32799 
v -2.58922 6.2393 -3.27017 
v -2.43478 6.26395 -3.25696 
v -2.58922 6.2393 -3.27017 
v -2.35554 6.22123 -3.2529 
v -2.36901 6.20948 -3.17243 
v -2.32491 6.13631 -3.15488 
v -2.44508 6.25496 -3.19538 
v -2.58922 6.2393 -3.27017 
v -2.40213 6.19089 -3.10762 
v -2.3605 6.11438 -3.07844 
v -2.47041 6.24073 -3.14579 
v -2.58922 6.2393 -3.27017 
v -2.46457 6.13378 -3.0599 
v -2.4276 6.04702 -3.02215 
v -2.52662 6.01317 -2.98363 
v -2.51819 6.19704 -3.10928 
v -2.58922 6.2393 -3.27017 
v -2.55672 6.10509 -3.02724 
v -2.58868 6.17508 -3.08429 
v -2.58922 6.2393 -3.27017 
v -2.64034 6.07892 -3.08419 
v -2.65265 6.15506 -3.12786 
v -2.58922 6.2393 -3.27017 
v -2.61647 5.98231 -3.05081 
v -2.71878 6.13342 -3.16741 
v -2.58922 6.2393 -3.27017 
v -2.72678 6.05064 -3.13587 
v -2.70936 5.94895 -3.11176 
v -2.74388 6.04329 -3.20134 
v -2.73186 6.12779 -3.2175 
v -2.58922 6.2393 -3.27017 
v -2.74374 6.12271 -3.26295 
v -2.58922 6.2393 -3.27017 
v -2.58922 6.2393 -3.27017 
v -2.62415 6.00166 -3.52948 
v -2.47378 5.91506 -3.60025 
v -2.57787 5.873 -3.54578 
v -2.69942 5.96159 -3.44898 
v -2.52416 6.05232 -3.57899 
v -2.67097 5.82351 -3.45678 
v -2.43223 6.09151 -3.55466 
v -2.53351 5.73641 -3.55453 
v -2.61889 5.69894 -3.45903 
v -2.56052 5.58953 -3.45048 
v -2.36291 5.94662 -3.57266 
v -2.36597 6.12403 -3.48163 
v -2.28694 5.96548 -3.49838 
v -2.42292 5.7594 -3.59339 
v -2.31577 5.78009 -3.56967 
v -2.24013 5.79061 -3.49666 
v -2.48786 5.61399 -3.54478 
v -2.46157 5.52614 -3.53782 
v -2.52516 5.51096 -3.44438 
v -2.37857 5.62329 -3.56745 
v -2.34692 5.52616 -3.54893 
v -2.28223 5.63318 -3.54874 
v -2.21226 5.63576 -3.48201 
v -2.25829 5.52833 -3.5338 
v -2.19238 5.52525 -3.47155 
v -2.4669 5.85393 -2.99766 
v -2.52662 6.01317 -2.98363 
v -2.61647 5.98231 -3.05081 
v -2.4276 6.04702 -3.02215 
v -2.26809 5.94935 -3.0898 
v -2.3605 6.11438 -3.07844 
v -2.35015 5.90419 -3.01642 
v -2.21665 5.7721 -3.11511 
v -2.31209 5.7432 -3.03327 
v -2.18647 5.61652 -3.15086 
v -2.58739 5.8197 -3.05383 
v -2.70936 5.94895 -3.11176 
v -2.66202 5.79373 -3.10436 
v -2.62022 5.67312 -3.13017 
v -2.54571 5.68884 -3.07685 
v -2.57061 5.56895 -3.16527 
v -2.43736 5.7073 -3.02966 
v -2.5015 5.57474 -3.11334 
v -2.54149 5.49412 -3.19032 
v -2.47624 5.49282 -3.13938 
v -2.41033 5.58268 -3.07723 
v -2.39104 5.49374 -3.11119 
v -2.28663 5.60368 -3.06756 
v -2.26846 5.50411 -3.09203 
v -2.16493 5.50548 -3.17637 
v -2.36597 6.12403 -3.48163 
v -2.23685 5.9711 -3.37211 
v -2.28694 5.96548 -3.49838 
v -2.3235 6.14373 -3.3593 
v -2.19073 5.79187 -3.38974 
v -2.24013 5.79061 -3.49666 
v -2.21743 5.97243 -3.25765 
v -2.31044 6.15017 -3.2498 
v -2.21226 5.63576 -3.48201 
v -2.32491 6.13631 -3.15488 
v -2.17103 5.79041 -3.28569 
v -2.16696 5.63318 -3.39935 
v -2.19238 5.52525 -3.47155 
v -2.15001 5.51992 -3.40621 
v -2.13231 5.51452 -3.33018 
v -2.14844 5.62942 -3.31165 
v -2.13688 5.50797 -3.24248 
v -2.15587 5.62261 -3.22069 
v -2.16493 5.50548 -3.17637 
v -2.18647 5.61652 -3.15086 
v -2.18249 5.78324 -3.19014 
v -2.21665 5.7721 -3.11511 
v -2.26809 5.94935 -3.0898 
v -2.2326 5.96544 -3.16468 
v -2.3605 6.11438 -3.07844 
v -2.67097 5.82351 -3.45678 
v -2.74442 5.93244 -3.25904 
v -2.69942 5.96159 -3.44898 
v -2.70843 5.78518 -3.27086 
v -2.61889 5.69894 -3.45903 
v -2.68636 5.78925 -3.19168 
v -2.72774 5.94028 -3.18898 
v -2.66202 5.79373 -3.10436 
v -2.70936 5.94895 -3.11176 
v -2.62022 5.67312 -3.13017 
v -2.63836 5.67122 -3.21173 
v -2.57061 5.56895 -3.16527 
v -2.6548 5.66949 -3.2857 
v -2.56052 5.58953 -3.45048 
v -2.58212 5.5694 -3.23609 
v -2.54149 5.49412 -3.19032 
v -2.55474 5.49625 -3.25347 
v -2.59255 5.56981 -3.30031 
v -2.55441 5.49819 -3.31073 
v -2.52516 5.51096 -3.44438 

vn -0.96063 -0.259843 -0.125984 
vn -0.787402 -0.614173 0.0629921 
vn -0.96063 -0.267717 0.0866142 
vn -0.677165 -0.614173 0.409449 
vn -0.377953 -0.905512 0.204724 
vn -0.818898 -0.291339 0.496063 
vn -0.456693 -0.275591 0.84252 
vn -0.370079 -0.622047 0.685039 
vn -0.204724 -0.897638 0.385827 
vn -0.212598 -0.267717 0.937008 
vn -0.149606 -0.629921 0.755906 
vn -0.0708661 -0.897638 0.440945 
vn 0.228346 -0.606299 0.76378 
vn 0.141732 -0.905512 0.401575 
vn 0.275591 -0.291339 0.913386 
vn 0.637795 -0.622047 0.456693 
vn 0.354331 -0.897638 0.244094 
vn 0.771654 -0.283465 0.566929 
vn 0.944882 -0.267717 0.19685 
vn 0.771654 -0.614173 0.149606 
vn 0.456693 -0.889764 0.0472441 
vn 0.795276 -0.598425 -0.110236 
vn 0.472441 -0.874016 -0.102362 
vn 0.96063 -0.259843 -0.110236 
vn 0.732283 -0.590551 -0.346457 
vn 0.433071 -0.866142 -0.251969 
vn 0.0393701 -0.275591 -0.96063 
vn 0.425197 -0.275591 -0.866142 
vn 0.362205 -0.574803 -0.732283 
vn 0.0393701 -0.598425 -0.80315 
vn 0.0314961 -0.858268 -0.511811 
vn 0.606299 -0.582677 -0.543307 
vn 0.220472 -0.866142 -0.456693 
vn 0.732283 -0.259843 -0.629921 
vn 0.88189 -0.259843 -0.401575 
vn -0.385827 -0.574803 -0.724409 
vn -0.212598 -0.866142 -0.448819 
vn -0.448819 -0.299213 -0.84252 
vn -0.866142 -0.267717 -0.425197 
vn 0.370079 -0.858268 -0.362205 
vn -0.708661 -0.590551 -0.377953 
vn -0.433071 -0.858268 -0.267717 
vn -0.787402 -0.598425 -0.125984 
vn -0.488189 -0.866142 -0.11811 
vn -0.480315 -0.874016 0.015748 
vn -0.637795 0.267717 -0.724409 
vn -0.259843 0.377953 -0.889764 
vn -0.629921 0.165354 -0.76378 
vn -0.275591 0.480315 -0.834646 
vn 0.212598 0.535433 -0.818898 
vn -0.88189 0.102362 -0.456693 
vn -0.874016 -0.023622 -0.488189 
vn -0.622047 0.637795 -0.456693 
vn -1 0.015748 0 
vn -0.992126 -0.125984 0.00787402 
vn -0.795276 0.527559 -0.291339 
vn -0.503937 0.850394 -0.15748 
vn -0.96063 -0.11811 0.251969 
vn -0.377953 0.755906 -0.535433 
vn -0.401575 0.897638 -0.181102 
vn -0.0944882 0.874016 -0.472441 
vn -0.283465 0.944882 -0.173228 
vn 0.181102 0.645669 -0.740157 
vn 0.0866142 0.944882 -0.314961 
vn -0.212598 0.968504 -0.125984 
vn 0.496063 0.708661 -0.496063 
vn 0.590551 0.574803 -0.566929 
vn 0.795276 0.543307 -0.259843 
vn 0.653543 0.724409 -0.23622 
vn 0.84252 0.543307 0.0472441 
vn 0.173228 0.976378 -0.149606 
vn -0.165354 0.984252 -0.0629921 
vn 0.188976 0.984252 0.0472441 
vn -0.15748 0.984252 0.0393701 
vn 0.685039 0.732283 0.0393701 
vn 0.614173 0.708661 0.338583 
vn 0.748031 0.543307 0.370079 
vn 0.149606 0.96063 0.251969 
vn -0.181102 0.976378 0.141732 
vn 0.370079 0.653543 0.661417 
vn 0.433071 0.519685 0.740157 
vn -0.0393701 0.866142 0.496063 
vn -0.307087 0.905512 0.283465 
vn 0.141732 0.543307 0.826772 
vn 0.19685 0.464567 0.866142 
vn -0.228346 0.338583 0.913386 
vn -0.110236 0.779528 0.614173 
vn -0.322835 0.874016 0.370079 
vn -0.251969 0.425197 0.866142 
vn -0.338583 0.692913 0.637795 
vn -0.322835 0.897638 0.307087 
vn -0.582677 0.23622 0.779528 
vn -0.551181 0.629921 0.551181 
vn -0.456693 0.84252 0.291339 
vn -0.582677 0.133858 0.80315 
vn -0.740157 0.543307 0.401575 
vn -0.527559 0.826772 0.188976 
vn -0.826772 0.125984 0.551181 
vn -0.811024 0.00787402 0.590551 
vn -0.968504 0.0314961 0.244094 
vn -0.834646 0.527559 0.15748 
vn -0.598425 0.795276 0.0629921 
vn -0.874016 0.480315 0.00787402 
vn -0.598425 0.795276 0.015748 
vn -0.574803 0.818898 -0.0866142 
vn -0.559055 -0.0787402 -0.826772 
vn -0.102362 0.0314961 -0.992126 
vn -0.535433 -0.11811 -0.834646 
vn -0.834646 -0.165354 -0.527559 
vn -0.125984 0.0944882 -0.984252 
vn -0.826772 -0.23622 -0.503937 
vn 0.401575 0.299213 -0.866142 
vn -0.496063 -0.220472 -0.84252 
vn -0.787402 -0.362205 -0.496063 
vn -0.795276 -0.401575 -0.448819 
vn 0.440945 0.212598 -0.874016 
vn 0.732283 0.417323 -0.535433 
vn 0.76378 0.322835 -0.559055 
vn -0.0393701 -0.102362 -0.992126 
vn 0.464567 0.0472441 -0.88189 
vn 0.795276 0.15748 -0.582677 
vn -0.464567 -0.275591 -0.84252 
vn -0.440945 -0.259843 -0.858268 
vn -0.818898 -0.377953 -0.425197 
vn 0.00787402 -0.149606 -0.992126 
vn 0.0551181 -0.141732 -0.992126 
vn 0.464567 -0.023622 -0.88189 
vn 0.787402 0.0944882 -0.606299 
vn 0.496063 -0.015748 -0.866142 
vn 0.795276 0.102362 -0.598425 
vn -0.102362 -0.125984 0.984252 
vn -0.125984 -0.0551181 0.992126 
vn -0.488189 -0.149606 0.858268 
vn 0.377953 0.181102 0.905512 
vn 0.724409 0.244094 0.637795 
vn 0.677165 0.346457 0.653543 
vn 0.409449 0.0787402 0.913386 
vn 0.787402 0.0708661 0.614173 
vn 0.385827 -0.102362 0.913386 
vn 0.795276 0.00787402 0.598425 
vn -0.456693 -0.212598 0.866142 
vn -0.779528 -0.204724 0.598425 
vn -0.748031 -0.291339 0.598425 
vn -0.724409 -0.433071 0.535433 
vn -0.409449 -0.362205 0.84252 
vn -0.732283 -0.472441 0.488189 
vn -0.125984 -0.275591 0.952756 
vn -0.409449 -0.417323 0.811024 
vn -0.771654 -0.433071 0.464567 
vn -0.417323 -0.409449 0.811024 
vn -0.15748 -0.346457 0.92126 
vn -0.181102 -0.346457 0.92126 
vn 0.338583 -0.188976 0.92126 
vn 0.346457 -0.188976 0.92126 
vn 0.818898 0.023622 0.566929 
vn 0.732283 0.417323 -0.535433 
vn 0.897638 0.354331 -0.259843 
vn 0.76378 0.322835 -0.559055 
vn 0.858268 0.456693 -0.244094 
vn 0.929134 0.204724 -0.299213 
vn 0.795276 0.15748 -0.582677 
vn 0.937008 0.354331 0.015748 
vn 0.889764 0.464567 0.023622 
vn 0.787402 0.0944882 -0.606299 
vn 0.834646 0.433071 0.330709 
vn 0.976378 0.19685 -0.023622 
vn 0.929134 0.149606 -0.338583 
vn 0.795276 0.102362 -0.598425 
vn 0.92126 0.149606 -0.346457 
vn 0.984252 0.149606 -0.0708661 
vn 0.984252 0.149606 -0.0551181 
vn 0.968504 0.110236 0.220472 
vn 0.96063 0.110236 0.251969 
vn 0.818898 0.023622 0.566929 
vn 0.795276 0.00787402 0.598425 
vn 0.944882 0.15748 0.283465 
vn 0.787402 0.0708661 0.614173 
vn 0.724409 0.244094 0.637795 
vn 0.889764 0.322835 0.322835 
vn 0.677165 0.346457 0.653543 
vn -0.826772 -0.23622 -0.503937 
vn -0.968504 -0.23622 0.015748 
vn -0.834646 -0.165354 -0.527559 
vn -0.944882 -0.322835 0 
vn -0.787402 -0.362205 -0.496063 
vn -0.913386 -0.330709 0.251969 
vn -0.929134 -0.259843 0.259843 
vn -0.748031 -0.291339 0.598425 
vn -0.779528 -0.204724 0.598425 
vn -0.724409 -0.433071 0.535433 
vn -0.866142 -0.456693 0.204724 
vn -0.732283 -0.472441 0.488189 
vn -0.889764 -0.464567 -0.023622 
vn -0.795276 -0.401575 -0.448819 
vn -0.874016 -0.456693 0.141732 
vn -0.771654 -0.433071 0.464567 
vn -0.905512 -0.409449 0.110236 
vn -0.88189 -0.472441 -0.0629921 
vn -0.897638 -0.425197 -0.0944882 
vn -0.818898 -0.377953 -0.425197 

vt 0.787706 0.637725 
vt 0.783283 0.62981 
vt 0.787705 0.624071 
vt 0.778783 0.629243 
vt 0.771999 0.648281 
vt 0.779772 0.624071 
vt 0.773453 0.624071 
vt 0.773168 0.629077 
vt 0.771865 0.648372 
vt 0.766592 0.624071 
vt 0.767072 0.629248 
vt 0.771865 0.648372 
vt 0.757739 0.630145 
vt 0.771865 0.648372 
vt 0.753721 0.624071 
vt 0.756665 0.645418 
vt 0.771865 0.648372 
vt 0.753721 0.645561 
vt 0.753721 0.654322 
vt 0.756792 0.653202 
vt 0.771865 0.648372 
vt 0.757558 0.667536 
vt 0.771865 0.648372 
vt 0.753721 0.678816 
vt 0.761917 0.671724 
vt 0.771865 0.648372 
vt 0.779462 0.678904 
vt 0.77284 0.678904 
vt 0.772624 0.671725 
vt 0.778507 0.671724 
vt 0.771865 0.648372 
vt 0.766604 0.671724 
vt 0.771865 0.648372 
vt 0.766065 0.678904 
vt 0.76079 0.678904 
vt 0.784123 0.667877 
vt 0.771865 0.648372 
vt 0.787706 0.678903 
vt 0.787706 0.65393 
vt 0.771865 0.648372 
vt 0.784328 0.652854 
vt 0.771865 0.648372 
vt 0.783721 0.638455 
vt 0.771999 0.648281 
vt 0.771999 0.648281 
vt 0.734298 0.630014 
vt 0.726521 0.624041 
vt 0.735111 0.624041 
vt 0.727168 0.629014 
vt 0.714527 0.624041 
vt 0.744309 0.632567 
vt 0.748413 0.624042 
vt 0.733099 0.637911 
vt 0.744838 0.648438 
vt 0.748413 0.648685 
vt 0.737035 0.640818 
vt 0.730146 0.650984 
vt 0.748413 0.655491 
vt 0.72835 0.636772 
vt 0.730146 0.650984 
vt 0.724628 0.639038 
vt 0.730146 0.650984 
vt 0.718591 0.631004 
vt 0.722313 0.643304 
vt 0.730146 0.650984 
vt 0.718243 0.639465 
vt 0.714527 0.636292 
vt 0.714527 0.648461 
vt 0.71811 0.648946 
vt 0.714527 0.65882 
vt 0.721428 0.64962 
vt 0.730108 0.650959 
vt 0.721704 0.654971 
vt 0.730108 0.650959 
vt 0.718152 0.656978 
vt 0.718371 0.671343 
vt 0.714527 0.678566 
vt 0.723162 0.659298 
vt 0.730146 0.650984 
vt 0.722681 0.672216 
vt 0.721749 0.678625 
vt 0.725362 0.662665 
vt 0.730146 0.650984 
vt 0.728449 0.672724 
vt 0.728785 0.678626 
vt 0.736681 0.678626 
vt 0.729204 0.663612 
vt 0.730146 0.650984 
vt 0.735038 0.672896 
vt 0.733592 0.663933 
vt 0.730146 0.650984 
vt 0.744272 0.671728 
vt 0.736788 0.661754 
vt 0.730146 0.650984 
vt 0.748413 0.678615 
vt 0.740179 0.656692 
vt 0.730146 0.650984 
vt 0.744781 0.659561 
vt 0.748413 0.662992 
vt 0.744811 0.653729 
vt 0.740377 0.652807 
vt 0.730146 0.650984 
vt 0.740556 0.649283 
vt 0.730146 0.650984 
vt 0.730146 0.650984 
vt 0.836104 0.771715 
vt 0.819854 0.74933 
vt 0.836104 0.74933 
vt 0.853948 0.771715 
vt 0.819854 0.771715 
vt 0.853948 0.74933 
vt 0.802295 0.771715 
vt 0.836104 0.726208 
vt 0.853948 0.726208 
vt 0.853948 0.703077 
vt 0.802295 0.74933 
vt 0.783956 0.771715 
vt 0.783956 0.74933 
vt 0.819854 0.726208 
vt 0.802295 0.726208 
vt 0.783956 0.726208 
vt 0.836104 0.703077 
vt 0.836104 0.688099 
vt 0.853948 0.688099 
vt 0.819854 0.703077 
vt 0.819854 0.688099 
vt 0.802295 0.703077 
vt 0.783956 0.703077 
vt 0.802295 0.688099 
vt 0.783956 0.688099 
vt 0.959243 0.74933 
vt 0.959246 0.771715 
vt 0.939882 0.771715 
vt 0.97549 0.771715 
vt 0.993242 0.74933 
vt 0.993242 0.771715 
vt 0.97549 0.74933 
vt 0.993242 0.726208 
vt 0.97549 0.726208 
vt 0.993242 0.703077 
vt 0.939882 0.74933 
vt 0.923674 0.771715 
vt 0.923674 0.74933 
vt 0.923674 0.726208 
vt 0.939882 0.726208 
vt 0.923674 0.703077 
vt 0.959249 0.726208 
vt 0.939882 0.703077 
vt 0.923674 0.688099 
vt 0.939882 0.688099 
vt 0.959254 0.703077 
vt 0.959257 0.688099 
vt 0.97549 0.703077 
vt 0.97549 0.688099 
vt 0.993242 0.688099 
vt 0.783956 0.771715 
vt 0.768423 0.74933 
vt 0.783956 0.74933 
vt 0.768423 0.771715 
vt 0.768423 0.726208 
vt 0.783956 0.726208 
vt 0.750712 0.74933 
vt 0.750712 0.771715 
vt 0.783956 0.703077 
vt 0.731729 0.771715 
vt 0.750712 0.726208 
vt 0.768423 0.703077 
vt 0.783956 0.688099 
vt 0.768423 0.688099 
vt 0.750712 0.688099 
vt 0.750712 0.703077 
vt 0.731729 0.688099 
vt 0.731729 0.703077 
vt 0.714346 0.688099 
vt 0.714346 0.703077 
vt 0.731729 0.726208 
vt 0.714346 0.726208 
vt 0.714346 0.74933 
vt 0.731729 0.74933 
vt 0.714346 0.771715 
vt 0.853947 0.74933 
vt 0.895869 0.771715 
vt 0.853947 0.771715 
vt 0.895869 0.74933 
vt 0.853947 0.726208 
vt 0.907555 0.74933 
vt 0.907555 0.771715 
vt 0.923644 0.74933 
vt 0.923644 0.771715 
vt 0.923644 0.726208 
vt 0.907555 0.726208 
vt 0.923644 0.703077 
vt 0.895869 0.726208 
vt 0.853947 0.703077 
vt 0.907555 0.703077 
vt 0.923644 0.688099 
vt 0.907555 0.688099 
vt 0.895869 0.703077 
vt 0.895869 0.688099 
vt 0.853947 0.688099 

usemtl Rig1Mtl

f 5671/5671/5671 5672/5672/5672 5673/5673/5673 
f 5673/5673/5673 5672/5672/5672 5674/5674/5674 
f 5674/5674/5674 5672/5672/5672 5675/5675/5675 
f 5673/5673/5673 5674/5674/5674 5676/5676/5676 
f 5674/5674/5674 5677/5677/5677 5676/5676/5676 
f 5678/5678/5678 5677/5677/5677 5674/5674/5674 
f 5678/5678/5678 5674/5674/5674 5679/5679/5679 
f 5678/5678/5678 5680/5680/5680 5677/5677/5677 
f 5681/5681/5681 5680/5680/5680 5678/5678/5678 
f 5681/5681/5681 5678/5678/5678 5682/5682/5682 
f 5683/5683/5683 5680/5680/5680 5681/5681/5681 
f 5681/5681/5681 5684/5684/5684 5683/5683/5683 
f 5680/5680/5680 5683/5683/5683 5685/5685/5685 
f 5686/5686/5686 5685/5685/5685 5683/5683/5683 
f 5686/5686/5686 5683/5683/5683 5687/5687/5687 
f 5685/5685/5685 5686/5686/5686 5688/5688/5688 
f 5686/5686/5686 5689/5689/5689 5688/5688/5688 
f 5689/5689/5689 5686/5686/5686 5690/5690/5690 
f 5690/5690/5690 5686/5686/5686 5691/5691/5691 
f 5692/5692/5692 5689/5689/5689 5690/5690/5690 
f 5692/5692/5692 5690/5690/5690 5693/5693/5693 
f 5689/5689/5689 5692/5692/5692 5694/5694/5694 
f 5695/5695/5695 5694/5694/5694 5692/5692/5692 
f 5695/5695/5695 5692/5692/5692 5696/5696/5696 
f 5697/5697/5697 5698/5698/5698 5699/5699/5699 
f 5697/5697/5697 5699/5699/5699 5700/5700/5700 
f 5700/5700/5700 5699/5699/5699 5701/5701/5701 
f 5698/5698/5698 5702/5702/5702 5699/5699/5699 
f 5702/5702/5702 5703/5703/5703 5699/5699/5699 
f 5702/5702/5702 5698/5698/5698 5704/5704/5704 
f 5702/5702/5702 5704/5704/5704 5705/5705/5705 
f 5697/5697/5697 5700/5700/5700 5706/5706/5706 
f 5700/5700/5700 5707/5707/5707 5706/5706/5706 
f 5708/5708/5708 5697/5697/5697 5706/5706/5706 
f 5708/5708/5708 5706/5706/5706 5709/5709/5709 
f 5702/5702/5702 5705/5705/5705 5695/5695/5695 
f 5702/5702/5702 5695/5695/5695 5710/5710/5710 
f 5695/5695/5695 5705/5705/5705 5694/5694/5694 
f 5706/5706/5706 5711/5711/5711 5709/5709/5709 
f 5711/5711/5711 5706/5706/5706 5712/5712/5712 
f 5709/5709/5709 5711/5711/5711 5671/5671/5671 
f 5711/5711/5711 5713/5713/5713 5671/5671/5671 
f 5713/5713/5713 5711/5711/5711 5714/5714/5714 
f 5671/5671/5671 5713/5713/5713 5672/5672/5672 
f 5672/5672/5672 5713/5713/5713 5715/5715/5715 
f 5716/5716/5716 5717/5717/5717 5718/5718/5718 
f 5717/5717/5717 5716/5716/5716 5719/5719/5719 
f 5717/5717/5717 5719/5719/5719 5720/5720/5720 
f 5718/5718/5718 5721/5721/5721 5716/5716/5716 
f 5721/5721/5721 5718/5718/5718 5722/5722/5722 
f 5721/5721/5721 5723/5723/5723 5716/5716/5716 
f 5723/5723/5723 5719/5719/5719 5716/5716/5716 
f 5722/5722/5722 5724/5724/5724 5721/5721/5721 
f 5724/5724/5724 5722/5722/5722 5725/5725/5725 
f 5723/5723/5723 5721/5721/5721 5726/5726/5726 
f 5724/5724/5724 5726/5726/5726 5721/5721/5721 
f 5723/5723/5723 5726/5726/5726 5727/5727/5727 
f 5724/5724/5724 5725/5725/5725 5728/5728/5728 
f 5719/5719/5719 5723/5723/5723 5729/5729/5729 
f 5729/5729/5729 5723/5723/5723 5730/5730/5730 
f 5731/5731/5731 5719/5719/5719 5729/5729/5729 
f 5731/5731/5731 5729/5729/5729 5732/5732/5732 
f 5719/5719/5719 5731/5731/5731 5733/5733/5733 
f 5719/5719/5719 5733/5733/5733 5720/5720/5720 
f 5734/5734/5734 5733/5733/5733 5731/5731/5731 
f 5734/5734/5734 5731/5731/5731 5735/5735/5735 
f 5736/5736/5736 5720/5720/5720 5733/5733/5733 
f 5733/5733/5733 5734/5734/5734 5736/5736/5736 
f 5720/5720/5720 5736/5736/5736 5737/5737/5737 
f 5737/5737/5737 5736/5736/5736 5738/5738/5738 
f 5736/5736/5736 5739/5739/5739 5738/5738/5738 
f 5734/5734/5734 5739/5739/5739 5736/5736/5736 
f 5738/5738/5738 5739/5739/5739 5740/5740/5740 
f 5739/5739/5739 5734/5734/5734 5741/5741/5741 
f 5741/5741/5741 5734/5734/5734 5742/5742/5742 
f 5743/5743/5743 5739/5739/5739 5741/5741/5741 
f 5743/5743/5743 5741/5741/5741 5744/5744/5744 
f 5739/5739/5739 5745/5745/5745 5740/5740/5740 
f 5739/5739/5739 5743/5743/5743 5745/5745/5745 
f 5745/5745/5745 5746/5746/5746 5740/5740/5740 
f 5740/5740/5740 5746/5746/5746 5747/5747/5747 
f 5743/5743/5743 5748/5748/5748 5745/5745/5745 
f 5745/5745/5745 5748/5748/5748 5746/5746/5746 
f 5748/5748/5748 5743/5743/5743 5749/5749/5749 
f 5746/5746/5746 5750/5750/5750 5747/5747/5747 
f 5748/5748/5748 5750/5750/5750 5746/5746/5746 
f 5747/5747/5747 5750/5750/5750 5751/5751/5751 
f 5750/5750/5750 5748/5748/5748 5752/5752/5752 
f 5752/5752/5752 5748/5748/5748 5753/5753/5753 
f 5750/5750/5750 5754/5754/5754 5751/5751/5751 
f 5752/5752/5752 5754/5754/5754 5750/5750/5750 
f 5751/5751/5751 5754/5754/5754 5755/5755/5755 
f 5754/5754/5754 5756/5756/5756 5755/5755/5755 
f 5754/5754/5754 5752/5752/5752 5757/5757/5757 
f 5757/5757/5757 5752/5752/5752 5758/5758/5758 
f 5756/5756/5756 5754/5754/5754 5759/5759/5759 
f 5757/5757/5757 5759/5759/5759 5754/5754/5754 
f 5759/5759/5759 5757/5757/5757 5760/5760/5760 
f 5760/5760/5760 5757/5757/5757 5761/5761/5761 
f 5762/5762/5762 5756/5756/5756 5759/5759/5759 
f 5763/5763/5763 5759/5759/5759 5760/5760/5760 
f 5759/5759/5759 5763/5763/5763 5762/5762/5762 
f 5763/5763/5763 5760/5760/5760 5764/5764/5764 
f 5756/5756/5756 5762/5762/5762 5765/5765/5765 
f 5762/5762/5762 5763/5763/5763 5766/5766/5766 
f 5766/5766/5766 5763/5763/5763 5767/5767/5767 
f 5765/5765/5765 5762/5762/5762 5768/5768/5768 
f 5768/5768/5768 5762/5762/5762 5766/5766/5766 
f 5765/5765/5765 5768/5768/5768 5769/5769/5769 
f 5768/5768/5768 5728/5728/5728 5769/5769/5769 
f 5728/5728/5728 5768/5768/5768 5770/5770/5770 
f 5768/5768/5768 5766/5766/5766 5770/5770/5770 
f 5724/5724/5724 5728/5728/5728 5770/5770/5770 
f 5771/5771/5771 5770/5770/5770 5766/5766/5766 
f 5771/5771/5771 5766/5766/5766 5772/5772/5772 
f 5773/5773/5773 5724/5724/5724 5770/5770/5770 
f 5773/5773/5773 5770/5770/5770 5771/5771/5771 
f 5773/5773/5773 5771/5771/5771 5774/5774/5774 
f 5726/5726/5726 5724/5724/5724 5773/5773/5773 
f 5726/5726/5726 5773/5773/5773 5775/5775/5775 
f 5776/5776/5776 5777/5777/5777 5778/5778/5778 
f 5778/5778/5778 5779/5779/5779 5776/5776/5776 
f 5777/5777/5777 5776/5776/5776 5780/5780/5780 
f 5779/5779/5779 5778/5778/5778 5781/5781/5781 
f 5782/5782/5782 5777/5777/5777 5780/5780/5780 
f 5783/5783/5783 5781/5781/5781 5778/5778/5778 
f 5777/5777/5777 5783/5783/5783 5778/5778/5778 
f 5781/5781/5781 5783/5783/5783 5784/5784/5784 
f 5783/5783/5783 5785/5785/5785 5784/5784/5784 
f 5777/5777/5777 5782/5782/5782 5786/5786/5786 
f 5787/5787/5787 5786/5786/5786 5782/5782/5782 
f 5786/5786/5786 5787/5787/5787 5788/5788/5788 
f 5786/5786/5786 5789/5789/5789 5777/5777/5777 
f 5783/5783/5783 5777/5777/5777 5789/5789/5789 
f 5788/5788/5788 5790/5790/5790 5786/5786/5786 
f 5789/5789/5789 5786/5786/5786 5790/5790/5790 
f 5790/5790/5790 5788/5788/5788 5791/5791/5791 
f 5789/5789/5789 5792/5792/5792 5783/5783/5783 
f 5785/5785/5785 5783/5783/5783 5792/5792/5792 
f 5793/5793/5793 5785/5785/5785 5792/5792/5792 
f 5785/5785/5785 5793/5793/5793 5794/5794/5794 
f 5792/5792/5792 5789/5789/5789 5795/5795/5795 
f 5795/5795/5795 5793/5793/5793 5792/5792/5792 
f 5790/5790/5790 5795/5795/5795 5789/5789/5789 
f 5793/5793/5793 5795/5795/5795 5796/5796/5796 
f 5791/5791/5791 5797/5797/5797 5790/5790/5790 
f 5795/5795/5795 5790/5790/5790 5797/5797/5797 
f 5797/5797/5797 5796/5796/5796 5795/5795/5795 
f 5797/5797/5797 5791/5791/5791 5798/5798/5798 
f 5796/5796/5796 5797/5797/5797 5799/5799/5799 
f 5798/5798/5798 5799/5799/5799 5797/5797/5797 
f 5799/5799/5799 5798/5798/5798 5800/5800/5800 
f 5801/5801/5801 5802/5802/5802 5803/5803/5803 
f 5801/5801/5801 5804/5804/5804 5802/5802/5802 
f 5805/5805/5805 5806/5806/5806 5804/5804/5804 
f 5805/5805/5805 5804/5804/5804 5807/5807/5807 
f 5804/5804/5804 5801/5801/5801 5807/5807/5807 
f 5807/5807/5807 5808/5808/5808 5805/5805/5805 
f 5808/5808/5808 5807/5807/5807 5809/5809/5809 
f 5801/5801/5801 5809/5809/5809 5807/5807/5807 
f 5809/5809/5809 5810/5810/5810 5808/5808/5808 
f 5801/5801/5801 5803/5803/5803 5811/5811/5811 
f 5811/5811/5811 5803/5803/5803 5812/5812/5812 
f 5811/5811/5811 5812/5812/5812 5813/5813/5813 
f 5814/5814/5814 5811/5811/5811 5813/5813/5813 
f 5811/5811/5811 5814/5814/5814 5815/5815/5815 
f 5815/5815/5815 5801/5801/5801 5811/5811/5811 
f 5816/5816/5816 5815/5815/5815 5814/5814/5814 
f 5809/5809/5809 5801/5801/5801 5817/5817/5817 
f 5801/5801/5801 5815/5815/5815 5817/5817/5817 
f 5815/5815/5815 5816/5816/5816 5818/5818/5818 
f 5818/5818/5818 5817/5817/5817 5815/5815/5815 
f 5819/5819/5819 5818/5818/5818 5816/5816/5816 
f 5820/5820/5820 5818/5818/5818 5819/5819/5819 
f 5820/5820/5820 5821/5821/5821 5818/5818/5818 
f 5817/5817/5817 5818/5818/5818 5821/5821/5821 
f 5822/5822/5822 5821/5821/5821 5820/5820/5820 
f 5817/5817/5817 5823/5823/5823 5809/5809/5809 
f 5823/5823/5823 5817/5817/5817 5821/5821/5821 
f 5822/5822/5822 5823/5823/5823 5821/5821/5821 
f 5810/5810/5810 5809/5809/5809 5823/5823/5823 
f 5823/5823/5823 5822/5822/5822 5824/5824/5824 
f 5824/5824/5824 5810/5810/5810 5823/5823/5823 
f 5825/5825/5825 5810/5810/5810 5824/5824/5824 
f 5826/5826/5826 5827/5827/5827 5828/5828/5828 
f 5827/5827/5827 5826/5826/5826 5829/5829/5829 
f 5830/5830/5830 5828/5828/5828 5827/5827/5827 
f 5828/5828/5828 5830/5830/5830 5831/5831/5831 
f 5829/5829/5829 5832/5832/5832 5827/5827/5827 
f 5832/5832/5832 5829/5829/5829 5833/5833/5833 
f 5830/5830/5830 5834/5834/5834 5831/5831/5831 
f 5835/5835/5835 5832/5832/5832 5833/5833/5833 
f 5827/5827/5827 5836/5836/5836 5830/5830/5830 
f 5836/5836/5836 5827/5827/5827 5832/5832/5832 
f 5834/5834/5834 5830/5830/5830 5837/5837/5837 
f 5837/5837/5837 5838/5838/5838 5834/5834/5834 
f 5838/5838/5838 5837/5837/5837 5839/5839/5839 
f 5837/5837/5837 5840/5840/5840 5839/5839/5839 
f 5830/5830/5830 5841/5841/5841 5837/5837/5837 
f 5840/5840/5840 5837/5837/5837 5841/5841/5841 
f 5841/5841/5841 5830/5830/5830 5836/5836/5836 
f 5841/5841/5841 5842/5842/5842 5840/5840/5840 
f 5842/5842/5842 5841/5841/5841 5843/5843/5843 
f 5836/5836/5836 5843/5843/5843 5841/5841/5841 
f 5843/5843/5843 5844/5844/5844 5842/5842/5842 
f 5844/5844/5844 5843/5843/5843 5845/5845/5845 
f 5843/5843/5843 5836/5836/5836 5846/5846/5846 
f 5846/5846/5846 5845/5845/5845 5843/5843/5843 
f 5832/5832/5832 5846/5846/5846 5836/5836/5836 
f 5845/5845/5845 5846/5846/5846 5847/5847/5847 
f 5846/5846/5846 5848/5848/5848 5847/5847/5847 
f 5846/5846/5846 5832/5832/5832 5849/5849/5849 
f 5848/5848/5848 5846/5846/5846 5849/5849/5849 
f 5832/5832/5832 5835/5835/5835 5849/5849/5849 
f 5849/5849/5849 5850/5850/5850 5848/5848/5848 
f 5850/5850/5850 5849/5849/5849 5835/5835/5835 
f 5851/5851/5851 5852/5852/5852 5853/5853/5853 
f 5852/5852/5852 5851/5851/5851 5854/5854/5854 
f 5854/5854/5854 5851/5851/5851 5855/5855/5855 
f 5852/5852/5852 5854/5854/5854 5856/5856/5856 
f 5852/5852/5852 5856/5856/5856 5857/5857/5857 
f 5857/5857/5857 5856/5856/5856 5858/5858/5858 
f 5857/5857/5857 5858/5858/5858 5859/5859/5859 
f 5856/5856/5856 5860/5860/5860 5858/5858/5858 
f 5856/5856/5856 5861/5861/5861 5860/5860/5860 
f 5854/5854/5854 5861/5861/5861 5856/5856/5856 
f 5861/5861/5861 5862/5862/5862 5860/5860/5860 
f 5855/5855/5855 5863/5863/5863 5854/5854/5854 
f 5861/5861/5861 5854/5854/5854 5863/5863/5863 
f 5863/5863/5863 5855/5855/5855 5864/5864/5864 
f 5861/5861/5861 5865/5865/5865 5862/5862/5862 
f 5863/5863/5863 5865/5865/5865 5861/5861/5861 
f 5865/5865/5865 5866/5866/5866 5862/5862/5862 
f 5867/5867/5867 5866/5866/5866 5865/5865/5865 
f 5865/5865/5865 5863/5863/5863 5868/5868/5868 
f 5868/5868/5868 5867/5867/5867 5865/5865/5865 
f 5864/5864/5864 5868/5868/5868 5863/5863/5863 
f 5867/5867/5867 5868/5868/5868 5869/5869/5869 
f 5868/5868/5868 5864/5864/5864 5870/5870/5870 
f 5870/5870/5870 5869/5869/5869 5868/5868/5868 

g Rig13

v -2.3605 6.11438 -3.07844 
v -2.29916 6.06586 -3.16321 
v -2.32491 6.13631 -3.15488 
v -2.27844 5.96783 -3.25535 
v -2.29162 5.9576 -3.17529 
v -2.41406 5.8132 -3.27017 
v -2.33427 6.04422 -3.089 
v -2.4276 6.04702 -3.02215 
v -2.323 5.9425 -3.11082 
v -2.41406 5.8132 -3.27017 
v -2.40048 5.97776 -3.03437 
v -2.38439 5.8925 -3.06335 
v -2.41406 5.8132 -3.27017 
v -2.46933 5.87302 -3.03086 
v -2.41406 5.8132 -3.27017 
v -2.49818 5.94436 -2.99697 
v -2.52662 6.01317 -2.98363 
v -2.54641 5.85521 -3.08751 
v -2.41406 5.8132 -3.27017 
v -2.58684 5.91391 -3.06218 
v -2.61647 5.98231 -3.05081 
v -2.62623 5.8356 -3.13892 
v -2.41406 5.8132 -3.27017 
v -2.67849 5.88099 -3.12135 
v -2.70936 5.94895 -3.11176 
v -2.72774 5.94028 -3.18898 
v -2.69663 5.87244 -3.1963 
v -2.6422 5.83001 -3.20405 
v -2.41406 5.8132 -3.27017 
v -2.6567 5.82495 -3.26313 
v -2.41406 5.8132 -3.27017 
v -2.62415 6.00166 -3.52948 
v -2.49575 5.98299 -3.57489 
v -2.59441 5.933 -3.52683 
v -2.69942 5.96159 -3.44898 
v -2.52416 6.05232 -3.57899 
v -2.66868 5.89347 -3.44868 
v -2.74442 5.93244 -3.25904 
v -2.71308 5.8647 -3.26431 
v -2.61691 5.84521 -3.42333 
v -2.41406 5.8132 -3.27017 
v -2.5511 5.8719 -3.49123 
v -2.41406 5.8132 -3.27017 
v -2.46391 5.90523 -3.53298 
v -2.41406 5.8132 -3.27017 
v -2.38438 5.92975 -3.51246 
v -2.41406 5.8132 -3.27017 
v -2.40505 6.02166 -3.55127 
v -2.43223 6.09151 -3.55466 
v -2.32669 5.95097 -3.45086 
v -2.41406 5.8132 -3.27017 
v -2.33967 6.05374 -3.48038 
v -2.36597 6.12403 -3.48163 
v -2.29776 6.07318 -3.36163 
v -2.3235 6.14373 -3.3593 
v -2.28982 5.96362 -3.34769 
v -2.41406 5.8132 -3.27017 
v -2.28488 6.07954 -3.25535 
v -2.31044 6.15017 -3.2498 
v -2.41406 5.8132 -3.27017 
v -2.74062 6.64938 -3.71435 
v -2.8483 6.54153 -3.76642 
v -2.84829 6.67161 -3.73729 
v -2.84828 6.79973 -3.65767 
v -2.71756 6.76043 -3.63631 
v -2.58298 6.69682 -3.62365 
v -2.62988 6.60333 -3.70155 
v -2.51016 6.62756 -3.59952 
v -2.76685 6.52804 -3.74766 
v -2.80124 6.37651 -3.70637 
v -2.84829 6.36185 -3.72848 
v -2.84828 6.24671 -3.63617 
v -2.82951 6.26302 -3.61381 
v -2.81147 6.26001 -3.60472 
v -2.57334 6.5459 -3.67639 
v -2.44505 6.52492 -3.57336 
v -2.68266 6.49716 -3.73391 
v -2.75066 6.36429 -3.69421 
v -2.72644 6.33405 -3.66891 
v -2.7949 6.25234 -3.59116 
v -2.6441 6.45068 -3.70932 
v -2.51916 6.46022 -3.64884 
v -2.41059 6.35476 -3.53057 
v -2.60942 6.38271 -3.68154 
v -2.48409 6.32031 -3.60253 
v -2.38816 6.20926 -3.50996 
v -2.70261 6.29345 -3.63952 
v -2.77959 6.23654 -3.56184 
v -2.57928 6.27428 -3.62889 
v -2.67878 6.22026 -3.58825 
v -2.75736 6.17893 -3.50861 
v -2.45512 6.1742 -3.58185 
v -2.36597 6.12403 -3.48163 
v -2.43223 6.09151 -3.55466 
v -2.5444 6.12613 -3.60514 
v -2.52416 6.05232 -3.57899 
v -2.64232 6.07209 -3.55854 
v -2.72067 6.03339 -3.48193 
v -2.62415 6.00166 -3.52948 
v -2.69942 5.96159 -3.44898 
v -2.84829 6.43688 -3.02991 
v -2.77859 6.52937 -3.03015 
v -2.84827 6.54153 -3.02165 
v -2.74623 6.66316 -3.04259 
v -2.84828 6.68982 -3.0348 
v -2.71856 6.7706 -3.11651 
v -2.84829 6.81194 -3.11879 
v -2.58515 6.70506 -3.1012 
v -2.64079 6.61031 -3.03459 
v -2.50995 6.63175 -3.098 
v -2.80861 6.42305 -3.05197 
v -2.84825 6.34099 -3.05897 
v -2.8293 6.31886 -3.08619 
v -2.70697 6.48866 -3.02286 
v -2.76671 6.37749 -3.05045 
v -2.81599 6.29788 -3.10179 
v -2.57834 6.54757 -3.03698 
v -2.44223 6.52503 -3.09363 
v -2.67026 6.44025 -3.01709 
v -2.74423 6.34456 -3.0513 
v -2.80066 6.26698 -3.10088 
v -2.51739 6.45643 -3.03921 
v -2.41595 6.34719 -3.07298 
v -2.63912 6.36941 -3.01075 
v -2.72231 6.29981 -3.05235 
v -2.78668 6.23553 -3.09985 
v -2.48978 6.30493 -3.02614 
v -2.39051 6.19802 -3.08733 
v -2.59475 6.24748 -3.00715 
v -2.69925 6.19719 -3.05232 
v -2.76641 6.16046 -3.10215 
v -2.4578 6.15708 -3.03367 
v -2.3605 6.11438 -3.07844 
v -2.4276 6.04702 -3.02215 
v -2.55328 6.10331 -3.00791 
v -2.52662 6.01317 -2.98363 
v -2.61647 5.98231 -3.05081 
v -2.66292 6.05915 -3.06433 
v -2.73233 6.01952 -3.12074 
v -2.70936 5.94895 -3.11176 
v -2.70023 6.84723 -3.38114 
v -2.84828 6.90142 -3.23987 
v -2.70245 6.83254 -3.23196 
v -2.71856 6.7706 -3.11651 
v -2.84829 6.81194 -3.11879 
v -2.58515 6.70506 -3.1012 
v -2.84827 6.90804 -3.39404 
v -2.5525 6.74924 -3.2158 
v -2.50995 6.63175 -3.098 
v -2.54955 6.76211 -3.36626 
v -2.70037 6.83032 -3.50648 
v -2.84828 6.88078 -3.52462 
v -2.54721 6.75724 -3.4915 
v -2.71756 6.76043 -3.63631 
v -2.84828 6.79973 -3.65767 
v -2.58298 6.69682 -3.62365 
v -2.47353 6.6722 -3.46926 
v -2.51016 6.62756 -3.59952 
v -2.40538 6.55321 -3.44451 
v -2.44505 6.52492 -3.57336 
v -2.46954 6.67914 -3.3488 
v -2.41059 6.35476 -3.53057 
v -2.47721 6.66552 -3.20799 
v -2.39415 6.56263 -3.32915 
v -2.4075 6.5478 -3.19876 
v -2.44223 6.52503 -3.09363 
v -2.37101 6.37406 -3.41025 
v -2.36035 6.37661 -3.30257 
v -2.34824 6.22945 -3.38917 
v -2.38816 6.20926 -3.50996 
v -2.36597 6.12403 -3.48163 
v -2.3235 6.14373 -3.3593 
v -2.33671 6.23416 -3.28104 
v -2.31044 6.15017 -3.2498 
v -2.37856 6.36595 -3.17546 
v -2.41595 6.34719 -3.07298 
v -2.35362 6.21994 -3.17376 
v -2.32491 6.13631 -3.15488 
v -2.39051 6.19802 -3.08733 
v -2.3605 6.11438 -3.07844 
v -2.84829 6.36185 -3.72848 
v -2.84828 6.24671 -3.63617 
v -2.8483 6.55127 -3.39344 
v -2.84828 6.19369 -3.34938 
v -2.8483 6.54153 -3.76642 
v -2.84827 6.25353 -3.15342 
v -2.84829 6.67161 -3.73729 
v -2.84825 6.34099 -3.05897 
v -2.84828 6.79973 -3.65767 
v -2.84829 6.43688 -3.02991 
v -2.84828 6.88078 -3.52462 
v -2.84827 6.90804 -3.39404 
v -2.84827 6.54153 -3.02165 
v -2.84828 6.90142 -3.23987 
v -2.84828 6.68982 -3.0348 
v -2.84829 6.81194 -3.11879 
v -2.84828 6.19369 -3.34938 
v -2.84828 6.24671 -3.63617 
v -2.82951 6.26302 -3.61381 
v -2.81147 6.26001 -3.60472 
v -2.7949 6.25234 -3.59116 
v -2.83416 6.21658 -3.34132 
v -2.77959 6.23654 -3.56184 
v -2.81819 6.24015 -3.19135 
v -2.82438 6.20718 -3.33018 
v -2.75736 6.17893 -3.50861 
v -2.8005 6.14417 -3.30613 
v -2.72067 6.03339 -3.48193 
v -2.80642 6.22035 -3.20041 
v -2.78668 6.23553 -3.09985 
v -2.80066 6.26698 -3.10088 
v -2.76641 6.16046 -3.10215 
v -2.83487 6.24061 -3.16775 
v -2.81599 6.29788 -3.10179 
v -2.84827 6.25353 -3.15342 
v -2.8293 6.31886 -3.08619 
v -2.84825 6.34099 -3.05897 
v -2.78426 6.15181 -3.209 
v -2.73233 6.01952 -3.12074 
v -2.74847 6.01112 -3.20815 
v -2.72774 5.94028 -3.18898 
v -2.70936 5.94895 -3.11176 
v -2.74442 5.93244 -3.25904 
v -2.76314 6.00368 -3.28753 
v -2.69942 5.96159 -3.44898 

vn 0.748031 0.181102 0.637795 
vn 0.937008 0.165354 0.314961 
vn 0.897638 0.291339 0.330709 
vn 0.952756 -0.299213 0.00787402 
vn 0.913386 -0.330709 0.228346 
vn 0.755906 -0.661417 -0.015748 
vn 0.771654 0.0787402 0.629921 
vn 0.480315 0.0393701 0.874016 
vn 0.818898 -0.354331 0.456693 
vn 0.724409 -0.685039 0.102362 
vn 0.527559 -0.0787402 0.850394 
vn 0.582677 -0.566929 0.582677 
vn 0.692913 -0.700787 0.173228 
vn 0.102362 -0.692913 0.708661 
vn 0.535433 -0.811024 0.23622 
vn -0.023622 -0.314961 0.952756 
vn -0.0708661 -0.212598 0.976378 
vn -0.15748 -0.826772 0.543307 
vn 0.181102 -0.944882 0.275591 
vn -0.401575 -0.456693 0.795276 
vn -0.456693 -0.338583 0.826772 
vn -0.283465 -0.866142 0.409449 
vn 0.0551181 -0.96063 0.259843 
vn -0.614173 -0.559055 0.551181 
vn -0.692913 -0.401575 0.606299 
vn -0.866142 -0.425197 0.259843 
vn -0.740157 -0.622047 0.244094 
vn -0.330709 -0.929134 0.165354 
vn 0.00787402 -0.984252 0.181102 
vn -0.362205 -0.929134 -0.015748 
vn -0.0472441 -0.992126 0.0944882 
vn -0.488189 -0.244094 -0.84252 
vn 0.015748 -0.251969 -0.968504 
vn -0.385827 -0.433071 -0.811024 
vn -0.771654 -0.354331 -0.527559 
vn -0.0472441 -0.0787402 -0.992126 
vn -0.653543 -0.559055 -0.511811 
vn -0.905512 -0.425197 0 
vn -0.779528 -0.629921 -0.015748 
vn -0.275591 -0.889764 -0.370079 
vn -0.0472441 -1 -0.023622 
vn -0.0866142 -0.811024 -0.582677 
vn 0.00787402 -0.976378 -0.212598 
vn 0.188976 -0.677165 -0.708661 
vn 0.125984 -0.937008 -0.322835 
vn 0.566929 -0.527559 -0.637795 
vn 0.267717 -0.889764 -0.362205 
vn 0.519685 -0.0314961 -0.850394 
vn 0.472441 0.141732 -0.874016 
vn 0.826772 -0.385827 -0.409449 
vn 0.488189 -0.80315 -0.330709 
vn 0.834646 0.125984 -0.543307 
vn 0.787402 0.283465 -0.543307 
vn 0.952756 0.19685 -0.244094 
vn 0.905512 0.338583 -0.244094 
vn 0.929134 -0.322835 -0.188976 
vn 0.669291 -0.708661 -0.220472 
vn 0.976378 0.204724 0.023622 
vn 0.944882 0.338583 0.0314961 
vn 0.740157 -0.669291 -0.110236 
vn 0.267717 0.370079 -0.889764 
vn 0.275591 0 -0.96063 
vn 0.267717 0.377953 -0.889764 
vn 0.314961 0.685039 -0.653543 
vn 0.346457 0.677165 -0.653543 
vn 0.527559 0.566929 -0.637795 
vn 0.401575 0.275591 -0.874016 
vn 0.716535 0.385827 -0.582677 
vn 0.220472 -0.023622 -0.976378 
vn 0.283465 -0.440945 -0.850394 
vn 0.488189 -0.417323 -0.76378 
vn 0.685039 -0.598425 -0.409449 
vn 0.448819 -0.76378 -0.472441 
vn 0.110236 -0.84252 -0.519685 
vn 0.543307 0.11811 -0.826772 
vn 0.818898 0.19685 -0.543307 
vn 0.267717 -0.0944882 -0.96063 
vn 0.125984 -0.488189 -0.866142 
vn 0.0787402 -0.566929 -0.818898 
vn 0.125984 -0.858268 -0.488189 
vn 0.322835 -0.220472 -0.92126 
vn 0.582677 -0.023622 -0.811024 
vn 0.850394 0.0551181 -0.519685 
vn 0.259843 -0.307087 -0.913386 
vn 0.566929 -0.0866142 -0.818898 
vn 0.84252 0.0551181 -0.535433 
vn -0.0393701 -0.598425 -0.80315 
vn -0.425197 -0.76378 -0.488189 
vn 0.133858 -0.283465 -0.952756 
vn -0.307087 -0.448819 -0.84252 
vn -0.748031 -0.440945 -0.488189 
vn 0.527559 -0.0787402 -0.84252 
vn 0.866142 0.0708661 -0.496063 
vn 0.566929 -0.125984 -0.818898 
vn 0.0314961 -0.244094 -0.968504 
vn 0.0314961 -0.330709 -0.944882 
vn -0.409449 -0.354331 -0.84252 
vn -0.755906 -0.370079 -0.535433 
vn -0.401575 -0.440945 -0.80315 
vn -0.795276 -0.417323 -0.448819 
vn 0.330709 -0.220472 0.913386 
vn 0.0314961 -0.023622 1 
vn 0.165354 -0.0314961 0.984252 
vn 0.11811 0.338583 0.937008 
vn 0.15748 0.354331 0.92126 
vn 0.267717 0.692913 0.669291 
vn 0.251969 0.700787 0.669291 
vn 0.409449 0.622047 0.661417 
vn 0.15748 0.291339 0.944882 
vn 0.590551 0.480315 0.653543 
vn 0.110236 -0.244094 0.96063 
vn 0.433071 -0.393701 0.811024 
vn 0.00787402 -0.559055 0.834646 
vn -0.0787402 -0.00787402 1 
vn -0.259843 -0.220472 0.937008 
vn -0.354331 -0.535433 0.771654 
vn 0.251969 0.212598 0.944882 
vn 0.708661 0.307087 0.629921 
vn -0.0787402 0 1 
vn -0.370079 -0.181102 0.913386 
vn -0.566929 -0.464567 0.685039 
vn 0.314961 0.165354 0.937008 
vn 0.740157 0.141732 0.661417 
vn -0.102362 0 0.992126 
vn -0.409449 -0.141732 0.897638 
vn -0.740157 -0.291339 0.606299 
vn 0.346457 0.0866142 0.937008 
vn 0.724409 0.204724 0.653543 
vn -0.0944882 -0.0314961 0.992126 
vn -0.448819 -0.149606 0.88189 
vn -0.787402 -0.244094 0.566929 
vn 0.370079 0.133858 0.92126 
vn 0.645669 0.299213 0.708661 
vn 0.322835 0.23622 0.913386 
vn -0.125984 0.023622 0.992126 
vn -0.165354 0.110236 0.976378 
vn -0.527559 -0.0708661 0.84252 
vn -0.496063 -0.141732 0.858268 
vn -0.811024 -0.228346 0.535433 
vn -0.787402 -0.19685 0.582677 
vn 0.425197 0.905512 -0.015748 
vn 0.362205 0.889764 0.275591 
vn 0.401575 0.866142 0.291339 
vn 0.267717 0.692913 0.669291 
vn 0.251969 0.700787 0.669291 
vn 0.409449 0.622047 0.661417 
vn 0.385827 0.92126 -0.0472441 
vn 0.574803 0.771654 0.267717 
vn 0.590551 0.480315 0.653543 
vn 0.606299 0.795276 0.015748 
vn 0.401575 0.866142 -0.299213 
vn 0.354331 0.874016 -0.322835 
vn 0.606299 0.748031 -0.259843 
vn 0.346457 0.677165 -0.653543 
vn 0.314961 0.685039 -0.653543 
vn 0.527559 0.566929 -0.637795 
vn 0.80315 0.551181 -0.228346 
vn 0.716535 0.385827 -0.582677 
vn 0.92126 0.314961 -0.220472 
vn 0.818898 0.19685 -0.543307 
vn 0.795276 0.606299 0.015748 
vn 0.850394 0.0551181 -0.519685 
vn 0.755906 0.598425 0.251969 
vn 0.929134 0.362205 0.015748 
vn 0.897638 0.362205 0.251969 
vn 0.708661 0.307087 0.629921 
vn 0.968504 0.133858 -0.212598 
vn 0.984252 0.165354 0.023622 
vn 0.96063 0.149606 -0.228346 
vn 0.84252 0.0551181 -0.535433 
vn 0.866142 0.0708661 -0.496063 
vn 0.952756 0.204724 -0.212598 
vn 0.976378 0.228346 0.023622 
vn 0.944882 0.314961 0.0708661 
vn 0.944882 0.173228 0.267717 
vn 0.740157 0.141732 0.661417 
vn 0.92126 0.259843 0.299213 
vn 0.858268 0.362205 0.354331 
vn 0.724409 0.204724 0.653543 
vn 0.645669 0.299213 0.708661 
vn -1 0 0 
vn -1 0 0 
vn -1 0 0 
vn -1 0 0 
vn -1 0 0 
vn -1 0 0 
vn -1 0 0 
vn -1 0 0 
vn -1 0 0 
vn -1 0 0 
vn -1 0 0 
vn -1 0 0 
vn -1 0 0 
vn -1 0 0 
vn -1 0 0 
vn -1 0 0 
vn 0.519685 -0.850394 -0.015748 
vn 0.685039 -0.598425 -0.409449 
vn 0.448819 -0.76378 -0.472441 
vn 0.110236 -0.84252 -0.519685 
vn 0.125984 -0.858268 -0.488189 
vn 0.023622 -1 -0.0393701 
vn -0.425197 -0.76378 -0.488189 
vn -0.322835 -0.897638 0.314961 
vn -0.834646 -0.551181 -0.00787402 
vn -0.748031 -0.440945 -0.488189 
vn -0.944882 -0.322835 -0.023622 
vn -0.755906 -0.370079 -0.535433 
vn -0.88189 -0.417323 0.19685 
vn -0.740157 -0.291339 0.606299 
vn -0.566929 -0.464567 0.685039 
vn -0.787402 -0.244094 0.566929 
vn -0.291339 -0.858268 0.417323 
vn -0.354331 -0.535433 0.771654 
vn -0.0472441 -0.787402 0.614173 
vn 0.00787402 -0.559055 0.834646 
vn 0.433071 -0.393701 0.811024 
vn -0.944882 -0.267717 0.188976 
vn -0.811024 -0.228346 0.535433 
vn -0.952756 -0.228346 0.204724 
vn -0.952756 -0.220472 0.220472 
vn -0.787402 -0.19685 0.582677 
vn -0.96063 -0.267717 0.0393701 
vn -0.96063 -0.283465 -0.0472441 
vn -0.795276 -0.417323 -0.448819 

vt 0.788816 0.891868 
vt 0.79164 0.910008 
vt 0.788815 0.908329 
vt 0.794438 0.917649 
vt 0.79514 0.911473 
vt 0.805652 0.918148 
vt 0.792834 0.899698 
vt 0.798204 0.891867 
vt 0.796966 0.904457 
vt 0.805658 0.918118 
vt 0.799438 0.898058 
vt 0.801341 0.903048 
vt 0.805658 0.918118 
vt 0.806167 0.90201 
vt 0.805678 0.918116 
vt 0.805635 0.896845 
vt 0.805371 0.891867 
vt 0.810827 0.903437 
vt 0.805678 0.918116 
vt 0.811599 0.897752 
vt 0.812276 0.891867 
vt 0.815659 0.904715 
vt 0.805678 0.918116 
vt 0.81853 0.898653 
vt 0.822667 0.891868 
vt 0.822667 0.909183 
vt 0.819237 0.91015 
vt 0.816847 0.912017 
vt 0.805689 0.918143 
vt 0.817924 0.916461 
vt 0.805689 0.918143 
vt 0.813986 0.946737 
vt 0.806366 0.942715 
vt 0.813051 0.940085 
vt 0.822667 0.946736 
vt 0.806254 0.946737 
vt 0.818632 0.937423 
vt 0.822667 0.915562 
vt 0.819879 0.915981 
vt 0.815829 0.932119 
vt 0.805689 0.918143 
vt 0.811916 0.935019 
vt 0.805671 0.918173 
vt 0.806631 0.935685 
vt 0.805671 0.918173 
vt 0.80178 0.935464 
vt 0.805671 0.918173 
vt 0.800197 0.94184 
vt 0.799115 0.946737 
vt 0.79802 0.934644 
vt 0.805652 0.918148 
vt 0.793538 0.938593 
vt 0.788863 0.946737 
vt 0.791843 0.93295 
vt 0.788816 0.936035 
vt 0.795437 0.927694 
vt 0.805652 0.918148 
vt 0.791192 0.917538 
vt 0.788815 0.917184 
vt 0.805652 0.918148 
vt 0.802295 0.868636 
vt 0.819854 0.882794 
vt 0.802295 0.882794 
vt 0.783956 0.882794 
vt 0.783956 0.868636 
vt 0.783956 0.85456 
vt 0.802295 0.85456 
vt 0.783956 0.838559 
vt 0.819854 0.868636 
vt 0.836104 0.868636 
vt 0.836104 0.882794 
vt 0.853948 0.882794 
vt 0.853948 0.868636 
vt 0.853948 0.85456 
vt 0.802295 0.838559 
vt 0.783956 0.823956 
vt 0.819854 0.85456 
vt 0.836104 0.85456 
vt 0.836104 0.838559 
vt 0.853948 0.838559 
vt 0.819854 0.838559 
vt 0.802295 0.823956 
vt 0.783956 0.806794 
vt 0.819854 0.823956 
vt 0.802295 0.806794 
vt 0.783956 0.78072 
vt 0.836104 0.823956 
vt 0.853948 0.823956 
vt 0.819854 0.806794 
vt 0.836104 0.806794 
vt 0.853948 0.806794 
vt 0.802295 0.78072 
vt 0.783956 0.771715 
vt 0.802295 0.771715 
vt 0.819854 0.78072 
vt 0.819854 0.771715 
vt 0.836104 0.78072 
vt 0.853948 0.78072 
vt 0.836104 0.771715 
vt 0.853948 0.771715 
vt 0.939884 0.882794 
vt 0.959241 0.868636 
vt 0.959238 0.882794 
vt 0.97549 0.868636 
vt 0.97549 0.882794 
vt 0.993242 0.868636 
vt 0.993242 0.882794 
vt 0.993242 0.85456 
vt 0.97549 0.85456 
vt 0.993242 0.838559 
vt 0.939884 0.868636 
vt 0.923674 0.882794 
vt 0.923674 0.868636 
vt 0.959244 0.85456 
vt 0.939883 0.85456 
vt 0.923674 0.85456 
vt 0.97549 0.838559 
vt 0.993242 0.823956 
vt 0.959248 0.838559 
vt 0.939882 0.838559 
vt 0.923674 0.838559 
vt 0.97549 0.823956 
vt 0.993242 0.806794 
vt 0.959248 0.823956 
vt 0.939882 0.823956 
vt 0.923674 0.823956 
vt 0.97549 0.806794 
vt 0.993242 0.78072 
vt 0.959246 0.806794 
vt 0.939882 0.806794 
vt 0.923674 0.806794 
vt 0.97549 0.78072 
vt 0.993242 0.771715 
vt 0.97549 0.771715 
vt 0.959246 0.78072 
vt 0.959246 0.771715 
vt 0.939882 0.771715 
vt 0.939882 0.78072 
vt 0.923674 0.78072 
vt 0.923674 0.771715 
vt 0.750712 0.868636 
vt 0.731729 0.882794 
vt 0.731729 0.868636 
vt 0.714346 0.868636 
vt 0.714346 0.882794 
vt 0.714346 0.85456 
vt 0.750712 0.882794 
vt 0.731729 0.85456 
vt 0.714346 0.838559 
vt 0.750712 0.85456 
vt 0.768423 0.868636 
vt 0.768423 0.882794 
vt 0.768423 0.85456 
vt 0.783956 0.868636 
vt 0.783956 0.882794 
vt 0.783956 0.85456 
vt 0.768423 0.838559 
vt 0.783956 0.838559 
vt 0.768423 0.823956 
vt 0.783956 0.823956 
vt 0.750712 0.838559 
vt 0.783956 0.806794 
vt 0.731729 0.838559 
vt 0.750712 0.823956 
vt 0.731729 0.823956 
vt 0.714346 0.823956 
vt 0.768423 0.806794 
vt 0.750712 0.806794 
vt 0.768423 0.78072 
vt 0.783956 0.78072 
vt 0.783956 0.771715 
vt 0.768423 0.771715 
vt 0.750712 0.78072 
vt 0.750712 0.771715 
vt 0.731729 0.806794 
vt 0.714346 0.806794 
vt 0.731729 0.78072 
vt 0.731729 0.771715 
vt 0.714346 0.78072 
vt 0.714346 0.771715 
vt 0.783065 0.971415 
vt 0.783065 0.995571 
vt 0.748137 0.940617 
vt 0.743205 0.995571 
vt 0.783065 0.943603 
vt 0.714648 0.995571 
vt 0.783065 0.92316 
vt 0.714648 0.971019 
vt 0.783065 0.884421 
vt 0.714648 0.955908 
vt 0.760573 0.884421 
vt 0.749276 0.884421 
vt 0.714648 0.939544 
vt 0.735817 0.884421 
vt 0.714648 0.916492 
vt 0.714648 0.884421 
vt 0.888724 0.882794 
vt 0.853947 0.882794 
vt 0.853947 0.868636 
vt 0.853947 0.85456 
vt 0.853947 0.838559 
vt 0.895869 0.838559 
vt 0.853947 0.823956 
vt 0.907555 0.838559 
vt 0.895869 0.823956 
vt 0.853947 0.806794 
vt 0.895869 0.806794 
vt 0.853947 0.78072 
vt 0.907555 0.823956 
vt 0.923644 0.823956 
vt 0.923644 0.838559 
vt 0.923644 0.806794 
vt 0.908451 0.875003 
vt 0.923644 0.85456 
vt 0.910104 0.882794 
vt 0.923644 0.868636 
vt 0.923644 0.882794 
vt 0.907555 0.806794 
vt 0.923644 0.78072 
vt 0.907555 0.78072 
vt 0.907555 0.771715 
vt 0.923644 0.771715 
vt 0.895869 0.771715 
vt 0.895869 0.78072 
vt 0.853947 0.771715 

usemtl Rig1Mtl

f 5871/5871/5871 5872/5872/5872 5873/5873/5873 
f 5874/5874/5874 5872/5872/5872 5875/5875/5875 
f 5874/5874/5874 5875/5875/5875 5876/5876/5876 
f 5872/5872/5872 5871/5871/5871 5877/5877/5877 
f 5877/5877/5877 5875/5875/5875 5872/5872/5872 
f 5877/5877/5877 5871/5871/5871 5878/5878/5878 
f 5875/5875/5875 5877/5877/5877 5879/5879/5879 
f 5875/5875/5875 5879/5879/5879 5880/5880/5880 
f 5878/5878/5878 5881/5881/5881 5877/5877/5877 
f 5879/5879/5879 5877/5877/5877 5881/5881/5881 
f 5881/5881/5881 5882/5882/5882 5879/5879/5879 
f 5879/5879/5879 5882/5882/5882 5883/5883/5883 
f 5884/5884/5884 5882/5882/5882 5881/5881/5881 
f 5882/5882/5882 5884/5884/5884 5885/5885/5885 
f 5878/5878/5878 5886/5886/5886 5881/5881/5881 
f 5881/5881/5881 5886/5886/5886 5884/5884/5884 
f 5886/5886/5886 5878/5878/5878 5887/5887/5887 
f 5886/5886/5886 5888/5888/5888 5884/5884/5884 
f 5884/5884/5884 5888/5888/5888 5889/5889/5889 
f 5887/5887/5887 5890/5890/5890 5886/5886/5886 
f 5888/5888/5888 5886/5886/5886 5890/5890/5890 
f 5890/5890/5890 5887/5887/5887 5891/5891/5891 
f 5888/5888/5888 5890/5890/5890 5892/5892/5892 
f 5888/5888/5888 5892/5892/5892 5893/5893/5893 
f 5891/5891/5891 5894/5894/5894 5890/5890/5890 
f 5890/5890/5890 5894/5894/5894 5892/5892/5892 
f 5894/5894/5894 5891/5891/5891 5895/5895/5895 
f 5896/5896/5896 5894/5894/5894 5895/5895/5895 
f 5897/5897/5897 5894/5894/5894 5896/5896/5896 
f 5894/5894/5894 5898/5898/5898 5892/5892/5892 
f 5898/5898/5898 5894/5894/5894 5897/5897/5897 
f 5892/5892/5892 5898/5898/5898 5899/5899/5899 
f 5897/5897/5897 5900/5900/5900 5898/5898/5898 
f 5898/5898/5898 5900/5900/5900 5901/5901/5901 
f 5902/5902/5902 5903/5903/5903 5904/5904/5904 
f 5904/5904/5904 5905/5905/5905 5902/5902/5902 
f 5903/5903/5903 5902/5902/5902 5906/5906/5906 
f 5905/5905/5905 5904/5904/5904 5907/5907/5907 
f 5908/5908/5908 5905/5905/5905 5907/5907/5907 
f 5907/5907/5907 5909/5909/5909 5908/5908/5908 
f 5897/5897/5897 5908/5908/5908 5909/5909/5909 
f 5908/5908/5908 5897/5897/5897 5896/5896/5896 
f 5907/5907/5907 5900/5900/5900 5909/5909/5909 
f 5900/5900/5900 5897/5897/5897 5909/5909/5909 
f 5904/5904/5904 5910/5910/5910 5907/5907/5907 
f 5900/5900/5900 5907/5907/5907 5910/5910/5910 
f 5900/5900/5900 5910/5910/5910 5911/5911/5911 
f 5910/5910/5910 5904/5904/5904 5912/5912/5912 
f 5910/5910/5910 5912/5912/5912 5913/5913/5913 
f 5903/5903/5903 5912/5912/5912 5904/5904/5904 
f 5912/5912/5912 5903/5903/5903 5914/5914/5914 
f 5912/5912/5912 5914/5914/5914 5915/5915/5915 
f 5903/5903/5903 5916/5916/5916 5914/5914/5914 
f 5914/5914/5914 5916/5916/5916 5917/5917/5917 
f 5916/5916/5916 5903/5903/5903 5918/5918/5918 
f 5906/5906/5906 5918/5918/5918 5903/5903/5903 
f 5918/5918/5918 5906/5906/5906 5919/5919/5919 
f 5918/5918/5918 5920/5920/5920 5916/5916/5916 
f 5916/5916/5916 5920/5920/5920 5921/5921/5921 
f 5919/5919/5919 5922/5922/5922 5918/5918/5918 
f 5920/5920/5920 5918/5918/5918 5922/5922/5922 
f 5922/5922/5922 5919/5919/5919 5923/5923/5923 
f 5923/5923/5923 5924/5924/5924 5922/5922/5922 
f 5924/5924/5924 5920/5920/5920 5922/5922/5922 
f 5924/5924/5924 5923/5923/5923 5925/5925/5925 
f 5920/5920/5920 5924/5924/5924 5926/5926/5926 
f 5920/5920/5920 5926/5926/5926 5927/5927/5927 
f 5925/5925/5925 5928/5928/5928 5924/5924/5924 
f 5926/5926/5926 5924/5924/5924 5928/5928/5928 
f 5928/5928/5928 5925/5925/5925 5929/5929/5929 
f 5873/5873/5873 5928/5928/5928 5929/5929/5929 
f 5926/5926/5926 5928/5928/5928 5874/5874/5874 
f 5926/5926/5926 5874/5874/5874 5930/5930/5930 
f 5928/5928/5928 5873/5873/5873 5872/5872/5872 
f 5872/5872/5872 5874/5874/5874 5928/5928/5928 
f 5931/5931/5931 5932/5932/5932 5933/5933/5933 
f 5934/5934/5934 5935/5935/5935 5933/5933/5933 
f 5935/5935/5935 5931/5931/5931 5933/5933/5933 
f 5936/5936/5936 5931/5931/5931 5935/5935/5935 
f 5931/5931/5931 5936/5936/5936 5937/5937/5937 
f 5938/5938/5938 5937/5937/5937 5936/5936/5936 
f 5932/5932/5932 5931/5931/5931 5939/5939/5939 
f 5937/5937/5937 5939/5939/5939 5931/5931/5931 
f 5940/5940/5940 5932/5932/5932 5939/5939/5939 
f 5932/5932/5932 5940/5940/5940 5941/5941/5941 
f 5940/5940/5940 5942/5942/5942 5941/5941/5941 
f 5942/5942/5942 5940/5940/5940 5943/5943/5943 
f 5940/5940/5940 5944/5944/5944 5943/5943/5943 
f 5937/5937/5937 5938/5938/5938 5945/5945/5945 
f 5946/5946/5946 5945/5945/5945 5938/5938/5938 
f 5939/5939/5939 5937/5937/5937 5947/5947/5947 
f 5945/5945/5945 5947/5947/5947 5937/5937/5937 
f 5939/5939/5939 5948/5948/5948 5940/5940/5940 
f 5944/5944/5944 5940/5940/5940 5948/5948/5948 
f 5948/5948/5948 5939/5939/5939 5947/5947/5947 
f 5949/5949/5949 5944/5944/5944 5948/5948/5948 
f 5944/5944/5944 5949/5949/5949 5950/5950/5950 
f 5951/5951/5951 5948/5948/5948 5947/5947/5947 
f 5947/5947/5947 5945/5945/5945 5951/5951/5951 
f 5948/5948/5948 5951/5951/5951 5949/5949/5949 
f 5945/5945/5945 5946/5946/5946 5952/5952/5952 
f 5952/5952/5952 5951/5951/5951 5945/5945/5945 
f 5953/5953/5953 5952/5952/5952 5946/5946/5946 
f 5954/5954/5954 5949/5949/5949 5951/5951/5951 
f 5951/5951/5951 5952/5952/5952 5954/5954/5954 
f 5952/5952/5952 5953/5953/5953 5955/5955/5955 
f 5955/5955/5955 5954/5954/5954 5952/5952/5952 
f 5956/5956/5956 5955/5955/5955 5953/5953/5953 
f 5949/5949/5949 5954/5954/5954 5957/5957/5957 
f 5957/5957/5957 5950/5950/5950 5949/5949/5949 
f 5950/5950/5950 5957/5957/5957 5958/5958/5958 
f 5959/5959/5959 5957/5957/5957 5954/5954/5954 
f 5954/5954/5954 5955/5955/5955 5959/5959/5959 
f 5960/5960/5960 5958/5958/5958 5957/5957/5957 
f 5957/5957/5957 5959/5959/5959 5960/5960/5960 
f 5958/5958/5958 5960/5960/5960 5961/5961/5961 
f 5955/5955/5955 5956/5956/5956 5962/5962/5962 
f 5962/5962/5962 5959/5959/5959 5955/5955/5955 
f 5963/5963/5963 5962/5962/5962 5956/5956/5956 
f 5962/5962/5962 5963/5963/5963 5964/5964/5964 
f 5959/5959/5959 5962/5962/5962 5965/5965/5965 
f 5964/5964/5964 5965/5965/5965 5962/5962/5962 
f 5965/5965/5965 5960/5960/5960 5959/5959/5959 
f 5965/5965/5965 5964/5964/5964 5966/5966/5966 
f 5967/5967/5967 5961/5961/5961 5960/5960/5960 
f 5960/5960/5960 5965/5965/5965 5967/5967/5967 
f 5966/5966/5966 5967/5967/5967 5965/5965/5965 
f 5961/5961/5961 5967/5967/5967 5968/5968/5968 
f 5967/5967/5967 5966/5966/5966 5969/5969/5969 
f 5969/5969/5969 5968/5968/5968 5967/5967/5967 
f 5968/5968/5968 5969/5969/5969 5970/5970/5970 
f 5971/5971/5971 5972/5972/5972 5973/5973/5973 
f 5974/5974/5974 5973/5973/5973 5972/5972/5972 
f 5973/5973/5973 5974/5974/5974 5975/5975/5975 
f 5976/5976/5976 5975/5975/5975 5974/5974/5974 
f 5975/5975/5975 5976/5976/5976 5977/5977/5977 
f 5974/5974/5974 5978/5978/5978 5976/5976/5976 
f 5978/5978/5978 5974/5974/5974 5979/5979/5979 
f 5972/5972/5972 5979/5979/5979 5974/5974/5974 
f 5979/5979/5979 5980/5980/5980 5978/5978/5978 
f 5972/5972/5972 5971/5971/5971 5981/5981/5981 
f 5982/5982/5982 5981/5981/5981 5971/5971/5971 
f 5981/5981/5981 5982/5982/5982 5983/5983/5983 
f 5981/5981/5981 5984/5984/5984 5972/5972/5972 
f 5979/5979/5979 5972/5972/5972 5984/5984/5984 
f 5983/5983/5983 5985/5985/5985 5981/5981/5981 
f 5984/5984/5984 5981/5981/5981 5985/5985/5985 
f 5985/5985/5985 5983/5983/5983 5986/5986/5986 
f 5980/5980/5980 5979/5979/5979 5987/5987/5987 
f 5984/5984/5984 5987/5987/5987 5979/5979/5979 
f 5987/5987/5987 5988/5988/5988 5980/5980/5980 
f 5985/5985/5985 5989/5989/5989 5984/5984/5984 
f 5987/5987/5987 5984/5984/5984 5989/5989/5989 
f 5985/5985/5985 5986/5986/5986 5990/5990/5990 
f 5989/5989/5989 5985/5985/5985 5990/5990/5990 
f 5990/5990/5990 5986/5986/5986 5991/5991/5991 
f 5988/5988/5988 5987/5987/5987 5992/5992/5992 
f 5989/5989/5989 5992/5992/5992 5987/5987/5987 
f 5992/5992/5992 5993/5993/5993 5988/5988/5988 
f 5989/5989/5989 5990/5990/5990 5994/5994/5994 
f 5992/5992/5992 5989/5989/5989 5994/5994/5994 
f 5990/5990/5990 5991/5991/5991 5995/5995/5995 
f 5994/5994/5994 5990/5990/5990 5995/5995/5995 
f 5995/5995/5995 5991/5991/5991 5996/5996/5996 
f 5993/5993/5993 5992/5992/5992 5997/5997/5997 
f 5994/5994/5994 5997/5997/5997 5992/5992/5992 
f 5997/5997/5997 5998/5998/5998 5993/5993/5993 
f 5995/5995/5995 5999/5999/5999 5994/5994/5994 
f 5997/5997/5997 5994/5994/5994 5999/5999/5999 
f 5996/5996/5996 6000/6000/6000 5995/5995/5995 
f 5999/5999/5999 5995/5995/5995 6000/6000/6000 
f 6000/6000/6000 5996/5996/5996 6001/6001/6001 
f 5998/5998/5998 5997/5997/5997 6002/6002/6002 
f 5999/5999/5999 6002/6002/6002 5997/5997/5997 
f 6002/6002/6002 6003/6003/6003 5998/5998/5998 
f 6003/6003/6003 6002/6002/6002 6004/6004/6004 
f 6002/6002/6002 5999/5999/5999 6005/6005/6005 
f 6005/6005/6005 6004/6004/6004 6002/6002/6002 
f 6005/6005/6005 5999/5999/5999 6000/6000/6000 
f 6004/6004/6004 6005/6005/6005 6006/6006/6006 
f 6005/6005/6005 6007/6007/6007 6006/6006/6006 
f 6005/6005/6005 6000/6000/6000 6008/6008/6008 
f 6007/6007/6007 6005/6005/6005 6008/6008/6008 
f 6008/6008/6008 6000/6000/6000 6001/6001/6001 
f 6008/6008/6008 6001/6001/6001 6009/6009/6009 
f 6009/6009/6009 6007/6007/6007 6008/6008/6008 
f 6007/6007/6007 6009/6009/6009 6010/6010/6010 
f 6011/6011/6011 6012/6012/6012 6013/6013/6013 
f 6014/6014/6014 6012/6012/6012 6015/6015/6015 
f 6012/6012/6012 6014/6014/6014 6013/6013/6013 
f 6016/6016/6016 6013/6013/6013 6014/6014/6014 
f 6012/6012/6012 6011/6011/6011 6017/6017/6017 
f 6013/6013/6013 6016/6016/6016 6018/6018/6018 
f 6019/6019/6019 6018/6018/6018 6016/6016/6016 
f 6013/6013/6013 6020/6020/6020 6011/6011/6011 
f 6020/6020/6020 6013/6013/6013 6018/6018/6018 
f 6021/6021/6021 6017/6017/6017 6011/6011/6011 
f 6021/6021/6021 6022/6022/6022 6017/6017/6017 
f 6023/6023/6023 6011/6011/6011 6020/6020/6020 
f 6011/6011/6011 6023/6023/6023 6021/6021/6021 
f 6024/6024/6024 6022/6022/6022 6021/6021/6021 
f 6024/6024/6024 6025/6025/6025 6022/6022/6022 
f 6021/6021/6021 6026/6026/6026 6024/6024/6024 
f 6026/6026/6026 6021/6021/6021 6023/6023/6023 
f 6026/6026/6026 6023/6023/6023 6027/6027/6027 
f 6023/6023/6023 6020/6020/6020 6027/6027/6027 
f 6027/6027/6027 6028/6028/6028 6026/6026/6026 
f 6028/6028/6028 6027/6027/6027 6029/6029/6029 
f 6029/6029/6029 6030/6030/6030 6028/6028/6028 
f 6027/6027/6027 6020/6020/6020 6031/6031/6031 
f 6027/6027/6027 6031/6031/6031 6029/6029/6029 
f 6020/6020/6020 6018/6018/6018 6031/6031/6031 
f 6029/6029/6029 6032/6032/6032 6030/6030/6030 
f 6031/6031/6031 6018/6018/6018 6033/6033/6033 
f 6018/6018/6018 6019/6019/6019 6033/6033/6033 
f 6029/6029/6029 6031/6031/6031 6034/6034/6034 
f 6031/6031/6031 6033/6033/6033 6034/6034/6034 
f 6033/6033/6033 6019/6019/6019 6035/6035/6035 
f 6034/6034/6034 6033/6033/6033 6035/6035/6035 
f 6035/6035/6035 6019/6019/6019 6036/6036/6036 
f 6037/6037/6037 6029/6029/6029 6034/6034/6034 
f 6032/6032/6032 6029/6029/6029 6037/6037/6037 
f 6035/6035/6035 6038/6038/6038 6034/6034/6034 
f 6037/6037/6037 6034/6034/6034 6038/6038/6038 
f 6039/6039/6039 6032/6032/6032 6037/6037/6037 
f 6039/6039/6039 6037/6037/6037 6038/6038/6038 
f 6032/6032/6032 6039/6039/6039 6040/6040/6040 
f 6039/6039/6039 6041/6041/6041 6040/6040/6040 
f 6041/6041/6041 6039/6039/6039 6042/6042/6042 
f 6039/6039/6039 6043/6043/6043 6042/6042/6042 
f 6039/6039/6039 6038/6038/6038 6043/6043/6043 
f 6042/6042/6042 6043/6043/6043 6044/6044/6044 
f 6038/6038/6038 6035/6035/6035 6045/6045/6045 
f 6036/6036/6036 6045/6045/6045 6035/6035/6035 
f 6045/6045/6045 6043/6043/6043 6038/6038/6038 
f 6045/6045/6045 6036/6036/6036 6046/6046/6046 
f 6047/6047/6047 6044/6044/6044 6043/6043/6043 
f 6043/6043/6043 6045/6045/6045 6047/6047/6047 
f 6046/6046/6046 6047/6047/6047 6045/6045/6045 
f 6044/6044/6044 6047/6047/6047 6048/6048/6048 
f 6047/6047/6047 6046/6046/6046 6049/6049/6049 
f 6049/6049/6049 6048/6048/6048 6047/6047/6047 
f 6048/6048/6048 6049/6049/6049 6050/6050/6050 
f 6051/6051/6051 6052/6052/6052 6053/6053/6053 
f 6052/6052/6052 6054/6054/6054 6053/6053/6053 
f 6055/6055/6055 6051/6051/6051 6053/6053/6053 
f 6054/6054/6054 6056/6056/6056 6053/6053/6053 
f 6057/6057/6057 6055/6055/6055 6053/6053/6053 
f 6056/6056/6056 6058/6058/6058 6053/6053/6053 
f 6059/6059/6059 6057/6057/6057 6053/6053/6053 
f 6058/6058/6058 6060/6060/6060 6053/6053/6053 
f 6061/6061/6061 6059/6059/6059 6053/6053/6053 
f 6062/6062/6062 6061/6061/6061 6053/6053/6053 
f 6060/6060/6060 6063/6063/6063 6053/6053/6053 
f 6064/6064/6064 6062/6062/6062 6053/6053/6053 
f 6063/6063/6063 6065/6065/6065 6053/6053/6053 
f 6066/6066/6066 6064/6064/6064 6053/6053/6053 
f 6065/6065/6065 6066/6066/6066 6053/6053/6053 
f 6067/6067/6067 6068/6068/6068 6069/6069/6069 
f 6067/6067/6067 6069/6069/6069 6070/6070/6070 
f 6071/6071/6071 6067/6067/6067 6070/6070/6070 
f 6071/6071/6071 6072/6072/6072 6067/6067/6067 
f 6072/6072/6072 6071/6071/6071 6073/6073/6073 
f 6074/6074/6074 6067/6067/6067 6072/6072/6072 
f 6073/6073/6073 6075/6075/6075 6072/6072/6072 
f 6074/6074/6074 6072/6072/6072 6075/6075/6075 
f 6075/6075/6075 6073/6073/6073 6076/6076/6076 
f 6076/6076/6076 6077/6077/6077 6075/6075/6075 
f 6078/6078/6078 6077/6077/6077 6076/6076/6076 
f 6074/6074/6074 6075/6075/6075 6079/6079/6079 
f 6077/6077/6077 6079/6079/6079 6075/6075/6075 
f 6080/6080/6080 6074/6074/6074 6079/6079/6079 
f 6074/6074/6074 6080/6080/6080 6081/6081/6081 
f 6079/6079/6079 6082/6082/6082 6080/6080/6080 
f 6081/6081/6081 6083/6083/6083 6074/6074/6074 
f 6067/6067/6067 6074/6074/6074 6083/6083/6083 
f 6083/6083/6083 6081/6081/6081 6084/6084/6084 
f 6085/6085/6085 6067/6067/6067 6083/6083/6083 
f 6086/6086/6086 6083/6083/6083 6084/6084/6084 
f 6086/6086/6086 6085/6085/6085 6083/6083/6083 
f 6085/6085/6085 6086/6086/6086 6087/6087/6087 
f 6082/6082/6082 6079/6079/6079 6088/6088/6088 
f 6079/6079/6079 6077/6077/6077 6088/6088/6088 
f 6088/6088/6088 6089/6089/6089 6082/6082/6082 
f 6077/6077/6077 6090/6090/6090 6088/6088/6088 
f 6090/6090/6090 6089/6089/6089 6088/6088/6088 
f 6091/6091/6091 6089/6089/6089 6090/6090/6090 
f 6089/6089/6089 6091/6091/6091 6092/6092/6092 
f 6090/6090/6090 6093/6093/6093 6091/6091/6091 
f 6090/6090/6090 6077/6077/6077 6094/6094/6094 
f 6093/6093/6093 6090/6090/6090 6094/6094/6094 
f 6077/6077/6077 6078/6078/6078 6094/6094/6094 
f 6095/6095/6095 6093/6093/6093 6094/6094/6094 
f 6095/6095/6095 6094/6094/6094 6078/6078/6078 

g Rig14

v -2.96446 5.01313 -2.85531 
v -2.9253 5.01315 -2.88792 
v -2.92519 5.28728 -2.8879 
v -2.96443 5.28728 -2.85531 
v -4.59673 5.28728 -2.8879 
v -4.59662 5.01315 -2.88792 
v -4.55746 5.01313 -2.85531 
v -4.55749 5.28728 -2.85531 
v -2.92484 5.01319 -3.8603 
v -2.96435 5.01316 -3.89264 
v -2.96435 5.28728 -3.89264 
v -2.92534 5.28728 -3.8605 
v -4.55757 5.28728 -3.89264 
v -4.55757 5.01316 -3.89264 
v -4.59708 5.01319 -3.8603 
v -4.59658 5.28728 -3.8605 
v -2.95341 5.35884 -2.93889 
v -2.95341 5.38794 -2.93889 
v -2.99136 5.38794 -2.90425 
v -2.99136 5.35884 -2.90425 
v -4.53056 5.38775 -2.90425 
v -4.56851 5.38775 -2.93889 
v -4.56851 5.35884 -2.93889 
v -4.53056 5.35884 -2.90425 
v -2.99136 5.38794 -3.86881 
v -2.95341 5.38794 -3.83672 
v -2.95341 5.35885 -3.83672 
v -2.99136 5.35885 -3.86881 
v -4.56851 5.35885 -3.83672 
v -4.56851 5.38775 -3.83672 
v -4.53056 5.38775 -3.86881 
v -4.53056 5.35885 -3.86881 
v -2.92519 5.28728 -2.8879 
v -2.9253 5.01315 -2.88792 
v -2.92484 5.01319 -3.8603 
v -2.92534 5.28728 -3.8605 
v -4.59708 5.01319 -3.8603 
v -4.59662 5.01315 -2.88792 
v -4.59673 5.28728 -2.8879 
v -4.59658 5.28728 -3.8605 
v -2.95341 5.38794 -3.83672 
v -2.95341 5.38794 -2.93889 
v -2.95341 5.35884 -2.93889 
v -2.95341 5.35885 -3.83672 
v -4.56851 5.38775 -2.93889 
v -4.56851 5.38775 -3.83672 
v -4.56851 5.35885 -3.83672 
v -4.56851 5.35884 -2.93889 
v -2.92534 5.28728 -3.8605 
v -2.95341 5.35885 -3.83672 
v -2.95341 5.35884 -2.93889 
v -2.92519 5.28728 -2.8879 
v -4.56851 5.35884 -2.93889 
v -4.56851 5.35885 -3.83672 
v -4.59658 5.28728 -3.8605 
v -4.59673 5.28728 -2.8879 
v -3.05616 5.60807 -3.53949 
v -3.05616 5.61299 -3.39641 
v -3.05616 5.60309 -3.24274 
v -3.05616 5.56848 -3.10876 
v -3.05616 5.56417 -3.67632 
v -3.05616 5.49967 -3.7322 
v -3.05616 5.50209 -3.04007 
v -3.05616 5.44501 -3.75285 
v -3.05616 5.44501 -3.02237 
v -4.46576 5.60233 -3.24274 
v -4.46576 5.6125 -3.39641 
v -4.46576 5.60734 -3.53949 
v -4.46576 5.56748 -3.10876 
v -4.46576 5.56319 -3.67632 
v -4.46576 5.49821 -3.7322 
v -4.46576 5.50062 -3.04007 
v -4.46576 5.44264 -3.75285 
v -4.46576 5.44264 -3.02237 
v -3.05616 5.44501 -3.75285 
v -3.08927 5.44495 -3.77896 
v -3.08927 5.51341 -3.75703 
v -3.05616 5.49967 -3.7322 
v -3.05616 5.56417 -3.67632 
v -3.08927 5.58803 -3.69116 
v -3.08927 5.63612 -3.54638 
v -3.05616 5.60807 -3.53949 
v -3.05616 5.61299 -3.39641 
v -3.08927 5.64522 -3.39537 
v -4.46576 5.44264 -3.75285 
v -4.46576 5.49821 -3.7322 
v -4.43265 5.51197 -3.75703 
v -4.43265 5.4427 -3.77896 
v -4.46576 5.56319 -3.67632 
v -4.43265 5.58704 -3.69116 
v -4.43265 5.63534 -3.54638 
v -4.46576 5.60734 -3.53949 
v -4.46576 5.6125 -3.39641 
v -4.43265 5.64467 -3.39537 
v -3.05616 5.44501 -3.02237 
v -3.05616 5.50209 -3.04007 
v -3.08927 5.51127 -3.01601 
v -3.08927 5.44495 -2.99419 
v -3.08927 5.59162 -3.09586 
v -3.05616 5.56848 -3.10876 
v -3.08927 5.63052 -3.23543 
v -3.05616 5.60309 -3.24274 
v -3.05616 5.61299 -3.39641 
v -3.08927 5.64522 -3.39537 
v -4.46576 5.44264 -3.02237 
v -4.43265 5.4427 -2.99419 
v -4.43265 5.50983 -3.01601 
v -4.46576 5.50062 -3.04007 
v -4.43265 5.5906 -3.09586 
v -4.46576 5.56748 -3.10876 
v -4.43265 5.62971 -3.23543 
v -4.46576 5.60233 -3.24274 
v -4.46576 5.6125 -3.39641 
v -4.43265 5.64467 -3.39537 
v -3.76096 5.01315 -2.8552 
v -3.473 5.01315 -2.8552 
v -3.473 5.28729 -2.8552 
v -3.23599 5.28729 -2.8552 
v -3.76096 5.28729 -2.8552 
v -3.23599 5.01315 -2.8552 
v -4.04892 5.28729 -2.85521 
v -3.04751 5.28729 -2.8552 
v -4.04892 5.01315 -2.85521 
v -3.04751 5.01314 -2.8552 
v -2.96443 5.28728 -2.85531 
v -2.96446 5.01313 -2.85531 
v -4.28593 5.28729 -2.85521 
v -4.28593 5.01315 -2.85521 
v -4.47441 5.28729 -2.85521 
v -4.47441 5.01314 -2.85521 
v -4.55749 5.28728 -2.85531 
v -4.55746 5.01313 -2.85531 
v -2.96435 5.01316 -3.89264 
v -3.04746 5.01316 -3.89264 
v -3.04746 5.28728 -3.89264 
v -2.96435 5.28728 -3.89264 
v -3.236 5.28729 -3.89264 
v -3.236 5.01317 -3.89264 
v -3.473 5.28729 -3.89264 
v -3.473 5.01317 -3.89264 
v -3.76096 5.28729 -3.89264 
v -3.76096 5.01317 -3.89264 
v -4.04891 5.01317 -3.89264 
v -4.04891 5.28729 -3.89264 
v -4.28592 5.01317 -3.89264 
v -4.28592 5.28729 -3.89264 
v -4.47446 5.01316 -3.89264 
v -4.47446 5.28728 -3.89264 
v -4.55757 5.01316 -3.89264 
v -4.55757 5.28728 -3.89264 
v -3.76096 5.38785 -3.86881 
v -3.473 5.38788 -3.86881 
v -3.473 5.35885 -3.86881 
v -3.236 5.35885 -3.86881 
v -3.76096 5.35885 -3.86881 
v -3.236 5.38791 -3.86881 
v -4.04891 5.38781 -3.86881 
v -3.04746 5.35885 -3.86881 
v -4.04891 5.35885 -3.86881 
v -3.04746 5.38793 -3.86881 
v -2.99136 5.35885 -3.86881 
v -2.99136 5.38794 -3.86881 
v -4.28592 5.38778 -3.86881 
v -4.28592 5.35885 -3.86881 
v -4.47446 5.35885 -3.86881 
v -4.47446 5.38776 -3.86881 
v -4.53056 5.35885 -3.86881 
v -4.53056 5.38775 -3.86881 
v -2.99136 5.38794 -2.90425 
v -3.04751 5.38793 -2.90425 
v -3.04751 5.35884 -2.90425 
v -2.99136 5.35884 -2.90425 
v -3.23599 5.35884 -2.90425 
v -3.23599 5.38791 -2.90425 
v -3.473 5.35884 -2.90425 
v -3.473 5.38788 -2.90425 
v -3.76096 5.35884 -2.90425 
v -3.76096 5.38785 -2.90425 
v -4.04892 5.35884 -2.90425 
v -4.04892 5.38781 -2.90425 
v -4.28593 5.35884 -2.90425 
v -4.28593 5.38778 -2.90425 
v -4.47441 5.35884 -2.90425 
v -4.47441 5.38776 -2.90425 
v -4.53056 5.35884 -2.90425 
v -4.53056 5.38775 -2.90425 
v -3.04746 5.28728 -3.89264 
v -3.04746 5.35885 -3.86881 
v -2.99136 5.35885 -3.86881 
v -3.236 5.28729 -3.89264 
v -2.96435 5.28728 -3.89264 
v -2.95341 5.35885 -3.83672 
v -2.92534 5.28728 -3.8605 
v -3.236 5.35885 -3.86881 
v -3.473 5.28729 -3.89264 
v -3.473 5.35885 -3.86881 
v -3.76096 5.28729 -3.89264 
v -3.76096 5.35885 -3.86881 
v -4.04891 5.35885 -3.86881 
v -4.04891 5.28729 -3.89264 
v -4.28592 5.35885 -3.86881 
v -4.28592 5.28729 -3.89264 
v -4.47446 5.35885 -3.86881 
v -4.47446 5.28728 -3.89264 
v -4.53056 5.35885 -3.86881 
v -4.55757 5.28728 -3.89264 
v -4.56851 5.35885 -3.83672 
v -4.59658 5.28728 -3.8605 
v -3.04746 5.01316 -3.89264 
v -2.96435 5.01316 -3.89264 
v -3.76096 5.01316 -3.37392 
v -2.92484 5.01319 -3.8603 
v -3.236 5.01317 -3.89264 
v -2.9253 5.01315 -2.88792 
v -3.473 5.01317 -3.89264 
v -2.96446 5.01313 -2.85531 
v -3.76096 5.01317 -3.89264 
v -3.04751 5.01314 -2.8552 
v -4.04891 5.01317 -3.89264 
v -3.23599 5.01315 -2.8552 
v -4.28592 5.01317 -3.89264 
v -4.47446 5.01316 -3.89264 
v -3.473 5.01315 -2.8552 
v -3.76096 5.01315 -2.8552 
v -4.04892 5.01315 -2.85521 
v -4.28593 5.01315 -2.85521 
v -4.47441 5.01314 -2.85521 
v -4.55746 5.01313 -2.85531 
v -4.59662 5.01315 -2.88792 
v -4.59708 5.01319 -3.8603 
v -4.55757 5.01316 -3.89264 
v -4.55757 5.01316 -3.89264 
v -4.47446 5.01316 -3.89264 
v -3.76096 5.01316 -3.37392 
v -2.95341 5.38794 -2.93889 
v -2.95341 5.38794 -3.83672 
v -3.05616 5.44501 -3.75285 
v -3.05616 5.44501 -3.02237 
v -3.473 5.28729 -2.8552 
v -3.473 5.35884 -2.90425 
v -3.76096 5.35884 -2.90425 
v -3.23599 5.28729 -2.8552 
v -3.76096 5.28729 -2.8552 
v -3.23599 5.35884 -2.90425 
v -4.04892 5.28729 -2.85521 
v -3.04751 5.28729 -2.8552 
v -4.04892 5.35884 -2.90425 
v -3.04751 5.35884 -2.90425 
v -4.28593 5.28729 -2.85521 
v -2.99136 5.35884 -2.90425 
v -4.28593 5.35884 -2.90425 
v -2.96443 5.28728 -2.85531 
v -2.92519 5.28728 -2.8879 
v -2.95341 5.35884 -2.93889 
v -4.47441 5.28729 -2.85521 
v -4.47441 5.35884 -2.90425 
v -4.53056 5.35884 -2.90425 
v -4.55749 5.28728 -2.85531 
v -4.59673 5.28728 -2.8879 
v -4.56851 5.35884 -2.93889 
v -4.56851 5.38775 -3.83672 
v -4.56851 5.38775 -2.93889 
v -4.46576 5.44264 -3.02237 
v -4.46576 5.44264 -3.75285 
v -3.50964 5.44425 -3.77896 
v -3.76096 5.44382 -3.77896 
v -3.76096 5.51269 -3.75703 
v -4.01228 5.51242 -3.75703 
v -4.01228 5.4434 -3.77896 
v -3.50964 5.51295 -3.75703 
v -3.30279 5.44459 -3.77896 
v -4.21913 5.51219 -3.75703 
v -4.21913 5.44306 -3.77896 
v -3.30279 5.51318 -3.75703 
v -3.13824 5.44487 -3.77896 
v -3.76096 5.58753 -3.69116 
v -3.13825 5.51335 -3.75703 
v -3.08927 5.44495 -3.77896 
v -3.08927 5.51341 -3.75703 
v -3.50964 5.58772 -3.69116 
v -3.30279 5.58787 -3.69116 
v -3.13825 5.588 -3.69116 
v -3.08927 5.58803 -3.69116 
v -3.13826 5.63609 -3.54638 
v -3.08927 5.63612 -3.54638 
v -3.13826 5.6452 -3.39537 
v -3.08927 5.64522 -3.39537 
v -3.30279 5.64513 -3.39537 
v -3.30279 5.636 -3.54638 
v -3.50964 5.64505 -3.39537 
v -3.50964 5.63588 -3.54638 
v -3.76096 5.64494 -3.39537 
v -3.76096 5.63573 -3.54638 
v -4.01228 5.64484 -3.39537 
v -4.01228 5.63559 -3.54638 
v -4.21913 5.64475 -3.39537 
v -4.01228 5.58735 -3.69116 
v -4.21913 5.63547 -3.54638 
v -4.38366 5.64469 -3.39537 
v -4.21913 5.58719 -3.69116 
v -4.38366 5.63537 -3.54638 
v -4.43265 5.64467 -3.39537 
v -4.43265 5.63534 -3.54638 
v -4.38367 5.58707 -3.69116 
v -4.43265 5.58704 -3.69116 
v -4.38367 5.51202 -3.75703 
v -4.43265 5.51197 -3.75703 
v -4.38368 5.44278 -3.77896 
v -4.43265 5.4427 -3.77896 
v -3.08927 5.44495 -2.99419 
v -3.08927 5.51127 -3.01601 
v -3.13827 5.51122 -3.01601 
v -3.08927 5.59162 -3.09586 
v -3.13828 5.44487 -2.99419 
v -3.13827 5.59158 -3.09586 
v -3.30278 5.51104 -3.01601 
v -3.08927 5.63052 -3.23543 
v -3.30278 5.44459 -2.99419 
v -3.13826 5.63049 -3.23543 
v -3.08927 5.64522 -3.39537 
v -3.13826 5.6452 -3.39537 
v -3.30278 5.59146 -3.09586 
v -3.30279 5.63039 -3.23543 
v -3.30279 5.64513 -3.39537 
v -3.50964 5.51082 -3.01601 
v -3.50964 5.44425 -2.99419 
v -3.50964 5.63027 -3.23543 
v -3.50964 5.5913 -3.09586 
v -3.50964 5.64505 -3.39537 
v -3.76096 5.51055 -3.01601 
v -3.76096 5.44383 -2.99419 
v -3.76096 5.63012 -3.23543 
v -3.76096 5.59111 -3.09586 
v -3.76096 5.64494 -3.39537 
v -4.01228 5.51028 -3.01601 
v -4.01228 5.4434 -2.99419 
v -4.01228 5.62997 -3.23543 
v -4.01228 5.59092 -3.09586 
v -4.01228 5.64484 -3.39537 
v -4.21914 5.51006 -3.01601 
v -4.21914 5.44306 -2.99419 
v -4.21913 5.62984 -3.23543 
v -4.21913 5.59076 -3.09586 
v -4.21913 5.64475 -3.39537 
v -4.38365 5.50988 -3.01601 
v -4.38364 5.44278 -2.99419 
v -4.43265 5.50983 -3.01601 
v -4.43265 5.4427 -2.99419 
v -4.38365 5.59064 -3.09586 
v -4.43265 5.5906 -3.09586 
v -4.38366 5.62974 -3.23543 
v -4.43265 5.62971 -3.23543 
v -4.38366 5.64469 -3.39537 
v -4.43265 5.64467 -3.39537 
v -3.473 5.38788 -3.86881 
v -3.76096 5.38785 -3.86881 
v -3.76096 5.44382 -3.77896 
v -4.01228 5.4434 -3.77896 
v -3.50964 5.44425 -3.77896 
v -4.04891 5.38781 -3.86881 
v -3.236 5.38791 -3.86881 
v -4.21913 5.44306 -3.77896 
v -3.30279 5.44459 -3.77896 
v -4.28592 5.38778 -3.86881 
v -3.04746 5.38793 -3.86881 
v -4.38368 5.44278 -3.77896 
v -3.13824 5.44487 -3.77896 
v -4.47446 5.38776 -3.86881 
v -2.99136 5.38794 -3.86881 
v -4.43265 5.4427 -3.77896 
v -3.08927 5.44495 -3.77896 
v -2.95341 5.38794 -3.83672 
v -3.05616 5.44501 -3.75285 
v -4.53056 5.38775 -3.86881 
v -4.46576 5.44264 -3.75285 
v -4.56851 5.38775 -3.83672 
v -3.04751 5.38793 -2.90425 
v -2.99136 5.38794 -2.90425 
v -3.08927 5.44495 -2.99419 
v -3.05616 5.44501 -3.02237 
v -2.95341 5.38794 -2.93889 
v -3.13828 5.44487 -2.99419 
v -3.23599 5.38791 -2.90425 
v -3.30278 5.44459 -2.99419 
v -3.473 5.38788 -2.90425 
v -3.50964 5.44425 -2.99419 
v -3.76096 5.38785 -2.90425 
v -3.76096 5.44383 -2.99419 
v -4.04892 5.38781 -2.90425 
v -4.01228 5.4434 -2.99419 
v -4.28593 5.38778 -2.90425 
v -4.21914 5.44306 -2.99419 
v -4.47441 5.38776 -2.90425 
v -4.38364 5.44278 -2.99419 
v -4.53056 5.38775 -2.90425 
v -4.43265 5.4427 -2.99419 
v -4.56851 5.38775 -2.93889 
v -4.46576 5.44264 -3.02237 

vn 0.637795 0 0.771654 
vn 0.637795 0 0.771654 
vn 0.637795 0 0.771654 
vn 0.637795 0 0.771654 
vn -0.637795 0 0.771654 
vn -0.637795 0 0.771654 
vn -0.637795 0 0.771654 
vn -0.637795 0 0.771654 
vn 0.629921 0 -0.771654 
vn 0.629921 0 -0.771654 
vn 0.637795 0 -0.771654 
vn 0.637795 0 -0.771654 
vn -0.637795 0 -0.771654 
vn -0.629921 0 -0.771654 
vn -0.629921 0 -0.771654 
vn -0.637795 0 -0.771654 
vn 0.677165 0 0.740157 
vn 0.677165 0 0.740157 
vn 0.677165 0 0.740157 
vn 0.677165 0 0.740157 
vn -0.677165 0 0.740157 
vn -0.677165 0 0.740157 
vn -0.677165 0 0.740157 
vn -0.677165 0 0.740157 
vn 0.645669 0 -0.76378 
vn 0.645669 0 -0.76378 
vn 0.645669 0 -0.76378 
vn 0.645669 0 -0.76378 
vn -0.645669 0 -0.76378 
vn -0.645669 0 -0.76378 
vn -0.645669 0 -0.76378 
vn -0.645669 0 -0.76378 
vn 1 0 0 
vn 1 0 0 
vn 1 0 0 
vn 1 0 0 
vn -1 0 0 
vn -1 0 0 
vn -1 0 0 
vn -1 0 0 
vn 1 0 0 
vn 1 0 0 
vn 1 0 0 
vn 1 0 0 
vn -1 0 0 
vn -1 0 0 
vn -1 0 0 
vn -1 0 0 
vn 0.795276 0.448819 -0.401575 
vn 0.826772 0.440945 -0.346457 
vn 0.826772 0.503937 0.244094 
vn 0.716535 0.559055 0.409449 
vn -0.826772 0.503937 0.244094 
vn -0.826772 0.440945 -0.346457 
vn -0.795276 0.448819 -0.401575 
vn -0.716535 0.559055 0.409449 
vn 1 0 0 
vn 1 0 0 
vn 1 0 0 
vn 1 0 0 
vn 1 0 0 
vn 1 0 0 
vn 1 0 0 
vn 1 0 0 
vn 1 0 0 
vn -1 0 0 
vn -1 0 0 
vn -1 0 0 
vn -1 0 0 
vn -1 0 0 
vn -1 0 0 
vn -1 0 0 
vn -1 0 0 
vn -1 0 0 
vn 0.614173 0.251969 -0.748031 
vn 0.598425 0.244094 -0.76378 
vn 0.637795 0.385827 -0.661417 
vn 0.653543 0.393701 -0.653543 
vn 0.653543 0.629921 -0.425197 
vn 0.645669 0.637795 -0.417323 
vn 0.661417 0.740157 -0.133858 
vn 0.653543 0.740157 -0.125984 
vn 0.692913 0.724409 0.00787402 
vn 0.700787 0.716535 0.00787402 
vn -0.614173 0.251969 -0.748031 
vn -0.653543 0.385827 -0.653543 
vn -0.637795 0.385827 -0.661417 
vn -0.598425 0.244094 -0.76378 
vn -0.653543 0.629921 -0.425197 
vn -0.645669 0.637795 -0.417323 
vn -0.661417 0.740157 -0.133858 
vn -0.653543 0.740157 -0.125984 
vn -0.685039 0.724409 0.00787402 
vn -0.700787 0.716535 0.00787402 
vn 0.622047 0.23622 0.748031 
vn 0.614173 0.425197 0.669291 
vn 0.614173 0.401575 0.685039 
vn 0.629921 0.244094 0.740157 
vn 0.622047 0.677165 0.393701 
vn 0.629921 0.677165 0.385827 
vn 0.653543 0.748031 0.125984 
vn 0.645669 0.755906 0.11811 
vn 0.692913 0.724409 0.00787402 
vn 0.700787 0.716535 0.00787402 
vn -0.622047 0.23622 0.748031 
vn -0.629921 0.23622 0.740157 
vn -0.614173 0.401575 0.685039 
vn -0.614173 0.417323 0.669291 
vn -0.622047 0.677165 0.393701 
vn -0.629921 0.677165 0.385827 
vn -0.653543 0.748031 0.125984 
vn -0.645669 0.755906 0.11811 
vn -0.685039 0.724409 0.00787402 
vn -0.700787 0.716535 0.00787402 
vn 0 0 1 
vn 0 0 1 
vn 0 0 1 
vn 0 0 1 
vn 0 0 1 
vn 0 0 1 
vn 0 0 1 
vn 0 0 1 
vn 0 0 1 
vn 0 0 1 
vn 0 0 1 
vn 0 0 1 
vn 0 0 1 
vn 0 0 1 
vn 0 0 1 
vn 0 0 1 
vn 0 0 1 
vn 0 0 1 
vn 0 0 -1 
vn 0 0 -1 
vn 0 0 -1 
vn 0 0 -1 
vn 0 0 -1 
vn 0 0 -1 
vn 0 0 -1 
vn 0 0 -1 
vn 0 0 -1 
vn 0 0 -1 
vn 0 0 -1 
vn 0 0 -1 
vn 0 0 -1 
vn 0 0 -1 
vn 0 0 -1 
vn 0 0 -1 
vn 0 0 -1 
vn 0 0 -1 
vn 0 0 -1 
vn 0 0 -1 
vn 0 0 -1 
vn 0 0 -1 
vn 0 0 -1 
vn 0 0 -1 
vn 0 0 -1 
vn 0 0 -1 
vn 0 0 -1 
vn 0 0 -1 
vn 0 0 -1 
vn 0 0 -1 
vn 0 0 -1 
vn 0 0 -1 
vn 0 0 -1 
vn 0 0 -1 
vn 0 0 -1 
vn 0 0 -1 
vn 0 0 1 
vn 0 0 1 
vn 0 0 1 
vn 0 0 1 
vn 0 0 1 
vn 0 0 1 
vn 0 0 1 
vn 0 0 1 
vn 0 0 1 
vn 0 0 1 
vn 0 0 1 
vn 0 0 1 
vn 0 0 1 
vn 0 0 1 
vn 0 0 1 
vn 0 0 1 
vn 0 0 1 
vn 0 0 1 
vn 0 0.314961 -0.944882 
vn 0 0.314961 -0.944882 
vn 0.267717 0.393701 -0.88189 
vn 0 0.314961 -0.944882 
vn 0.346457 0.417323 -0.84252 
vn 0.826772 0.440945 -0.346457 
vn 0.795276 0.448819 -0.401575 
vn 0 0.314961 -0.944882 
vn 0 0.314961 -0.944882 
vn 0 0.314961 -0.944882 
vn 0 0.314961 -0.944882 
vn 0 0.314961 -0.944882 
vn 0 0.314961 -0.944882 
vn 0 0.314961 -0.944882 
vn 0 0.314961 -0.944882 
vn 0 0.314961 -0.944882 
vn 0 0.314961 -0.944882 
vn 0 0.314961 -0.944882 
vn -0.267717 0.393701 -0.88189 
vn -0.346457 0.417323 -0.84252 
vn -0.826772 0.440945 -0.346457 
vn -0.795276 0.448819 -0.401575 
vn 0 -1 0 
vn 0 -1 0 
vn 0 -1 0 
vn 0 -1 0 
vn 0 -1 0 
vn 0 -1 0 
vn 0 -1 0 
vn 0 -1 0 
vn 0 -1 0 
vn 0 -1 0 
vn 0 -1 0 
vn 0 -1 0 
vn 0 -1 0 
vn 0 -1 0 
vn 0 -1 0 
vn 0 -1 0 
vn 0 -1 0 
vn 0 -1 0 
vn 0 -1 0 
vn 0 -1 0 
vn 0 -1 0 
vn 0 -1 0 
vn 0 -1 0 
vn 0 -1 0 
vn 0 -1 0 
vn 0 -1 0 
vn 0.362205 0.913386 0.181102 
vn 0.354331 0.913386 -0.188976 
vn 0.385827 0.913386 -0.141732 
vn 0.393701 0.913386 0.133858 
vn 0 0.566929 0.826772 
vn 0 0.566929 0.826772 
vn 0 0.566929 0.826772 
vn 0 0.566929 0.826772 
vn 0 0.566929 0.826772 
vn 0 0.566929 0.826772 
vn 0 0.566929 0.826772 
vn 0 0.566929 0.826772 
vn 0 0.566929 0.826772 
vn 0 0.566929 0.826772 
vn 0 0.566929 0.826772 
vn 0.259843 0.614173 0.740157 
vn 0 0.566929 0.826772 
vn 0.283465 0.614173 0.740157 
vn 0.716535 0.559055 0.409449 
vn 0.826772 0.503937 0.244094 
vn 0 0.566929 0.826772 
vn 0 0.566929 0.826772 
vn -0.259843 0.614173 0.740157 
vn -0.283465 0.614173 0.740157 
vn -0.716535 0.559055 0.409449 
vn -0.826772 0.503937 0.244094 
vn -0.346457 0.92126 -0.181102 
vn -0.346457 0.92126 0.173228 
vn -0.377953 0.913386 0.133858 
vn -0.377953 0.913386 -0.133858 
vn 0 0.307087 -0.952756 
vn 0 0.307087 -0.952756 
vn 0 0.496063 -0.866142 
vn 0 0.488189 -0.874016 
vn 0 0.299213 -0.952756 
vn 0 0.496063 -0.866142 
vn 0 0.307087 -0.952756 
vn 0 0.488189 -0.874016 
vn 0 0.299213 -0.952756 
vn 0 0.496063 -0.866142 
vn 0 0.307087 -0.952756 
vn 0 0.834646 -0.551181 
vn 0 0.496063 -0.866142 
vn 0 0.307087 -0.952756 
vn 0 0.496063 -0.866142 
vn 0 0.834646 -0.551181 
vn 0 0.834646 -0.551181 
vn 0 0.834646 -0.551181 
vn 0 0.834646 -0.551181 
vn 0 0.984252 -0.188976 
vn 0 0.984252 -0.188976 
vn 0 1 0.015748 
vn 0 1 0.015748 
vn 0 1 0.015748 
vn 0 0.984252 -0.188976 
vn 0 1 0.015748 
vn 0 0.984252 -0.188976 
vn 0 1 0.015748 
vn 0 0.984252 -0.188976 
vn 0 1 0.015748 
vn 0 0.984252 -0.188976 
vn 0 1 0.015748 
vn 0 0.834646 -0.551181 
vn 0 0.984252 -0.188976 
vn 0 1 0.015748 
vn 0 0.834646 -0.551181 
vn 0 0.984252 -0.188976 
vn 0 1 0.015748 
vn 0 0.984252 -0.188976 
vn 0 0.834646 -0.551181 
vn 0 0.834646 -0.551181 
vn 0 0.488189 -0.874016 
vn 0 0.488189 -0.874016 
vn 0 0.299213 -0.952756 
vn 0 0.299213 -0.952756 
vn 0 0.314961 0.952756 
vn 0 0.519685 0.850394 
vn 0 0.519685 0.850394 
vn 0 0.866142 0.503937 
vn 0 0.314961 0.952756 
vn 0 0.866142 0.503937 
vn 0 0.519685 0.850394 
vn 0 0.984252 0.181102 
vn 0 0.314961 0.952756 
vn 0 0.984252 0.181102 
vn 0 1 0.015748 
vn 0 1 0.015748 
vn 0 0.866142 0.503937 
vn 0 0.984252 0.181102 
vn 0 1 0.015748 
vn 0 0.519685 0.850394 
vn 0 0.314961 0.952756 
vn 0 0.984252 0.181102 
vn 0 0.858268 0.503937 
vn 0 1 0.015748 
vn 0 0.519685 0.850394 
vn 0 0.314961 0.952756 
vn 0 0.984252 0.181102 
vn 0 0.858268 0.503937 
vn 0 1 0.015748 
vn 0 0.519685 0.850394 
vn 0 0.307087 0.952756 
vn 0 0.984252 0.181102 
vn 0 0.858268 0.503937 
vn 0 1 0.015748 
vn 0 0.519685 0.850394 
vn 0 0.307087 0.952756 
vn 0 0.984252 0.181102 
vn 0 0.858268 0.503937 
vn 0 1 0.015748 
vn 0 0.519685 0.850394 
vn 0 0.307087 0.952756 
vn 0 0.519685 0.850394 
vn 0 0.307087 0.952756 
vn 0 0.858268 0.503937 
vn 0 0.858268 0.503937 
vn 0 0.984252 0.181102 
vn 0 0.984252 0.181102 
vn 0 1 0.015748 
vn 0 1 0.015748 
vn 0 0.850394 -0.527559 
vn 0 0.850394 -0.527559 
vn 0 0.850394 -0.527559 
vn 0 0.850394 -0.527559 
vn 0 0.850394 -0.535433 
vn 0 0.850394 -0.527559 
vn 0 0.84252 -0.535433 
vn 0 0.850394 -0.527559 
vn 0 0.84252 -0.535433 
vn 0 0.850394 -0.519685 
vn 0 0.84252 -0.535433 
vn 0 0.850394 -0.519685 
vn 0 0.84252 -0.535433 
vn 0 0.850394 -0.519685 
vn 0.173228 0.905512 -0.385827 
vn -0.0944882 0.889764 -0.440945 
vn 0.0944882 0.88189 -0.456693 
vn 0.354331 0.913386 -0.188976 
vn 0.385827 0.913386 -0.141732 
vn -0.173228 0.913386 -0.377953 
vn -0.377953 0.913386 -0.133858 
vn -0.346457 0.92126 -0.181102 
vn 0 0.84252 0.535433 
vn 0.181102 0.905512 0.385827 
vn 0.102362 0.889764 0.456693 
vn 0.393701 0.913386 0.133858 
vn 0.362205 0.913386 0.181102 
vn 0 0.84252 0.535433 
vn 0 0.84252 0.535433 
vn 0 0.84252 0.535433 
vn 0 0.850394 0.535433 
vn 0 0.850394 0.527559 
vn 0 0.850394 0.527559 
vn 0 0.850394 0.527559 
vn 0 0.850394 0.527559 
vn 0 0.850394 0.527559 
vn 0 0.850394 0.519685 
vn 0 0.850394 0.519685 
vn 0 0.850394 0.519685 
vn 0 0.850394 0.519685 
vn -0.173228 0.913386 0.370079 
vn -0.102362 0.889764 0.440945 
vn -0.346457 0.92126 0.173228 
vn -0.377953 0.913386 0.133858 

vt 0.346658 0.645145 
vt 0.351244 0.645145 
vt 0.351244 0.682578 
vt 0.34665 0.682578 
vt 0.212072 0.682578 
vt 0.212072 0.645145 
vt 0.217845 0.645145 
vt 0.217708 0.682578 
vt 0.00278207 0.645145 
vt 0.0101491 0.645145 
vt 0.0102416 0.682578 
vt 0.00278207 0.682578 
vt 0.136618 0.682578 
vt 0.136882 0.645145 
vt 0.142109 0.645145 
vt 0.142109 0.682578 
vt 0.351244 0.695353 
vt 0.351244 0.699623 
vt 0.346228 0.699481 
vt 0.346232 0.695353 
vt 0.218008 0.699453 
vt 0.212072 0.699591 
vt 0.212072 0.695353 
vt 0.218026 0.695353 
vt 0.0110195 0.699621 
vt 0.00278207 0.699623 
vt 0.00278207 0.695353 
vt 0.0110203 0.695353 
vt 0.142109 0.695353 
vt 0.142109 0.699591 
vt 0.13598 0.699733 
vt 0.136003 0.695353 
vt 0.351259 0.682578 
vt 0.351259 0.645145 
vt 0.420795 0.645145 
vt 0.420795 0.682578 
vt 0.142109 0.645145 
vt 0.212072 0.645145 
vt 0.212072 0.682578 
vt 0.142109 0.682578 
vt 0.420795 0.699623 
vt 0.351259 0.699623 
vt 0.351259 0.695353 
vt 0.420795 0.695353 
vt 0.212072 0.699591 
vt 0.142109 0.699591 
vt 0.142109 0.695353 
vt 0.212072 0.695353 
vt 0.420795 0.682578 
vt 0.420795 0.695353 
vt 0.351259 0.695353 
vt 0.351259 0.682578 
vt 0.212072 0.695353 
vt 0.142109 0.695353 
vt 0.142109 0.682578 
vt 0.212072 0.682578 
vt 0.152049 0.599562 
vt 0.152169 0.6083 
vt 0.151928 0.617687 
vt 0.151081 0.62587 
vt 0.150976 0.591204 
vt 0.149399 0.587791 
vt 0.149458 0.630065 
vt 0.148062 0.586529 
vt 0.148062 0.631146 
vt 0.210523 0.600315 
vt 0.210276 0.609653 
vt 0.210402 0.618348 
vt 0.211371 0.592174 
vt 0.211475 0.626663 
vt 0.213056 0.630058 
vt 0.212997 0.587999 
vt 0.214408 0.631313 
vt 0.214408 0.586924 
vt 0.146669 0.58607 
vt 0.148294 0.586102 
vt 0.148294 0.587176 
vt 0.146669 0.587156 
vt 0.146669 0.590092 
vt 0.148294 0.590401 
vt 0.148294 0.597488 
vt 0.146669 0.597281 
vt 0.146669 0.604799 
vt 0.148294 0.604881 
vt 0.215829 0.586057 
vt 0.215829 0.587143 
vt 0.214204 0.587176 
vt 0.214204 0.586102 
vt 0.215829 0.590081 
vt 0.214204 0.590401 
vt 0.214204 0.597488 
vt 0.215829 0.597276 
vt 0.215829 0.604799 
vt 0.214204 0.604881 
vt 0.146681 0.630733 
vt 0.146681 0.629512 
vt 0.148306 0.62942 
vt 0.148306 0.630823 
vt 0.148306 0.624287 
vt 0.146681 0.624772 
vt 0.148306 0.615315 
vt 0.146681 0.615528 
vt 0.146681 0.604925 
vt 0.148306 0.605032 
vt 0.215842 0.630751 
vt 0.214217 0.630823 
vt 0.214217 0.62942 
vt 0.215842 0.629529 
vt 0.214217 0.624287 
vt 0.215842 0.624786 
vt 0.214217 0.615315 
vt 0.215842 0.615535 
vt 0.215842 0.604924 
vt 0.214217 0.605032 
vt 0.282316 0.645145 
vt 0.303637 0.645145 
vt 0.303663 0.682578 
vt 0.321355 0.682578 
vt 0.282152 0.682578 
vt 0.32118 0.645145 
vt 0.260662 0.682578 
vt 0.335289 0.682578 
vt 0.261011 0.645145 
vt 0.335064 0.645145 
vt 0.34665 0.682578 
vt 0.346658 0.645145 
vt 0.243002 0.682578 
vt 0.243525 0.645145 
vt 0.229163 0.682578 
vt 0.229704 0.645145 
vt 0.217708 0.682578 
vt 0.217845 0.645145 
vt 0.0101491 0.645145 
vt 0.0197017 0.645145 
vt 0.0194024 0.682578 
vt 0.0102416 0.682578 
vt 0.0335316 0.682578 
vt 0.0338555 0.645145 
vt 0.0514591 0.682578 
vt 0.0517166 0.645145 
vt 0.073238 0.682578 
vt 0.0734727 0.645145 
vt 0.0952494 0.645145 
vt 0.0950248 0.682578 
vt 0.113133 0.645145 
vt 0.112951 0.682578 
vt 0.127313 0.645145 
vt 0.12709 0.682578 
vt 0.136882 0.645145 
vt 0.136618 0.682578 
vt 0.0731468 0.699597 
vt 0.0513589 0.699583 
vt 0.0513749 0.695353 
vt 0.0334113 0.695353 
vt 0.0731722 0.695353 
vt 0.0334053 0.699581 
vt 0.0949354 0.699621 
vt 0.0190584 0.695353 
vt 0.0949712 0.695353 
vt 0.0190582 0.699602 
vt 0.0110203 0.695353 
vt 0.0110195 0.699621 
vt 0.112886 0.69965 
vt 0.112932 0.695353 
vt 0.127302 0.695353 
vt 0.127251 0.699703 
vt 0.136003 0.695353 
vt 0.13598 0.699733 
vt 0.346228 0.699481 
vt 0.335829 0.69948 
vt 0.335837 0.695353 
vt 0.346232 0.695353 
vt 0.321471 0.695353 
vt 0.321462 0.699477 
vt 0.303672 0.695353 
vt 0.303659 0.699472 
vt 0.282097 0.695353 
vt 0.282081 0.699467 
vt 0.260543 0.695353 
vt 0.260523 0.699462 
vt 0.242775 0.695353 
vt 0.242749 0.699457 
vt 0.228499 0.695353 
vt 0.228463 0.699453 
vt 0.218026 0.695353 
vt 0.218008 0.699453 
vt 0.0194024 0.682578 
vt 0.0190584 0.695353 
vt 0.0110203 0.695353 
vt 0.0335316 0.682578 
vt 0.0102416 0.682578 
vt 0.00278207 0.695353 
vt 0.00278207 0.682578 
vt 0.0334113 0.695353 
vt 0.0514591 0.682578 
vt 0.0513749 0.695353 
vt 0.073238 0.682578 
vt 0.0731722 0.695353 
vt 0.0949712 0.695353 
vt 0.0950248 0.682578 
vt 0.112932 0.695353 
vt 0.112951 0.682578 
vt 0.127302 0.695353 
vt 0.12709 0.682578 
vt 0.136003 0.695353 
vt 0.136618 0.682578 
vt 0.142109 0.695353 
vt 0.142109 0.682578 
vt 0.0133639 0.643229 
vt 0.0032445 0.643229 
vt 0.0722538 0.587955 
vt 0.0032445 0.639784 
vt 0.0289256 0.643229 
vt 0.0032445 0.536167 
vt 0.0484871 0.643229 
vt 0.0032445 0.532691 
vt 0.0722538 0.643228 
vt 0.0133684 0.53268 
vt 0.0960205 0.643228 
vt 0.0289245 0.53268 
vt 0.115582 0.643228 
vt 0.141264 0.643229 
vt 0.0484871 0.53268 
vt 0.0722538 0.53268 
vt 0.0960205 0.53268 
vt 0.115582 0.53268 
vt 0.131139 0.53268 
vt 0.141264 0.532691 
vt 0.141264 0.536166 
vt 0.141264 0.639784 
vt 0.141264 0.643229 
vt 0.141264 0.643229 
vt 0.141264 0.643229 
vt 0.0722538 0.587955 
vt 0.146695 0.636245 
vt 0.146695 0.581407 
vt 0.148062 0.586529 
vt 0.148062 0.631146 
vt 0.303663 0.682578 
vt 0.303672 0.695353 
vt 0.282097 0.695353 
vt 0.321355 0.682578 
vt 0.282152 0.682578 
vt 0.321471 0.695353 
vt 0.260662 0.682578 
vt 0.335289 0.682578 
vt 0.260543 0.695353 
vt 0.335837 0.695353 
vt 0.243002 0.682578 
vt 0.346232 0.695353 
vt 0.242775 0.695353 
vt 0.34665 0.682578 
vt 0.351244 0.682578 
vt 0.351244 0.695353 
vt 0.229163 0.682578 
vt 0.228499 0.695353 
vt 0.218026 0.695353 
vt 0.217708 0.682578 
vt 0.212072 0.682578 
vt 0.212072 0.695353 
vt 0.215768 0.63641 
vt 0.215768 0.581851 
vt 0.214408 0.586924 
vt 0.214408 0.631313 
vt 0.168918 0.586102 
vt 0.181249 0.586102 
vt 0.181249 0.587176 
vt 0.19358 0.587176 
vt 0.19358 0.586102 
vt 0.168918 0.587176 
vt 0.158769 0.586102 
vt 0.203729 0.587176 
vt 0.203729 0.586102 
vt 0.158769 0.587176 
vt 0.150697 0.586102 
vt 0.181249 0.590401 
vt 0.150697 0.587176 
vt 0.148294 0.586102 
vt 0.148294 0.587176 
vt 0.168918 0.590401 
vt 0.158769 0.590401 
vt 0.150697 0.590401 
vt 0.148294 0.590401 
vt 0.150697 0.597488 
vt 0.148294 0.597488 
vt 0.150697 0.604881 
vt 0.148294 0.604881 
vt 0.158769 0.604881 
vt 0.158769 0.597488 
vt 0.168918 0.604881 
vt 0.168918 0.597488 
vt 0.181249 0.604881 
vt 0.181249 0.597488 
vt 0.19358 0.604881 
vt 0.19358 0.597488 
vt 0.203729 0.604881 
vt 0.19358 0.590401 
vt 0.203729 0.597488 
vt 0.211801 0.604881 
vt 0.203729 0.590401 
vt 0.211801 0.597488 
vt 0.214204 0.604881 
vt 0.214204 0.597488 
vt 0.211801 0.590401 
vt 0.214204 0.590401 
vt 0.211801 0.587176 
vt 0.214204 0.587176 
vt 0.211801 0.586102 
vt 0.214204 0.586102 
vt 0.148306 0.630823 
vt 0.148306 0.62942 
vt 0.15071 0.62942 
vt 0.148306 0.624287 
vt 0.15071 0.630823 
vt 0.15071 0.624287 
vt 0.158782 0.62942 
vt 0.148306 0.615315 
vt 0.158782 0.630823 
vt 0.15071 0.615315 
vt 0.148306 0.605032 
vt 0.15071 0.605032 
vt 0.158782 0.624287 
vt 0.158782 0.615315 
vt 0.158782 0.605032 
vt 0.168931 0.62942 
vt 0.168931 0.630823 
vt 0.168931 0.615315 
vt 0.168931 0.624287 
vt 0.168931 0.605032 
vt 0.181261 0.62942 
vt 0.181261 0.630823 
vt 0.181261 0.615315 
vt 0.181261 0.624287 
vt 0.181261 0.605032 
vt 0.193592 0.62942 
vt 0.193592 0.630823 
vt 0.193592 0.615315 
vt 0.193592 0.624287 
vt 0.193592 0.605032 
vt 0.203741 0.62942 
vt 0.203741 0.630823 
vt 0.203741 0.615315 
vt 0.203741 0.624287 
vt 0.203741 0.605032 
vt 0.211813 0.62942 
vt 0.211813 0.630823 
vt 0.214217 0.62942 
vt 0.214217 0.630823 
vt 0.211813 0.624287 
vt 0.214217 0.624287 
vt 0.211813 0.615315 
vt 0.214217 0.615315 
vt 0.211813 0.605032 
vt 0.214217 0.605032 
vt 0.168918 0.581704 
vt 0.181249 0.581704 
vt 0.181249 0.586102 
vt 0.19358 0.586102 
vt 0.168918 0.586102 
vt 0.19358 0.581704 
vt 0.158769 0.581704 
vt 0.203729 0.586102 
vt 0.158769 0.586102 
vt 0.203729 0.581704 
vt 0.150697 0.581704 
vt 0.211801 0.586102 
vt 0.150697 0.586102 
vt 0.211801 0.581704 
vt 0.148294 0.581704 
vt 0.214204 0.586102 
vt 0.148294 0.586102 
vt 0.146669 0.581663 
vt 0.146669 0.58607 
vt 0.214204 0.581704 
vt 0.215829 0.586057 
vt 0.215829 0.581647 
vt 0.15071 0.636605 
vt 0.148306 0.636605 
vt 0.148306 0.630823 
vt 0.146681 0.630733 
vt 0.146681 0.636493 
vt 0.15071 0.630823 
vt 0.158782 0.636605 
vt 0.158782 0.630823 
vt 0.168931 0.636605 
vt 0.168931 0.630823 
vt 0.181261 0.636604 
vt 0.181261 0.630823 
vt 0.193592 0.636604 
vt 0.193592 0.630823 
vt 0.203741 0.636604 
vt 0.203741 0.630823 
vt 0.211813 0.636604 
vt 0.211813 0.630823 
vt 0.214217 0.636604 
vt 0.214217 0.630823 
vt 0.215842 0.636515 
vt 0.215842 0.630751 

usemtl Rig1Mtl

f 6096/6096/6096 6097/6097/6097 6098/6098/6098 
f 6098/6098/6098 6099/6099/6099 6096/6096/6096 
f 6100/6100/6100 6101/6101/6101 6102/6102/6102 
f 6102/6102/6102 6103/6103/6103 6100/6100/6100 
f 6104/6104/6104 6105/6105/6105 6106/6106/6106 
f 6106/6106/6106 6107/6107/6107 6104/6104/6104 
f 6108/6108/6108 6109/6109/6109 6110/6110/6110 
f 6110/6110/6110 6111/6111/6111 6108/6108/6108 
f 6112/6112/6112 6113/6113/6113 6114/6114/6114 
f 6114/6114/6114 6115/6115/6115 6112/6112/6112 
f 6116/6116/6116 6117/6117/6117 6118/6118/6118 
f 6118/6118/6118 6119/6119/6119 6116/6116/6116 
f 6120/6120/6120 6121/6121/6121 6122/6122/6122 
f 6122/6122/6122 6123/6123/6123 6120/6120/6120 
f 6124/6124/6124 6125/6125/6125 6126/6126/6126 
f 6126/6126/6126 6127/6127/6127 6124/6124/6124 
f 6128/6128/6128 6129/6129/6129 6130/6130/6130 
f 6130/6130/6130 6131/6131/6131 6128/6128/6128 
f 6132/6132/6132 6133/6133/6133 6134/6134/6134 
f 6134/6134/6134 6135/6135/6135 6132/6132/6132 
f 6136/6136/6136 6137/6137/6137 6138/6138/6138 
f 6138/6138/6138 6139/6139/6139 6136/6136/6136 
f 6140/6140/6140 6141/6141/6141 6142/6142/6142 
f 6142/6142/6142 6143/6143/6143 6140/6140/6140 
f 6144/6144/6144 6145/6145/6145 6146/6146/6146 
f 6146/6146/6146 6147/6147/6147 6144/6144/6144 
f 6148/6148/6148 6149/6149/6149 6150/6150/6150 
f 6150/6150/6150 6151/6151/6151 6148/6148/6148 
f 6152/6152/6152 6153/6153/6153 6154/6154/6154 
f 6152/6152/6152 6154/6154/6154 6155/6155/6155 
f 6156/6156/6156 6152/6152/6152 6155/6155/6155 
f 6157/6157/6157 6156/6156/6156 6155/6155/6155 
f 6157/6157/6157 6155/6155/6155 6158/6158/6158 
f 6159/6159/6159 6157/6157/6157 6158/6158/6158 
f 6158/6158/6158 6160/6160/6160 6159/6159/6159 
f 6161/6161/6161 6162/6162/6162 6163/6163/6163 
f 6164/6164/6164 6161/6161/6161 6163/6163/6163 
f 6164/6164/6164 6163/6163/6163 6165/6165/6165 
f 6164/6164/6164 6165/6165/6165 6166/6166/6166 
f 6167/6167/6167 6164/6164/6164 6166/6166/6166 
f 6167/6167/6167 6166/6166/6166 6168/6168/6168 
f 6168/6168/6168 6169/6169/6169 6167/6167/6167 
f 6170/6170/6170 6171/6171/6171 6172/6172/6172 
f 6172/6172/6172 6173/6173/6173 6170/6170/6170 
f 6174/6174/6174 6173/6173/6173 6172/6172/6172 
f 6172/6172/6172 6175/6175/6175 6174/6174/6174 
f 6174/6174/6174 6175/6175/6175 6176/6176/6176 
f 6176/6176/6176 6177/6177/6177 6174/6174/6174 
f 6178/6178/6178 6177/6177/6177 6176/6176/6176 
f 6176/6176/6176 6179/6179/6179 6178/6178/6178 
f 6180/6180/6180 6181/6181/6181 6182/6182/6182 
f 6182/6182/6182 6183/6183/6183 6180/6180/6180 
f 6182/6182/6182 6181/6181/6181 6184/6184/6184 
f 6184/6184/6184 6185/6185/6185 6182/6182/6182 
f 6186/6186/6186 6185/6185/6185 6184/6184/6184 
f 6184/6184/6184 6187/6187/6187 6186/6186/6186 
f 6186/6186/6186 6187/6187/6187 6188/6188/6188 
f 6188/6188/6188 6189/6189/6189 6186/6186/6186 
f 6190/6190/6190 6191/6191/6191 6192/6192/6192 
f 6192/6192/6192 6193/6193/6193 6190/6190/6190 
f 6194/6194/6194 6192/6192/6192 6191/6191/6191 
f 6191/6191/6191 6195/6195/6195 6194/6194/6194 
f 6196/6196/6196 6194/6194/6194 6195/6195/6195 
f 6195/6195/6195 6197/6197/6197 6196/6196/6196 
f 6196/6196/6196 6197/6197/6197 6198/6198/6198 
f 6198/6198/6198 6199/6199/6199 6196/6196/6196 
f 6200/6200/6200 6201/6201/6201 6202/6202/6202 
f 6202/6202/6202 6203/6203/6203 6200/6200/6200 
f 6203/6203/6203 6202/6202/6202 6204/6204/6204 
f 6204/6204/6204 6205/6205/6205 6203/6203/6203 
f 6205/6205/6205 6204/6204/6204 6206/6206/6206 
f 6206/6206/6206 6207/6207/6207 6205/6205/6205 
f 6208/6208/6208 6207/6207/6207 6206/6206/6206 
f 6206/6206/6206 6209/6209/6209 6208/6208/6208 
f 6210/6210/6210 6211/6211/6211 6212/6212/6212 
f 6213/6213/6213 6212/6212/6212 6211/6211/6211 
f 6212/6212/6212 6214/6214/6214 6210/6210/6210 
f 6211/6211/6211 6215/6215/6215 6213/6213/6213 
f 6210/6210/6210 6214/6214/6214 6216/6216/6216 
f 6217/6217/6217 6213/6213/6213 6215/6215/6215 
f 6216/6216/6216 6218/6218/6218 6210/6210/6210 
f 6215/6215/6215 6219/6219/6219 6217/6217/6217 
f 6220/6220/6220 6217/6217/6217 6219/6219/6219 
f 6219/6219/6219 6221/6221/6221 6220/6220/6220 
f 6218/6218/6218 6216/6216/6216 6222/6222/6222 
f 6222/6222/6222 6223/6223/6223 6218/6218/6218 
f 6223/6223/6223 6222/6222/6222 6224/6224/6224 
f 6224/6224/6224 6225/6225/6225 6223/6223/6223 
f 6225/6225/6225 6224/6224/6224 6226/6226/6226 
f 6226/6226/6226 6227/6227/6227 6225/6225/6225 
f 6228/6228/6228 6229/6229/6229 6230/6230/6230 
f 6230/6230/6230 6231/6231/6231 6228/6228/6228 
f 6232/6232/6232 6230/6230/6230 6229/6229/6229 
f 6229/6229/6229 6233/6233/6233 6232/6232/6232 
f 6234/6234/6234 6232/6232/6232 6233/6233/6233 
f 6233/6233/6233 6235/6235/6235 6234/6234/6234 
f 6236/6236/6236 6234/6234/6234 6235/6235/6235 
f 6235/6235/6235 6237/6237/6237 6236/6236/6236 
f 6236/6236/6236 6237/6237/6237 6238/6238/6238 
f 6238/6238/6238 6239/6239/6239 6236/6236/6236 
f 6239/6239/6239 6238/6238/6238 6240/6240/6240 
f 6240/6240/6240 6241/6241/6241 6239/6239/6239 
f 6241/6241/6241 6240/6240/6240 6242/6242/6242 
f 6242/6242/6242 6243/6243/6243 6241/6241/6241 
f 6243/6243/6243 6242/6242/6242 6244/6244/6244 
f 6244/6244/6244 6245/6245/6245 6243/6243/6243 
f 6246/6246/6246 6247/6247/6247 6248/6248/6248 
f 6249/6249/6249 6248/6248/6248 6247/6247/6247 
f 6248/6248/6248 6250/6250/6250 6246/6246/6246 
f 6247/6247/6247 6251/6251/6251 6249/6249/6249 
f 6252/6252/6252 6246/6246/6246 6250/6250/6250 
f 6253/6253/6253 6249/6249/6249 6251/6251/6251 
f 6250/6250/6250 6254/6254/6254 6252/6252/6252 
f 6251/6251/6251 6255/6255/6255 6253/6253/6253 
f 6256/6256/6256 6253/6253/6253 6255/6255/6255 
f 6255/6255/6255 6257/6257/6257 6256/6256/6256 
f 6258/6258/6258 6252/6252/6252 6254/6254/6254 
f 6254/6254/6254 6259/6259/6259 6258/6258/6258 
f 6258/6258/6258 6259/6259/6259 6260/6260/6260 
f 6260/6260/6260 6261/6261/6261 6258/6258/6258 
f 6261/6261/6261 6260/6260/6260 6262/6262/6262 
f 6262/6262/6262 6263/6263/6263 6261/6261/6261 
f 6264/6264/6264 6265/6265/6265 6266/6266/6266 
f 6266/6266/6266 6267/6267/6267 6264/6264/6264 
f 6268/6268/6268 6266/6266/6266 6265/6265/6265 
f 6265/6265/6265 6269/6269/6269 6268/6268/6268 
f 6270/6270/6270 6268/6268/6268 6269/6269/6269 
f 6269/6269/6269 6271/6271/6271 6270/6270/6270 
f 6272/6272/6272 6270/6270/6270 6271/6271/6271 
f 6271/6271/6271 6273/6273/6273 6272/6272/6272 
f 6274/6274/6274 6272/6272/6272 6273/6273/6273 
f 6273/6273/6273 6275/6275/6275 6274/6274/6274 
f 6276/6276/6276 6274/6274/6274 6275/6275/6275 
f 6275/6275/6275 6277/6277/6277 6276/6276/6276 
f 6278/6278/6278 6276/6276/6276 6277/6277/6277 
f 6277/6277/6277 6279/6279/6279 6278/6278/6278 
f 6280/6280/6280 6278/6278/6278 6279/6279/6279 
f 6279/6279/6279 6281/6281/6281 6280/6280/6280 
f 6282/6282/6282 6283/6283/6283 6284/6284/6284 
f 6283/6283/6283 6282/6282/6282 6285/6285/6285 
f 6284/6284/6284 6286/6286/6286 6282/6282/6282 
f 6286/6286/6286 6284/6284/6284 6287/6287/6287 
f 6287/6287/6287 6288/6288/6288 6286/6286/6286 
f 6285/6285/6285 6289/6289/6289 6283/6283/6283 
f 6289/6289/6289 6285/6285/6285 6290/6290/6290 
f 6290/6290/6290 6291/6291/6291 6289/6289/6289 
f 6291/6291/6291 6290/6290/6290 6292/6292/6292 
f 6292/6292/6292 6293/6293/6293 6291/6291/6291 
f 6294/6294/6294 6293/6293/6293 6292/6292/6292 
f 6292/6292/6292 6295/6295/6295 6294/6294/6294 
f 6296/6296/6296 6294/6294/6294 6295/6295/6295 
f 6295/6295/6295 6297/6297/6297 6296/6296/6296 
f 6298/6298/6298 6296/6296/6296 6297/6297/6297 
f 6297/6297/6297 6299/6299/6299 6298/6298/6298 
f 6300/6300/6300 6298/6298/6298 6299/6299/6299 
f 6299/6299/6299 6301/6301/6301 6300/6300/6300 
f 6302/6302/6302 6300/6300/6300 6301/6301/6301 
f 6301/6301/6301 6303/6303/6303 6302/6302/6302 
f 6304/6304/6304 6305/6305/6305 6306/6306/6306 
f 6305/6305/6305 6307/6307/6307 6306/6306/6306 
f 6308/6308/6308 6304/6304/6304 6306/6306/6306 
f 6307/6307/6307 6309/6309/6309 6306/6306/6306 
f 6310/6310/6310 6308/6308/6308 6306/6306/6306 
f 6309/6309/6309 6311/6311/6311 6306/6306/6306 
f 6312/6312/6312 6310/6310/6310 6306/6306/6306 
f 6311/6311/6311 6313/6313/6313 6306/6306/6306 
f 6314/6314/6314 6312/6312/6312 6306/6306/6306 
f 6313/6313/6313 6315/6315/6315 6306/6306/6306 
f 6316/6316/6316 6314/6314/6314 6306/6306/6306 
f 6317/6317/6317 6316/6316/6316 6306/6306/6306 
f 6315/6315/6315 6318/6318/6318 6306/6306/6306 
f 6318/6318/6318 6319/6319/6319 6306/6306/6306 
f 6319/6319/6319 6320/6320/6320 6306/6306/6306 
f 6320/6320/6320 6321/6321/6321 6306/6306/6306 
f 6321/6321/6321 6322/6322/6322 6306/6306/6306 
f 6322/6322/6322 6323/6323/6323 6306/6306/6306 
f 6323/6323/6323 6324/6324/6324 6306/6306/6306 
f 6324/6324/6324 6325/6325/6325 6306/6306/6306 
f 6325/6325/6325 6326/6326/6326 6306/6306/6306 
f 6327/6327/6327 6328/6328/6328 6329/6329/6329 
f 6330/6330/6330 6331/6331/6331 6332/6332/6332 
f 6332/6332/6332 6333/6333/6333 6330/6330/6330 
f 6334/6334/6334 6335/6335/6335 6336/6336/6336 
f 6335/6335/6335 6334/6334/6334 6337/6337/6337 
f 6336/6336/6336 6338/6338/6338 6334/6334/6334 
f 6337/6337/6337 6339/6339/6339 6335/6335/6335 
f 6340/6340/6340 6338/6338/6338 6336/6336/6336 
f 6339/6339/6339 6337/6337/6337 6341/6341/6341 
f 6336/6336/6336 6342/6342/6342 6340/6340/6340 
f 6341/6341/6341 6343/6343/6343 6339/6339/6339 
f 6344/6344/6344 6340/6340/6340 6342/6342/6342 
f 6345/6345/6345 6343/6343/6343 6341/6341/6341 
f 6342/6342/6342 6346/6346/6346 6344/6344/6344 
f 6341/6341/6341 6347/6347/6347 6345/6345/6345 
f 6345/6345/6345 6347/6347/6347 6348/6348/6348 
f 6348/6348/6348 6349/6349/6349 6345/6345/6345 
f 6350/6350/6350 6344/6344/6344 6346/6346/6346 
f 6346/6346/6346 6351/6351/6351 6350/6350/6350 
f 6350/6350/6350 6351/6351/6351 6352/6352/6352 
f 6352/6352/6352 6353/6353/6353 6350/6350/6350 
f 6354/6354/6354 6353/6353/6353 6352/6352/6352 
f 6352/6352/6352 6355/6355/6355 6354/6354/6354 
f 6356/6356/6356 6357/6357/6357 6358/6358/6358 
f 6358/6358/6358 6359/6359/6359 6356/6356/6356 
f 6360/6360/6360 6361/6361/6361 6362/6362/6362 
f 6363/6363/6363 6362/6362/6362 6361/6361/6361 
f 6361/6361/6361 6364/6364/6364 6363/6363/6363 
f 6362/6362/6362 6365/6365/6365 6360/6360/6360 
f 6366/6366/6366 6360/6360/6360 6365/6365/6365 
f 6367/6367/6367 6363/6363/6363 6364/6364/6364 
f 6364/6364/6364 6368/6368/6368 6367/6367/6367 
f 6365/6365/6365 6369/6369/6369 6366/6366/6366 
f 6370/6370/6370 6366/6366/6366 6369/6369/6369 
f 6365/6365/6365 6362/6362/6362 6371/6371/6371 
f 6369/6369/6369 6372/6372/6372 6370/6370/6370 
f 6373/6373/6373 6370/6370/6370 6372/6372/6372 
f 6372/6372/6372 6374/6374/6374 6373/6373/6373 
f 6369/6369/6369 6365/6365/6365 6375/6375/6375 
f 6371/6371/6371 6375/6375/6375 6365/6365/6365 
f 6372/6372/6372 6369/6369/6369 6376/6376/6376 
f 6375/6375/6375 6376/6376/6376 6369/6369/6369 
f 6374/6374/6374 6372/6372/6372 6377/6377/6377 
f 6376/6376/6376 6377/6377/6377 6372/6372/6372 
f 6377/6377/6377 6378/6378/6378 6374/6374/6374 
f 6378/6378/6378 6377/6377/6377 6379/6379/6379 
f 6379/6379/6379 6380/6380/6380 6378/6378/6378 
f 6380/6380/6380 6379/6379/6379 6381/6381/6381 
f 6381/6381/6381 6382/6382/6382 6380/6380/6380 
f 6383/6383/6383 6381/6381/6381 6379/6379/6379 
f 6384/6384/6384 6379/6379/6379 6377/6377/6377 
f 6379/6379/6379 6384/6384/6384 6383/6383/6383 
f 6377/6377/6377 6376/6376/6376 6384/6384/6384 
f 6385/6385/6385 6383/6383/6383 6384/6384/6384 
f 6386/6386/6386 6384/6384/6384 6376/6376/6376 
f 6384/6384/6384 6386/6386/6386 6385/6385/6385 
f 6376/6376/6376 6375/6375/6375 6386/6386/6386 
f 6387/6387/6387 6385/6385/6385 6386/6386/6386 
f 6388/6388/6388 6386/6386/6386 6375/6375/6375 
f 6386/6386/6386 6388/6388/6388 6387/6387/6387 
f 6375/6375/6375 6371/6371/6371 6388/6388/6388 
f 6389/6389/6389 6387/6387/6387 6388/6388/6388 
f 6388/6388/6388 6390/6390/6390 6389/6389/6389 
f 6390/6390/6390 6388/6388/6388 6371/6371/6371 
f 6391/6391/6391 6389/6389/6389 6390/6390/6390 
f 6371/6371/6371 6392/6392/6392 6390/6390/6390 
f 6392/6392/6392 6371/6371/6371 6362/6362/6362 
f 6362/6362/6362 6363/6363/6363 6392/6392/6392 
f 6390/6390/6390 6393/6393/6393 6391/6391/6391 
f 6393/6393/6393 6390/6390/6390 6392/6392/6392 
f 6394/6394/6394 6391/6391/6391 6393/6393/6393 
f 6395/6395/6395 6392/6392/6392 6363/6363/6363 
f 6392/6392/6392 6395/6395/6395 6393/6393/6393 
f 6363/6363/6363 6367/6367/6367 6395/6395/6395 
f 6393/6393/6393 6396/6396/6396 6394/6394/6394 
f 6396/6396/6396 6393/6393/6393 6395/6395/6395 
f 6397/6397/6397 6394/6394/6394 6396/6396/6396 
f 6396/6396/6396 6398/6398/6398 6397/6397/6397 
f 6395/6395/6395 6399/6399/6399 6396/6396/6396 
f 6398/6398/6398 6396/6396/6396 6399/6399/6399 
f 6399/6399/6399 6395/6395/6395 6367/6367/6367 
f 6399/6399/6399 6400/6400/6400 6398/6398/6398 
f 6367/6367/6367 6401/6401/6401 6399/6399/6399 
f 6400/6400/6400 6399/6399/6399 6401/6401/6401 
f 6401/6401/6401 6367/6367/6367 6368/6368/6368 
f 6401/6401/6401 6402/6402/6402 6400/6400/6400 
f 6368/6368/6368 6403/6403/6403 6401/6401/6401 
f 6402/6402/6402 6401/6401/6401 6403/6403/6403 
f 6403/6403/6403 6404/6404/6404 6402/6402/6402 
f 6405/6405/6405 6406/6406/6406 6407/6407/6407 
f 6407/6407/6407 6406/6406/6406 6408/6408/6408 
f 6407/6407/6407 6409/6409/6409 6405/6405/6405 
f 6408/6408/6408 6410/6410/6410 6407/6407/6407 
f 6409/6409/6409 6407/6407/6407 6411/6411/6411 
f 6411/6411/6411 6407/6407/6407 6410/6410/6410 
f 6410/6410/6410 6408/6408/6408 6412/6412/6412 
f 6411/6411/6411 6413/6413/6413 6409/6409/6409 
f 6412/6412/6412 6414/6414/6414 6410/6410/6410 
f 6414/6414/6414 6412/6412/6412 6415/6415/6415 
f 6415/6415/6415 6416/6416/6416 6414/6414/6414 
f 6417/6417/6417 6410/6410/6410 6414/6414/6414 
f 6410/6410/6410 6417/6417/6417 6411/6411/6411 
f 6418/6418/6418 6414/6414/6414 6416/6416/6416 
f 6414/6414/6414 6418/6418/6418 6417/6417/6417 
f 6416/6416/6416 6419/6419/6419 6418/6418/6418 
f 6413/6413/6413 6411/6411/6411 6420/6420/6420 
f 6420/6420/6420 6411/6411/6411 6417/6417/6417 
f 6420/6420/6420 6421/6421/6421 6413/6413/6413 
f 6422/6422/6422 6418/6418/6418 6419/6419/6419 
f 6423/6423/6423 6417/6417/6417 6418/6418/6418 
f 6417/6417/6417 6423/6423/6423 6420/6420/6420 
f 6418/6418/6418 6422/6422/6422 6423/6423/6423 
f 6419/6419/6419 6424/6424/6424 6422/6422/6422 
f 6421/6421/6421 6420/6420/6420 6425/6425/6425 
f 6425/6425/6425 6420/6420/6420 6423/6423/6423 
f 6425/6425/6425 6426/6426/6426 6421/6421/6421 
f 6427/6427/6427 6422/6422/6422 6424/6424/6424 
f 6428/6428/6428 6423/6423/6423 6422/6422/6422 
f 6423/6423/6423 6428/6428/6428 6425/6425/6425 
f 6422/6422/6422 6427/6427/6427 6428/6428/6428 
f 6424/6424/6424 6429/6429/6429 6427/6427/6427 
f 6426/6426/6426 6425/6425/6425 6430/6430/6430 
f 6430/6430/6430 6425/6425/6425 6428/6428/6428 
f 6430/6430/6430 6431/6431/6431 6426/6426/6426 
f 6432/6432/6432 6427/6427/6427 6429/6429/6429 
f 6433/6433/6433 6428/6428/6428 6427/6427/6427 
f 6428/6428/6428 6433/6433/6433 6430/6430/6430 
f 6427/6427/6427 6432/6432/6432 6433/6433/6433 
f 6429/6429/6429 6434/6434/6434 6432/6432/6432 
f 6431/6431/6431 6430/6430/6430 6435/6435/6435 
f 6435/6435/6435 6430/6430/6430 6433/6433/6433 
f 6435/6435/6435 6436/6436/6436 6431/6431/6431 
f 6437/6437/6437 6432/6432/6432 6434/6434/6434 
f 6438/6438/6438 6433/6433/6433 6432/6432/6432 
f 6433/6433/6433 6438/6438/6438 6435/6435/6435 
f 6432/6432/6432 6437/6437/6437 6438/6438/6438 
f 6434/6434/6434 6439/6439/6439 6437/6437/6437 
f 6436/6436/6436 6435/6435/6435 6440/6440/6440 
f 6440/6440/6440 6435/6435/6435 6438/6438/6438 
f 6440/6440/6440 6441/6441/6441 6436/6436/6436 
f 6441/6441/6441 6440/6440/6440 6442/6442/6442 
f 6442/6442/6442 6443/6443/6443 6441/6441/6441 
f 6438/6438/6438 6444/6444/6444 6440/6440/6440 
f 6442/6442/6442 6440/6440/6440 6444/6444/6444 
f 6444/6444/6444 6438/6438/6438 6437/6437/6437 
f 6444/6444/6444 6445/6445/6445 6442/6442/6442 
f 6437/6437/6437 6446/6446/6446 6444/6444/6444 
f 6445/6445/6445 6444/6444/6444 6446/6446/6446 
f 6446/6446/6446 6437/6437/6437 6439/6439/6439 
f 6446/6446/6446 6447/6447/6447 6445/6445/6445 
f 6439/6439/6439 6448/6448/6448 6446/6446/6446 
f 6447/6447/6447 6446/6446/6446 6448/6448/6448 
f 6448/6448/6448 6449/6449/6449 6447/6447/6447 
f 6450/6450/6450 6451/6451/6451 6452/6452/6452 
f 6453/6453/6453 6452/6452/6452 6451/6451/6451 
f 6452/6452/6452 6454/6454/6454 6450/6450/6450 
f 6451/6451/6451 6455/6455/6455 6453/6453/6453 
f 6456/6456/6456 6450/6450/6450 6454/6454/6454 
f 6457/6457/6457 6453/6453/6453 6455/6455/6455 
f 6454/6454/6454 6458/6458/6458 6456/6456/6456 
f 6455/6455/6455 6459/6459/6459 6457/6457/6457 
f 6460/6460/6460 6456/6456/6456 6458/6458/6458 
f 6461/6461/6461 6457/6457/6457 6459/6459/6459 
f 6458/6458/6458 6462/6462/6462 6460/6460/6460 
f 6459/6459/6459 6463/6463/6463 6461/6461/6461 
f 6464/6464/6464 6460/6460/6460 6462/6462/6462 
f 6465/6465/6465 6461/6461/6461 6463/6463/6463 
f 6462/6462/6462 6466/6466/6466 6464/6464/6464 
f 6467/6467/6467 6464/6464/6464 6466/6466/6466 
f 6466/6466/6466 6468/6468/6468 6467/6467/6467 
f 6463/6463/6463 6469/6469/6469 6465/6465/6465 
f 6470/6470/6470 6465/6465/6465 6469/6469/6469 
f 6469/6469/6469 6471/6471/6471 6470/6470/6470 
f 6472/6472/6472 6473/6473/6473 6474/6474/6474 
f 6475/6475/6475 6474/6474/6474 6473/6473/6473 
f 6473/6473/6473 6476/6476/6476 6475/6475/6475 
f 6474/6474/6474 6477/6477/6477 6472/6472/6472 
f 6478/6478/6478 6472/6472/6472 6477/6477/6477 
f 6477/6477/6477 6479/6479/6479 6478/6478/6478 
f 6480/6480/6480 6478/6478/6478 6479/6479/6479 
f 6479/6479/6479 6481/6481/6481 6480/6480/6480 
f 6482/6482/6482 6480/6480/6480 6481/6481/6481 
f 6481/6481/6481 6483/6483/6483 6482/6482/6482 
f 6484/6484/6484 6482/6482/6482 6483/6483/6483 
f 6483/6483/6483 6485/6485/6485 6484/6484/6484 
f 6486/6486/6486 6484/6484/6484 6485/6485/6485 
f 6485/6485/6485 6487/6487/6487 6486/6486/6486 
f 6488/6488/6488 6486/6486/6486 6487/6487/6487 
f 6487/6487/6487 6489/6489/6489 6488/6488/6488 
f 6490/6490/6490 6488/6488/6488 6489/6489/6489 
f 6489/6489/6489 6491/6491/6491 6490/6490/6490 
f 6492/6492/6492 6490/6490/6490 6491/6491/6491 
f 6491/6491/6491 6493/6493/6493 6492/6492/6492 

g Rig15

v -3.05884 5.32917 -3.01025 
v -3.09183 5.32911 -2.98112 
v -3.09183 5.23737 -2.99753 
v -3.05884 5.24995 -3.02152 
v -3.09183 5.15036 -3.06289 
v -3.05884 5.17107 -3.08618 
v -3.09183 5.12021 -3.18366 
v -3.05884 5.145 -3.19609 
v -3.09183 5.10301 -3.38657 
v -3.05884 5.13208 -3.38764 
v -3.09183 5.11688 -3.54807 
v -3.05884 5.1428 -3.54437 
v -3.05884 5.17008 -3.66246 
v -3.09183 5.14812 -3.67218 
v -3.05884 5.23829 -3.73174 
v -3.09183 5.22386 -3.75234 
v -3.05884 5.32917 -3.76504 
v -3.09183 5.32911 -3.79201 
v -4.46308 5.3268 -3.01025 
v -4.46308 5.24835 -3.02152 
v -4.43009 5.23511 -2.99753 
v -4.43009 5.32686 -2.98112 
v -4.43009 5.14811 -3.06289 
v -4.46308 5.16997 -3.08618 
v -4.43009 5.11796 -3.18366 
v -4.46308 5.14415 -3.19609 
v -4.43009 5.10076 -3.38657 
v -4.46308 5.13148 -3.38764 
v -4.43009 5.11463 -3.54807 
v -4.46308 5.14202 -3.54437 
v -4.46308 5.16905 -3.66246 
v -4.43009 5.14587 -3.67218 
v -4.46308 5.2368 -3.73174 
v -4.43009 5.2216 -3.75234 
v -4.46308 5.3268 -3.76504 
v -4.43009 5.32686 -3.79201 
v -2.84142 6.14858 -3.91402 
v -2.84142 5.94283 -3.88735 
v -2.87989 5.98258 -3.91944 
v -2.87989 6.16837 -3.94611 
v -2.84142 6.3525 -3.91787 
v -2.87989 6.3525 -3.94995 
v -2.87989 6.49362 -3.94101 
v -2.84142 6.49362 -3.90892 
v -2.87989 6.62538 -3.91944 
v -2.84142 6.62538 -3.88735 
v -2.87989 6.74448 -3.86375 
v -2.84142 6.72854 -3.8359 
v -2.84142 6.83171 -3.76231 
v -2.87989 6.85608 -3.78318 
v -2.87989 6.93743 -3.67074 
v -2.84142 6.91258 -3.65117 
v -4.6805 6.14858 -3.91402 
v -4.64203 6.16837 -3.94611 
v -4.64203 5.98258 -3.91944 
v -4.6805 5.94283 -3.88735 
v -4.6805 6.3525 -3.91787 
v -4.64203 6.3525 -3.94996 
v -4.64203 6.49362 -3.94101 
v -4.6805 6.49362 -3.90892 
v -4.64203 6.62538 -3.91944 
v -4.6805 6.62538 -3.88735 
v -4.64203 6.74448 -3.86375 
v -4.6805 6.72854 -3.8359 
v -4.6805 6.83171 -3.76231 
v -4.64203 6.85608 -3.78318 
v -4.64203 6.93743 -3.67074 
v -4.6805 6.91258 -3.65117 
v -4.6805 6.91259 -2.99564 
v -4.64203 6.93735 -2.97169 
v -4.64203 6.93743 -3.67074 
v -4.6805 6.91258 -3.65117 
v -4.47424 6.97058 -2.97169 
v -4.4743 6.97066 -3.67074 
v -4.28595 6.99213 -2.97169 
v -4.28594 6.99222 -3.67074 
v -4.04891 7.00191 -2.97169 
v -4.0489 7.002 -3.67074 
v -3.76096 7.00191 -2.97169 
v -3.76096 7.002 -3.67074 
v -3.47301 7.00191 -2.97169 
v -3.47302 7.002 -3.67074 
v -3.23597 6.99213 -2.97169 
v -3.23598 6.99222 -3.67074 
v -3.04768 6.97058 -2.97169 
v -3.04762 6.97066 -3.67074 
v -2.87989 6.93735 -2.97169 
v -2.87989 6.93743 -3.67074 
v -2.84142 6.91259 -2.99564 
v -2.84142 6.91258 -3.65117 
v -2.87989 6.14857 -2.87664 
v -2.87989 5.94282 -2.87664 
v -2.84142 5.94282 -2.91129 
v -2.84142 6.14857 -2.91129 
v -2.87989 6.3525 -2.87664 
v -2.84142 6.3525 -2.91129 
v -2.87989 6.49361 -2.87664 
v -2.84142 6.49361 -2.91129 
v -2.87989 6.66601 -2.87664 
v -2.84142 6.666 -2.91129 
v -2.87989 6.78949 -2.88758 
v -2.84142 6.78949 -2.92222 
v -2.87989 6.87691 -2.91783 
v -2.84142 6.86586 -2.95248 
v -2.87989 6.93735 -2.97169 
v -2.84142 6.91259 -2.99564 
v -4.6805 6.14857 -2.91129 
v -4.6805 5.94282 -2.91129 
v -4.64203 5.94282 -2.87664 
v -4.64203 6.14857 -2.87664 
v -4.6805 6.3525 -2.91129 
v -4.64203 6.3525 -2.87664 
v -4.6805 6.49361 -2.91129 
v -4.64203 6.49361 -2.87664 
v -4.6805 6.666 -2.91129 
v -4.64203 6.66601 -2.87664 
v -4.64203 6.78949 -2.88758 
v -4.6805 6.78949 -2.92223 
v -4.64203 6.87691 -2.91784 
v -4.6805 6.86586 -2.95248 
v -4.64203 6.93735 -2.97169 
v -4.6805 6.91259 -2.99564 
v -2.84142 6.14857 -2.91129 
v -2.84142 5.94282 -2.91129 
v -2.84142 5.94283 -3.88735 
v -2.84142 6.14858 -3.91402 
v -2.84142 6.3525 -2.91129 
v -2.84142 6.3525 -3.91787 
v -2.84142 6.49362 -3.90892 
v -2.84142 6.49361 -2.91129 
v -2.84142 6.62538 -3.88735 
v -2.84142 6.666 -2.91129 
v -2.84142 6.72854 -3.8359 
v -2.84142 6.78949 -2.92222 
v -2.84142 6.83171 -3.76231 
v -2.84142 6.86586 -2.95248 
v -2.84142 6.91258 -3.65117 
v -2.84142 6.91259 -2.99564 
v -4.6805 6.14857 -2.91129 
v -4.6805 6.14858 -3.91402 
v -4.6805 5.94283 -3.88735 
v -4.6805 5.94282 -2.91129 
v -4.6805 6.3525 -3.91787 
v -4.6805 6.3525 -2.91129 
v -4.6805 6.49362 -3.90892 
v -4.6805 6.49361 -2.91129 
v -4.6805 6.62538 -3.88735 
v -4.6805 6.666 -2.91129 
v -4.6805 6.72854 -3.8359 
v -4.6805 6.78949 -2.92223 
v -4.6805 6.83171 -3.76231 
v -4.6805 6.86586 -2.95248 
v -4.6805 6.91258 -3.65117 
v -4.6805 6.91259 -2.99564 
v -2.95341 5.80276 -2.93889 
v -2.99136 5.81787 -2.90425 
v -2.99136 5.68242 -2.90425 
v -2.95341 5.68247 -2.93889 
v -4.53056 5.68016 -2.90425 
v -4.53056 5.81787 -2.90425 
v -4.56851 5.80276 -2.93889 
v -4.56851 5.68011 -2.93889 
v -2.95341 5.68247 -2.93889 
v -2.99136 5.68242 -2.90425 
v -2.99136 5.38795 -2.90425 
v -2.95341 5.38796 -2.93889 
v -4.53056 5.68016 -2.90425 
v -4.56851 5.68011 -2.93889 
v -4.56851 5.38773 -2.93889 
v -4.53056 5.38773 -2.90425 
v -2.99136 5.68242 -3.86881 
v -2.99136 5.90466 -3.86881 
v -2.95341 5.80276 -3.83672 
v -2.95341 5.68247 -3.83672 
v -4.56851 5.80276 -3.83672 
v -4.53056 5.90466 -3.86881 
v -4.53056 5.68016 -3.86881 
v -4.56851 5.68011 -3.83672 
v -2.99136 5.68242 -3.86881 
v -2.95341 5.68247 -3.83672 
v -2.95341 5.38796 -3.83672 
v -2.99136 5.38796 -3.86881 
v -4.56851 5.68011 -3.83672 
v -4.53056 5.68016 -3.86881 
v -4.53056 5.38774 -3.86881 
v -4.56851 5.38773 -3.83672 
v -4.38129 5.11471 -3.54807 
v -4.43009 5.11463 -3.54807 
v -4.43009 5.14587 -3.67218 
v -4.01132 5.11533 -3.54807 
v -3.76096 5.11575 -3.54807 
v -3.76096 5.10189 -3.38657 
v -3.5106 5.10231 -3.38657 
v -4.21739 5.11498 -3.54807 
v -4.01132 5.10147 -3.38657 
v -4.21739 5.10112 -3.38657 
v -4.38129 5.10084 -3.38657 
v -4.43009 5.10076 -3.38657 
v -3.5106 5.11951 -3.18366 
v -3.30453 5.11985 -3.18366 
v -3.76096 5.11908 -3.18366 
v -4.01132 5.11866 -3.18366 
v -4.21739 5.11832 -3.18366 
v -4.38128 5.11804 -3.18366 
v -4.43009 5.11796 -3.18366 
v -4.38128 5.14819 -3.06289 
v -4.43009 5.14811 -3.06289 
v -4.21739 5.14847 -3.06289 
v -4.01132 5.14882 -3.06289 
v -3.76096 5.14924 -3.06289 
v -4.38127 5.23519 -2.99753 
v -4.43009 5.23511 -2.99753 
v -4.43009 5.32686 -2.98112 
v -4.38126 5.32694 -2.98112 
v -4.21739 5.23547 -2.99753 
v -4.21739 5.32721 -2.98112 
v -4.01133 5.23582 -2.99753 
v -4.01133 5.32756 -2.98112 
v -3.76096 5.23624 -2.99753 
v -3.76096 5.32798 -2.98112 
v -3.51059 5.23666 -2.99753 
v -3.51059 5.3284 -2.98112 
v -3.5106 5.14966 -3.06289 
v -3.30453 5.23701 -2.99753 
v -3.30453 5.32875 -2.98112 
v -3.30453 5.15001 -3.06289 
v -3.14064 5.15028 -3.06289 
v -3.14065 5.23728 -2.99753 
v -3.09183 5.23737 -2.99753 
v -3.14066 5.32903 -2.98112 
v -3.09183 5.32911 -2.98112 
v -3.76096 5.32798 -3.79201 
v -3.5106 5.3284 -3.79201 
v -3.5106 5.22315 -3.75234 
v -3.30453 5.2235 -3.75234 
v -3.30454 5.32875 -3.79201 
v -3.76096 5.22273 -3.75234 
v -4.01132 5.32756 -3.79201 
v -3.14062 5.22377 -3.75234 
v -3.14061 5.32903 -3.79201 
v -3.09183 5.22386 -3.75234 
v -3.09183 5.32911 -3.79201 
v -3.09183 5.14812 -3.67218 
v -3.14063 5.14804 -3.67218 
v -3.09183 5.11688 -3.54807 
v -3.30453 5.14776 -3.67218 
v -3.14063 5.1168 -3.54807 
v -3.09183 5.10301 -3.38657 
v -3.5106 5.14742 -3.67218 
v -3.30453 5.11652 -3.54807 
v -3.14063 5.10293 -3.38657 
v -3.09183 5.12021 -3.18366 
v -3.14064 5.12013 -3.18366 
v -3.09183 5.15036 -3.06289 
v -3.30453 5.10266 -3.38657 
v -3.5106 5.11618 -3.54807 
v -3.76096 5.147 -3.67218 
v -4.01132 5.22231 -3.75234 
v -4.21738 5.32721 -3.79201 
v -4.01132 5.14657 -3.67218 
v -4.21739 5.22196 -3.75234 
v -4.38131 5.32694 -3.79201 
v -4.3813 5.22168 -3.75234 
v -4.43009 5.32686 -3.79201 
v -4.43009 5.2216 -3.75234 
v -4.21739 5.14623 -3.67218 
v -4.38129 5.14595 -3.67218 
v -2.95341 5.80276 -3.83672 
v -2.95341 5.80276 -2.93889 
v -2.95341 5.68247 -2.93889 
v -2.95341 5.68247 -3.83672 
v -4.56851 5.80276 -2.93889 
v -4.56851 5.80276 -3.83672 
v -4.56851 5.68011 -3.83672 
v -4.56851 5.68011 -2.93889 
v -2.95341 5.68247 -3.83672 
v -2.95341 5.68247 -2.93889 
v -2.95341 5.38796 -2.93889 
v -2.95341 5.38796 -3.83672 
v -4.56851 5.68011 -2.93889 
v -4.56851 5.68011 -3.83672 
v -4.56851 5.38773 -3.83672 
v -4.56851 5.38773 -2.93889 
v -2.84142 5.94282 -2.91129 
v -2.95341 5.80276 -2.93889 
v -2.95341 5.80276 -3.83672 
v -2.84142 5.94283 -3.88735 
v -4.6805 5.94282 -2.91129 
v -4.6805 5.94283 -3.88735 
v -4.56851 5.80276 -3.83672 
v -4.56851 5.80276 -2.93889 
v -3.05884 5.32917 -3.76504 
v -3.05884 5.32917 -3.01025 
v -3.05884 5.24995 -3.02152 
v -3.05884 5.23829 -3.73174 
v -3.05884 5.17107 -3.08618 
v -3.05884 5.17008 -3.66246 
v -3.05884 5.1428 -3.54437 
v -3.05884 5.145 -3.19609 
v -3.05884 5.13208 -3.38764 
v -4.46308 5.3268 -3.76504 
v -4.46308 5.2368 -3.73174 
v -4.46308 5.24835 -3.02152 
v -4.46308 5.3268 -3.01025 
v -4.46308 5.16997 -3.08618 
v -4.46308 5.16905 -3.66246 
v -4.46308 5.14202 -3.54437 
v -4.46308 5.14415 -3.19609 
v -4.46308 5.13148 -3.38764 
v -4.46308 5.16905 -3.66246 
v -4.46308 5.14202 -3.54437 
v -4.46308 5.16997 -3.08618 
v -3.47302 7.002 -3.67074 
v -3.47302 6.92065 -3.78318 
v -3.76096 6.92065 -3.78318 
v -3.76096 6.80905 -3.86375 
v -3.76096 7.002 -3.67074 
v -3.76096 6.52701 -3.94101 
v -3.76096 6.3525 -3.94995 
v -4.0489 6.3525 -3.94995 
v -4.0489 6.92065 -3.78318 
v -4.0489 7.002 -3.67074 
v -4.28594 6.99222 -3.67074 
v -4.0489 6.80905 -3.86375 
v -4.28594 6.91086 -3.78318 
v -4.4743 6.97066 -3.67074 
v -4.0489 6.68995 -3.91944 
v -3.76096 6.68994 -3.91944 
v -4.28594 6.79927 -3.86375 
v -4.4743 6.88931 -3.78318 
v -4.64203 6.93743 -3.67074 
v -4.64203 6.85608 -3.78318 
v -4.4743 6.77771 -3.86375 
v -4.64203 6.74448 -3.86375 
v -4.28594 6.68016 -3.91944 
v -4.4743 6.6586 -3.91944 
v -4.64203 6.62538 -3.91944 
v -4.0489 6.52701 -3.94101 
v -4.28594 6.52195 -3.94101 
v -4.4743 6.5108 -3.94101 
v -4.64203 6.49362 -3.94101 
v -4.28594 6.3525 -3.94996 
v -4.4743 6.3525 -3.94996 
v -4.64203 6.3525 -3.94996 
v -4.28594 6.17912 -3.94611 
v -4.4743 6.1768 -3.94611 
v -4.64203 6.16837 -3.94611 
v -4.4743 5.99953 -3.91944 
v -4.64203 5.98258 -3.91944 
v -4.28594 6.00419 -3.91944 
v -4.0489 6.00729 -3.91944 
v -4.0489 6.18067 -3.94611 
v -3.76096 6.18067 -3.94611 
v -3.47302 6.18067 -3.94611 
v -3.47302 6.00729 -3.91944 
v -3.76096 6.00729 -3.91944 
v -3.23598 6.17912 -3.94611 
v -3.23598 6.00419 -3.91944 
v -3.23598 6.3525 -3.94995 
v -3.47302 6.3525 -3.94995 
v -3.04762 6.1768 -3.94611 
v -3.04762 5.99953 -3.91944 
v -2.87989 6.16837 -3.94611 
v -2.87989 5.98258 -3.91944 
v -2.87989 6.3525 -3.94995 
v -3.04762 6.3525 -3.94995 
v -2.87989 6.49362 -3.94101 
v -3.04762 6.5108 -3.94101 
v -2.87989 6.62538 -3.91944 
v -3.23598 6.52195 -3.94101 
v -3.04762 6.6586 -3.91944 
v -2.87989 6.74448 -3.86375 
v -3.04762 6.77771 -3.86375 
v -2.87989 6.85608 -3.78318 
v -3.23598 6.68016 -3.91944 
v -3.47302 6.52701 -3.94101 
v -3.04762 6.88931 -3.78318 
v -2.87989 6.93743 -3.67074 
v -3.04762 6.97066 -3.67074 
v -3.23598 6.79927 -3.86375 
v -3.23598 6.91086 -3.78318 
v -3.23598 6.99222 -3.67074 
v -3.47302 6.68995 -3.91944 
v -3.47302 6.80905 -3.86375 
v -3.76096 5.38785 -3.86881 
v -3.473 5.38789 -3.86881 
v -3.5106 5.3284 -3.79201 
v -3.30454 5.32875 -3.79201 
v -3.76096 5.32798 -3.79201 
v -3.236 5.38792 -3.86881 
v -4.04891 5.3878 -3.86881 
v -3.14061 5.32903 -3.79201 
v -4.01132 5.32756 -3.79201 
v -3.04746 5.38795 -3.86881 
v -4.28592 5.38777 -3.86881 
v -3.09183 5.32911 -3.79201 
v -4.21738 5.32721 -3.79201 
v -2.99136 5.38796 -3.86881 
v -4.47446 5.38774 -3.86881 
v -3.05884 5.32917 -3.76504 
v -4.38131 5.32694 -3.79201 
v -2.95341 5.38796 -3.83672 
v -4.53056 5.38774 -3.86881 
v -3.05884 5.32917 -3.01025 
v -4.43009 5.32686 -3.79201 
v -2.95341 5.38796 -2.93889 
v -4.56851 5.38773 -3.83672 
v -3.09183 5.32911 -2.98112 
v -4.46308 5.3268 -3.76504 
v -2.99136 5.38795 -2.90425 
v -4.56851 5.38773 -2.93889 
v -3.14066 5.32903 -2.98112 
v -4.46308 5.3268 -3.01025 
v -3.04751 5.38795 -2.90425 
v -4.53056 5.38773 -2.90425 
v -3.30453 5.32875 -2.98112 
v -4.43009 5.32686 -2.98112 
v -3.23599 5.38792 -2.90425 
v -4.47441 5.38774 -2.90425 
v -3.51059 5.3284 -2.98112 
v -4.38126 5.32694 -2.98112 
v -3.473 5.38789 -2.90425 
v -4.28593 5.38777 -2.90425 
v -3.76096 5.32798 -2.98112 
v -4.21739 5.32721 -2.98112 
v -3.76096 5.38784 -2.90425 
v -4.04892 5.3878 -2.90425 
v -4.01133 5.32756 -2.98112 
v -3.23597 6.99213 -2.97169 
v -3.47301 7.00191 -2.97169 
v -3.47301 6.94148 -2.91783 
v -3.76096 7.00191 -2.97169 
v -3.76096 6.94148 -2.91784 
v -3.47301 6.85406 -2.88758 
v -4.04891 7.00191 -2.97169 
v -3.47301 6.73058 -2.87664 
v -3.76096 6.85406 -2.88758 
v -4.04891 6.94148 -2.91784 
v -4.28595 6.99213 -2.97169 
v -3.76096 6.73058 -2.87664 
v -3.47301 6.52701 -2.87664 
v -4.04891 6.85406 -2.88758 
v -4.28595 6.9317 -2.91784 
v -4.47424 6.97058 -2.97169 
v -3.76096 6.52701 -2.87664 
v -3.47301 6.3525 -2.87664 
v -3.76096 6.3525 -2.87664 
v -4.04891 6.73058 -2.87664 
v -4.04891 6.52701 -2.87664 
v -4.28595 6.84428 -2.88758 
v -4.28595 6.72079 -2.87664 
v -4.04891 6.3525 -2.87664 
v -3.76096 6.14857 -2.87664 
v -4.28595 6.52195 -2.87664 
v -4.04891 6.14857 -2.87664 
v -3.76096 5.94282 -2.87664 
v -4.04891 5.94282 -2.87664 
v -4.28595 6.3525 -2.87664 
v -4.28595 6.14857 -2.87664 
v -4.28595 5.94282 -2.87664 
v -4.47424 6.14857 -2.87664 
v -4.47424 5.94282 -2.87664 
v -4.64203 6.14857 -2.87664 
v -4.64203 5.94282 -2.87664 
v -4.64203 6.3525 -2.87664 
v -4.47424 6.3525 -2.87664 
v -4.64203 6.49361 -2.87664 
v -4.47424 6.5108 -2.87664 
v -4.64203 6.66601 -2.87664 
v -4.47424 6.69924 -2.87664 
v -4.64203 6.78949 -2.88758 
v -4.47424 6.82272 -2.88758 
v -4.64203 6.87691 -2.91784 
v -4.47424 6.91014 -2.91784 
v -4.64203 6.93735 -2.97169 
v -3.04768 6.14857 -2.87664 
v -3.04768 5.94282 -2.87664 
v -2.87989 5.94282 -2.87664 
v -2.87989 6.14857 -2.87664 
v -3.23597 6.14857 -2.87664 
v -3.23597 5.94282 -2.87664 
v -3.04768 6.3525 -2.87664 
v -2.87989 6.3525 -2.87664 
v -2.87989 6.49361 -2.87664 
v -3.23597 6.3525 -2.87664 
v -3.04768 6.5108 -2.87664 
v -2.87989 6.66601 -2.87664 
v -3.47301 6.14857 -2.87664 
v -3.47301 5.94282 -2.87664 
v -3.04768 6.69924 -2.87664 
v -3.23597 6.52195 -2.87664 
v -2.87989 6.78949 -2.88758 
v -3.04768 6.82272 -2.88758 
v -2.87989 6.87691 -2.91783 
v -3.23597 6.72079 -2.87664 
v -3.04768 6.91014 -2.91783 
v -2.87989 6.93735 -2.97169 
v -3.04768 6.97058 -2.97169 
v -3.23597 6.84428 -2.88758 
v -3.23597 6.9317 -2.91783 
v -3.04768 5.94282 -2.87664 
v -3.04751 5.81787 -2.90425 
v -2.99136 5.81787 -2.90425 
v -3.23597 5.94282 -2.87664 
v -2.87989 5.94282 -2.87664 
v -2.95341 5.80276 -2.93889 
v -2.84142 5.94282 -2.91129 
v -3.23599 5.81787 -2.90425 
v -3.47301 5.94282 -2.87664 
v -3.473 5.81787 -2.90425 
v -3.76096 5.94282 -2.87664 
v -3.76096 5.81787 -2.90425 
v -4.04891 5.94282 -2.87664 
v -4.04892 5.81787 -2.90425 
v -4.28595 5.94282 -2.87664 
v -4.28593 5.81787 -2.90425 
v -4.47424 5.94282 -2.87664 
v -4.47441 5.81787 -2.90425 
v -4.53056 5.81787 -2.90425 
v -4.64203 5.94282 -2.87664 
v -4.56851 5.80276 -2.93889 
v -4.6805 5.94282 -2.91129 
v -3.76096 5.93378 -3.86881 
v -3.473 5.93378 -3.86881 
v -3.473 5.68171 -3.86881 
v -3.76096 5.68129 -3.86881 
v -3.236 5.68206 -3.86881 
v -4.04891 5.93378 -3.86881 
v -3.236 5.93378 -3.86881 
v -4.04891 5.68087 -3.86881 
v -3.04746 5.9207 -3.86881 
v -4.28592 5.93378 -3.86881 
v -3.04746 5.68234 -3.86881 
v -2.99136 5.90466 -3.86881 
v -2.99136 5.68242 -3.86881 
v -4.28592 5.68052 -3.86881 
v -4.47446 5.9207 -3.86881 
v -4.47446 5.68025 -3.86881 
v -4.53056 5.90466 -3.86881 
v -4.53056 5.68016 -3.86881 
v -3.76096 5.68129 -3.86881 
v -3.473 5.68171 -3.86881 
v -3.473 5.38789 -3.86881 
v -3.236 5.38792 -3.86881 
v -3.76096 5.38785 -3.86881 
v -3.236 5.68206 -3.86881 
v -4.04891 5.68087 -3.86881 
v -3.04746 5.38795 -3.86881 
v -4.04891 5.3878 -3.86881 
v -3.04746 5.68234 -3.86881 
v -2.99136 5.38796 -3.86881 
v -2.99136 5.68242 -3.86881 
v -4.28592 5.68052 -3.86881 
v -4.28592 5.38777 -3.86881 
v -4.47446 5.68025 -3.86881 
v -4.47446 5.38774 -3.86881 
v -4.53056 5.68016 -3.86881 
v -4.53056 5.38774 -3.86881 
v -2.99136 5.81787 -2.90425 
v -3.04751 5.81787 -2.90425 
v -3.04751 5.68234 -2.90425 
v -2.99136 5.68242 -2.90425 
v -3.04751 5.38795 -2.90425 
v -2.99136 5.38795 -2.90425 
v -3.23599 5.38792 -2.90425 
v -3.23599 5.68206 -2.90425 
v -3.23599 5.81787 -2.90425 
v -3.473 5.38789 -2.90425 
v -3.473 5.68171 -2.90425 
v -3.473 5.81787 -2.90425 
v -3.76096 5.38784 -2.90425 
v -3.76096 5.68129 -2.90425 
v -3.76096 5.81787 -2.90425 
v -4.04892 5.3878 -2.90425 
v -4.04892 5.68087 -2.90425 
v -4.04892 5.81787 -2.90425 
v -4.28593 5.38777 -2.90425 
v -4.28593 5.68052 -2.90425 
v -4.28593 5.81787 -2.90425 
v -4.47441 5.38774 -2.90425 
v -4.47441 5.68025 -2.90425 
v -4.53056 5.38773 -2.90425 
v -4.47441 5.81787 -2.90425 
v -4.53056 5.68016 -2.90425 
v -4.53056 5.81787 -2.90425 
v -3.47302 6.00729 -3.91944 
v -3.473 5.93378 -3.86881 
v -3.76096 5.93378 -3.86881 
v -3.23598 6.00419 -3.91944 
v -3.76096 6.00729 -3.91944 
v -3.236 5.93378 -3.86881 
v -4.04891 5.93378 -3.86881 
v -3.04762 5.99953 -3.91944 
v -4.0489 6.00729 -3.91944 
v -3.04746 5.9207 -3.86881 
v -4.28592 5.93378 -3.86881 
v -2.99136 5.90466 -3.86881 
v -4.28594 6.00419 -3.91944 
v -2.87989 5.98258 -3.91944 
v -2.84142 5.94283 -3.88735 
v -2.95341 5.80276 -3.83672 
v -4.4743 5.99953 -3.91944 
v -4.47446 5.9207 -3.86881 
v -4.53056 5.90466 -3.86881 
v -4.64203 5.98258 -3.91944 
v -4.6805 5.94283 -3.88735 
v -4.56851 5.80276 -3.83672 

vn 0.645669 -0.125984 0.755906 
vn 0.653543 -0.133858 0.740157 
vn 0.637795 -0.307087 0.708661 
vn 0.637795 -0.291339 0.708661 
vn 0.669291 -0.614173 0.425197 
vn 0.669291 -0.645669 0.370079 
vn 0.622047 -0.771654 0.133858 
vn 0.629921 -0.771654 0.11811 
vn 0.661417 -0.755906 -0.00787402 
vn 0.661417 -0.755906 -0.00787402 
vn 0.622047 -0.771654 -0.11811 
vn 0.622047 -0.771654 -0.11811 
vn 0.590551 -0.700787 -0.401575 
vn 0.590551 -0.708661 -0.385827 
vn 0.606299 -0.433071 -0.669291 
vn 0.606299 -0.440945 -0.661417 
vn 0.606299 -0.275591 -0.748031 
vn 0.606299 -0.283465 -0.740157 
vn -0.645669 -0.125984 0.755906 
vn -0.645669 -0.291339 0.708661 
vn -0.645669 -0.307087 0.700787 
vn -0.653543 -0.133858 0.740157 
vn -0.677165 -0.606299 0.417323 
vn -0.685039 -0.637795 0.362205 
vn -0.645669 -0.755906 0.125984 
vn -0.645669 -0.755906 0.110236 
vn -0.677165 -0.732283 -0.00787402 
vn -0.677165 -0.732283 -0.00787402 
vn -0.637795 -0.755906 -0.11811 
vn -0.645669 -0.755906 -0.110236 
vn -0.606299 -0.692913 -0.393701 
vn -0.606299 -0.700787 -0.377953 
vn -0.606299 -0.433071 -0.661417 
vn -0.614173 -0.440945 -0.653543 
vn -0.606299 -0.283465 -0.748031 
vn -0.606299 -0.283465 -0.740157 
vn 0.614173 -0.0787402 -0.787402 
vn 0.566929 -0.102362 -0.811024 
vn 0.574803 -0.110236 -0.811024 
vn 0.622047 -0.0472441 -0.779528 
vn 0.637795 0.015748 -0.771654 
vn 0.637795 0.015748 -0.76378 
vn 0.637795 0.0866142 -0.76378 
vn 0.637795 0.0866142 -0.76378 
vn 0.622047 0.220472 -0.748031 
vn 0.622047 0.244094 -0.740157 
vn 0.637795 0.393701 -0.661417 
vn 0.637795 0.393701 -0.661417 
vn 0.637795 0.543307 -0.551181 
vn 0.637795 0.543307 -0.543307 
vn 0.480315 0.858268 -0.181102 
vn 0.606299 0.771654 -0.204724 
vn -0.614173 -0.0787402 -0.787402 
vn -0.622047 -0.0472441 -0.779528 
vn -0.574803 -0.110236 -0.811024 
vn -0.566929 -0.102362 -0.811024 
vn -0.637795 0.015748 -0.771654 
vn -0.637795 0.015748 -0.76378 
vn -0.637795 0.0866142 -0.76378 
vn -0.637795 0.0866142 -0.76378 
vn -0.622047 0.220472 -0.748031 
vn -0.622047 0.244094 -0.740157 
vn -0.637795 0.393701 -0.661417 
vn -0.637795 0.393701 -0.661417 
vn -0.637795 0.543307 -0.551181 
vn -0.637795 0.543307 -0.543307 
vn -0.480315 0.858268 -0.181102 
vn -0.606299 0.771654 -0.204724 
vn -0.543307 0.84252 0 
vn -0.338583 0.937008 0 
vn -0.480315 0.858268 -0.181102 
vn -0.606299 0.771654 -0.204724 
vn -0.15748 0.984252 0 
vn -0.15748 0.984252 0 
vn -0.0787402 1 0 
vn -0.0787402 1 0 
vn -0.023622 1 0 
vn -0.023622 1 0 
vn 0 1 0 
vn 0 1 0 
vn 0.023622 1 0 
vn 0.023622 1 0 
vn 0.0787402 1 0 
vn 0.0787402 1 0 
vn 0.15748 0.984252 0 
vn 0.15748 0.984252 0 
vn 0.338583 0.937008 0 
vn 0.480315 0.858268 -0.181102 
vn 0.543307 0.84252 0 
vn 0.606299 0.771654 -0.204724 
vn 0.669291 0 0.740157 
vn 0.669291 0 0.740157 
vn 0.669291 0 0.740157 
vn 0.669291 0 0.740157 
vn 0.669291 0 0.740157 
vn 0.669291 0 0.740157 
vn 0.669291 0 0.740157 
vn 0.669291 0 0.740157 
vn 0.669291 0.0314961 0.740157 
vn 0.669291 0.0314961 0.740157 
vn 0.661417 0.149606 0.732283 
vn 0.669291 0.173228 0.724409 
vn 0.669291 0.370079 0.637795 
vn 0.677165 0.401575 0.614173 
vn 0.661417 0.503937 0.559055 
vn 0.669291 0.503937 0.551181 
vn -0.669291 0 0.740157 
vn -0.669291 0 0.740157 
vn -0.669291 0 0.740157 
vn -0.669291 0 0.740157 
vn -0.669291 0 0.740157 
vn -0.669291 0 0.740157 
vn -0.669291 0 0.740157 
vn -0.669291 0 0.740157 
vn -0.669291 0.0314961 0.740157 
vn -0.669291 0.0314961 0.740157 
vn -0.661417 0.149606 0.732283 
vn -0.669291 0.173228 0.724409 
vn -0.669291 0.370079 0.637795 
vn -0.677165 0.401575 0.614173 
vn -0.661417 0.503937 0.559055 
vn -0.669291 0.503937 0.551181 
vn 1 0 0 
vn 1 0 0 
vn 1 0 0 
vn 1 0 0 
vn 1 0 0 
vn 1 0 0 
vn 1 0 0 
vn 1 0 0 
vn 1 0 0 
vn 1 0 0 
vn 1 0 0 
vn 1 0 0 
vn 1 0 0 
vn 1 0 0 
vn 1 0 0 
vn 1 0 0 
vn -1 0 0 
vn -1 0 0 
vn -1 0 0 
vn -1 0 0 
vn -1 0 0 
vn -1 0 0 
vn -1 0 0 
vn -1 0 0 
vn -1 0 0 
vn -1 0 0 
vn -1 0 0 
vn -1 0 0 
vn -1 0 0 
vn -1 0 0 
vn -1 0 0 
vn -1 0 0 
vn 0.677165 0 0.740157 
vn 0.677165 0 0.740157 
vn 0.677165 0 0.740157 
vn 0.677165 0 0.740157 
vn -0.677165 0 0.740157 
vn -0.677165 0 0.740157 
vn -0.677165 0 0.740157 
vn -0.677165 0 0.740157 
vn 0.677165 0 0.740157 
vn 0.677165 0 0.740157 
vn 0.677165 0 0.740157 
vn 0.677165 0 0.740157 
vn -0.677165 0 0.740157 
vn -0.677165 0 0.740157 
vn -0.677165 0 0.740157 
vn -0.677165 0 0.740157 
vn 0.645669 0 -0.76378 
vn 0.645669 0 -0.76378 
vn 0.645669 0 -0.76378 
vn 0.645669 0 -0.76378 
vn -0.645669 0 -0.76378 
vn -0.645669 0 -0.76378 
vn -0.645669 0 -0.76378 
vn -0.645669 0 -0.76378 
vn 0.346457 0 -0.937008 
vn 0.645669 0 -0.76378 
vn 0.645669 0 -0.76378 
vn 0.645669 0 -0.76378 
vn -0.645669 0 -0.76378 
vn -0.346457 0 -0.937008 
vn -0.645669 0 -0.76378 
vn -0.645669 0 -0.76378 
vn 0 -0.984252 -0.165354 
vn 0 -0.984252 -0.165354 
vn 0 -0.874016 -0.480315 
vn 0 -0.984252 -0.165354 
vn 0 -0.984252 -0.165354 
vn 0 -1 0 
vn 0 -1 0 
vn 0 -0.984252 -0.165354 
vn 0 -1 0 
vn 0 -1 0 
vn 0 -1 0 
vn 0 -1 0 
vn 0 -0.984252 0.165354 
vn 0 -0.984252 0.165354 
vn 0 -0.984252 0.165354 
vn 0 -0.984252 0.165354 
vn 0 -0.984252 0.165354 
vn 0 -0.984252 0.165354 
vn 0 -0.984252 0.165354 
vn 0 -0.834646 0.551181 
vn 0 -0.834646 0.551181 
vn 0 -0.834646 0.551181 
vn 0 -0.834646 0.551181 
vn 0 -0.834646 0.551181 
vn 0 -0.401575 0.913386 
vn 0 -0.401575 0.913386 
vn 0 -0.173228 0.984252 
vn 0 -0.173228 0.984252 
vn 0 -0.401575 0.913386 
vn 0 -0.173228 0.984252 
vn 0 -0.401575 0.913386 
vn 0 -0.173228 0.984252 
vn 0 -0.401575 0.913386 
vn 0 -0.173228 0.984252 
vn 0 -0.401575 0.913386 
vn 0 -0.173228 0.984252 
vn 0 -0.834646 0.551181 
vn 0 -0.401575 0.913386 
vn 0 -0.173228 0.984252 
vn 0 -0.834646 0.551181 
vn 0 -0.834646 0.551181 
vn 0 -0.401575 0.913386 
vn 0 -0.401575 0.913386 
vn 0 -0.173228 0.984252 
vn 0 -0.173228 0.984252 
vn 0 -0.354331 -0.937008 
vn 0 -0.354331 -0.937008 
vn 0 -0.551181 -0.834646 
vn 0 -0.551181 -0.834646 
vn 0 -0.354331 -0.937008 
vn 0 -0.551181 -0.834646 
vn 0 -0.354331 -0.937008 
vn 0 -0.551181 -0.834646 
vn 0 -0.354331 -0.937008 
vn 0 -0.551181 -0.834646 
vn 0 -0.354331 -0.937008 
vn 0 -0.874016 -0.480315 
vn 0 -0.874016 -0.480315 
vn 0 -0.984252 -0.165354 
vn 0 -0.874016 -0.480315 
vn 0 -0.984252 -0.165354 
vn 0 -1 0 
vn 0 -0.874016 -0.480315 
vn 0 -0.984252 -0.165354 
vn 0 -1 0 
vn 0 -0.984252 0.165354 
vn 0 -0.984252 0.165354 
vn 0 -0.834646 0.551181 
vn 0 -1 0 
vn 0 -0.984252 -0.165354 
vn 0 -0.874016 -0.480315 
vn 0 -0.551181 -0.834646 
vn 0 -0.354331 -0.937008 
vn 0 -0.874016 -0.480315 
vn 0 -0.551181 -0.834646 
vn 0 -0.354331 -0.937008 
vn 0 -0.551181 -0.834646 
vn 0 -0.354331 -0.937008 
vn 0 -0.551181 -0.834646 
vn 0 -0.874016 -0.480315 
vn 0 -0.874016 -0.480315 
vn 1 0 0 
vn 1 0 0 
vn 1 0 0 
vn 1 0 0 
vn -1 0 0 
vn -1 0 0 
vn -1 0 0 
vn -1 0 0 
vn 1 0 0 
vn 1 0 0 
vn 1 0 0 
vn 1 0 0 
vn -1 0 0 
vn -1 0 0 
vn -1 0 0 
vn -1 0 0 
vn 0.779528 -0.622047 0 
vn 0.779528 -0.622047 0 
vn 0.779528 -0.622047 0 
vn 0.779528 -0.622047 0 
vn -0.779528 -0.622047 0 
vn -0.779528 -0.622047 0 
vn -0.779528 -0.622047 0 
vn -0.779528 -0.622047 0 
vn 1 0 0 
vn 1 0 0 
vn 1 0 0 
vn 1 0 0 
vn 1 0 0 
vn 1 0 0 
vn 1 0 0 
vn 1 0 0 
vn 1 0 0 
vn -1 0 0 
vn -1 0 0 
vn -1 0 0 
vn -1 0 0 
vn -1 0 0 
vn -1 0 0 
vn -1 0 0 
vn -1 0 0 
vn -1 0 0 
vn -1 0 0 
vn -1 0 0 
vn -1 0 0 
vn 0.015748 0.811024 -0.582677 
vn 0.015748 0.708661 -0.708661 
vn 0 0.708661 -0.708661 
vn 0 0.503937 -0.858268 
vn 0 0.811024 -0.582677 
vn 0 0.0944882 -0.992126 
vn 0 0.015748 -1 
vn 0 0.015748 -1 
vn -0.015748 0.708661 -0.708661 
vn -0.015748 0.811024 -0.582677 
vn -0.0629921 0.811024 -0.582677 
vn -0.00787402 0.503937 -0.858268 
vn -0.0551181 0.708661 -0.700787 
vn -0.125984 0.80315 -0.582677 
vn -0.00787402 0.283465 -0.96063 
vn 0 0.283465 -0.96063 
vn -0.0393701 0.503937 -0.858268 
vn -0.110236 0.700787 -0.700787 
vn -0.15748 0.80315 -0.582677 
vn -0.133858 0.692913 -0.708661 
vn -0.0787402 0.503937 -0.858268 
vn -0.0944882 0.496063 -0.866142 
vn -0.023622 0.283465 -0.96063 
vn -0.0472441 0.291339 -0.952756 
vn -0.0472441 0.275591 -0.96063 
vn 0 0.0944882 -0.992126 
vn -0.00787402 0.0944882 -0.992126 
vn -0.00787402 0.102362 -0.992126 
vn -0.00787402 0.110236 -0.992126 
vn 0 0.015748 -1 
vn 0 0.015748 -1 
vn 0 0.023622 -1 
vn 0 -0.0866142 -1 
vn 0 -0.0866142 -1 
vn 0.00787402 -0.0866142 -1 
vn 0.00787402 -0.149606 -0.992126 
vn 0.015748 -0.141732 -0.992126 
vn 0 -0.149606 -0.992126 
vn 0 -0.149606 -0.992126 
vn 0 -0.0866142 -1 
vn 0 -0.0866142 -1 
vn 0 -0.0866142 -1 
vn 0 -0.149606 -0.992126 
vn 0 -0.149606 -0.992126 
vn 0 -0.0866142 -1 
vn 0 -0.149606 -0.992126 
vn 0 0.015748 -1 
vn 0 0.015748 -1 
vn 0 -0.0866142 -1 
vn -0.00787402 -0.149606 -0.992126 
vn -0.00787402 -0.0866142 -1 
vn -0.015748 -0.141732 -0.992126 
vn 0 0.023622 -1 
vn 0 0.015748 -1 
vn 0.00787402 0.110236 -0.992126 
vn 0.00787402 0.102362 -0.992126 
vn 0.0472441 0.275591 -0.96063 
vn 0.00787402 0.0944882 -0.992126 
vn 0.0472441 0.291339 -0.952756 
vn 0.0944882 0.496063 -0.866142 
vn 0.0787402 0.503937 -0.858268 
vn 0.133858 0.692913 -0.708661 
vn 0.023622 0.283465 -0.96063 
vn 0 0.0944882 -0.992126 
vn 0.110236 0.700787 -0.700787 
vn 0.15748 0.80315 -0.582677 
vn 0.125984 0.80315 -0.582677 
vn 0.0393701 0.503937 -0.858268 
vn 0.0551181 0.708661 -0.700787 
vn 0.0629921 0.811024 -0.582677 
vn 0.00787402 0.283465 -0.96063 
vn 0.00787402 0.503937 -0.858268 
vn 0 -0.787402 -0.614173 
vn 0 -0.787402 -0.614173 
vn 0 -0.787402 -0.614173 
vn 0 -0.795276 -0.614173 
vn 0 -0.787402 -0.614173 
vn 0 -0.795276 -0.606299 
vn 0 -0.787402 -0.614173 
vn 0 -0.795276 -0.606299 
vn 0 -0.787402 -0.614173 
vn 0 -0.795276 -0.606299 
vn 0 -0.787402 -0.622047 
vn 0.102362 -0.850394 -0.519685 
vn 0 -0.787402 -0.622047 
vn 0.19685 -0.88189 -0.425197 
vn 0 -0.787402 -0.622047 
vn 0.393701 -0.905512 -0.15748 
vn 0 -0.779528 -0.622047 
vn 0.377953 -0.905512 -0.188976 
vn -0.204724 -0.88189 -0.433071 
vn 0.401575 -0.905512 0.149606 
vn -0.102362 -0.84252 -0.527559 
vn 0.377953 -0.905512 0.181102 
vn -0.385827 -0.897638 -0.19685 
vn 0.110236 -0.850394 0.511811 
vn -0.409449 -0.897638 -0.165354 
vn 0.204724 -0.889764 0.409449 
vn -0.393701 -0.897638 0.188976 
vn 0 -0.795276 0.606299 
vn -0.409449 -0.897638 0.15748 
vn 0 -0.795276 0.606299 
vn -0.204724 -0.88189 0.425197 
vn 0 -0.795276 0.606299 
vn -0.110236 -0.84252 0.527559 
vn 0 -0.795276 0.606299 
vn 0 -0.787402 0.622047 
vn 0 -0.787402 0.614173 
vn 0 -0.787402 0.622047 
vn 0 -0.787402 0.614173 
vn 0 -0.787402 0.622047 
vn 0 -0.787402 0.614173 
vn 0 -0.787402 0.622047 
vn 0 -0.787402 0.614173 
vn 0 -0.787402 0.614173 
vn 0 -0.787402 0.614173 
vn 0.0472441 0.661417 0.748031 
vn 0.015748 0.661417 0.748031 
vn 0.00787402 0.503937 0.858268 
vn 0 0.661417 0.748031 
vn 0 0.503937 0.866142 
vn 0.00787402 0.212598 0.976378 
vn -0.015748 0.661417 0.748031 
vn 0 0.0472441 1 
vn 0 0.212598 0.976378 
vn -0.00787402 0.503937 0.858268 
vn -0.0472441 0.661417 0.748031 
vn 0 0.0472441 1 
vn 0 0 1 
vn -0.00787402 0.212598 0.976378 
vn -0.0393701 0.511811 0.858268 
vn -0.102362 0.661417 0.740157 
vn 0 0 1 
vn 0 0 1 
vn 0 0 1 
vn 0 0.0472441 1 
vn 0 0 1 
vn -0.015748 0.212598 0.976378 
vn 0 0.0472441 1 
vn 0 0 1 
vn 0 0 1 
vn 0 0 1 
vn 0 0 1 
vn 0 0 1 
vn 0 0 1 
vn 0 0 1 
vn 0 0 1 
vn 0 0 1 
vn 0 0 1 
vn 0 0 1 
vn 0 0 1 
vn 0 0 1 
vn 0 0 1 
vn 0 0 1 
vn 0 0 1 
vn 0 0 1 
vn -0.00787402 0.0393701 1 
vn -0.00787402 0.0472441 1 
vn -0.0393701 0.19685 0.976378 
vn -0.0314961 0.212598 0.976378 
vn -0.0944882 0.488189 0.866142 
vn -0.0787402 0.503937 0.858268 
vn -0.133858 0.661417 0.740157 
vn 0 0 1 
vn 0 0 1 
vn 0 0 1 
vn 0 0 1 
vn 0 0 1 
vn 0 0 1 
vn 0 0 1 
vn 0 0 1 
vn 0 0 1 
vn 0 0 1 
vn 0 0 1 
vn 0.00787402 0.0393701 1 
vn 0 0 1 
vn 0 0 1 
vn 0.00787402 0.0472441 1 
vn 0 0 1 
vn 0.0393701 0.19685 0.976378 
vn 0.0314961 0.212598 0.976378 
vn 0.0944882 0.488189 0.866142 
vn 0 0.0472441 1 
vn 0.0787402 0.503937 0.858268 
vn 0.133858 0.661417 0.740157 
vn 0.102362 0.661417 0.740157 
vn 0.015748 0.212598 0.976378 
vn 0.0393701 0.511811 0.858268 
vn 0 -0.212598 0.976378 
vn 0 -0.212598 0.976378 
vn 0.173228 -0.354331 0.913386 
vn 0 -0.212598 0.976378 
vn 0.393701 -0.480315 0.779528 
vn 0.456693 -0.551181 0.700787 
vn 0.551181 -0.566929 0.614173 
vn 0 -0.212598 0.976378 
vn 0 -0.212598 0.976378 
vn 0 -0.212598 0.976378 
vn 0 -0.212598 0.976378 
vn 0 -0.212598 0.976378 
vn 0 -0.212598 0.976378 
vn 0 -0.212598 0.976378 
vn 0 -0.212598 0.976378 
vn 0 -0.212598 0.976378 
vn 0 -0.212598 0.976378 
vn 0 -0.212598 0.976378 
vn -0.173228 -0.354331 0.913386 
vn -0.393701 -0.480315 0.779528 
vn -0.456693 -0.551181 0.700787 
vn -0.551181 -0.566929 0.614173 
vn 0 0 -1 
vn 0 0 -1 
vn 0 0 -1 
vn 0 0 -1 
vn 0 0 -1 
vn 0 0 -1 
vn 0 0 -1 
vn 0 0 -1 
vn 0 0 -1 
vn 0 0 -1 
vn 0 0 -1 
vn 0 0 -1 
vn 0.346457 0 -0.937008 
vn 0 0 -1 
vn 0 0 -1 
vn 0 0 -1 
vn 0 0 -1 
vn -0.346457 0 -0.937008 
vn 0 0 -1 
vn 0 0 -1 
vn 0 0 -1 
vn 0 0 -1 
vn 0 0 -1 
vn 0 0 -1 
vn 0 0 -1 
vn 0 0 -1 
vn 0 0 -1 
vn 0 0 -1 
vn 0 0 -1 
vn 0 0 -1 
vn 0 0 -1 
vn 0 0 -1 
vn 0 0 -1 
vn 0 0 -1 
vn 0 0 -1 
vn 0 0 -1 
vn 0 0 1 
vn 0 0 1 
vn 0 0 1 
vn 0 0 1 
vn 0 0 1 
vn 0 0 1 
vn 0 0 1 
vn 0 0 1 
vn 0 0 1 
vn 0 0 1 
vn 0 0 1 
vn 0 0 1 
vn 0 0 1 
vn 0 0 1 
vn 0 0 1 
vn 0 0 1 
vn 0 0 1 
vn 0 0 1 
vn 0 0 1 
vn 0 0 1 
vn 0 0 1 
vn 0 0 1 
vn 0 0 1 
vn 0 0 1 
vn 0 0 1 
vn 0 0 1 
vn 0 0 1 
vn 0 -0.566929 -0.826772 
vn 0 -0.566929 -0.818898 
vn 0 -0.566929 -0.826772 
vn -0.00787402 -0.582677 -0.811024 
vn 0 -0.566929 -0.826772 
vn -0.00787402 -0.574803 -0.818898 
vn 0 -0.566929 -0.826772 
vn -0.0551181 -0.527559 -0.84252 
vn 0 -0.566929 -0.818898 
vn -0.102362 -0.535433 -0.834646 
vn 0.015748 -0.574803 -0.818898 
vn -0.0551181 -0.448819 -0.889764 
vn 0.00787402 -0.582677 -0.811024 
vn 0.015748 -0.559055 -0.826772 
vn 0.023622 -0.503937 -0.866142 
vn -0.0393701 -0.314961 -0.952756 
vn 0.0551181 -0.527559 -0.84252 
vn 0.102362 -0.535433 -0.834646 
vn 0.0551181 -0.448819 -0.889764 
vn -0.015748 -0.559055 -0.826772 
vn -0.023622 -0.503937 -0.866142 
vn 0.0393701 -0.314961 -0.952756 

vt 0.151032 0.883388 
vt 0.152451 0.881722 
vt 0.152451 0.882661 
vt 0.151032 0.884033 
vt 0.152451 0.8864 
vt 0.151032 0.887732 
vt 0.152451 0.893309 
vt 0.151032 0.894021 
vt 0.152451 0.904919 
vt 0.151032 0.90498 
vt 0.152451 0.914159 
vt 0.151032 0.913947 
vt 0.151032 0.920703 
vt 0.152451 0.92126 
vt 0.151032 0.924667 
vt 0.152451 0.925846 
vt 0.151032 0.926572 
vt 0.152451 0.928115 
vt 0.211417 0.883388 
vt 0.211417 0.884033 
vt 0.209998 0.882661 
vt 0.209998 0.881722 
vt 0.209998 0.8864 
vt 0.211417 0.887732 
vt 0.209998 0.893309 
vt 0.211417 0.894021 
vt 0.209998 0.904919 
vt 0.211417 0.90498 
vt 0.209998 0.914159 
vt 0.211417 0.913947 
vt 0.211417 0.920703 
vt 0.209998 0.92126 
vt 0.211417 0.924667 
vt 0.209998 0.925846 
vt 0.211417 0.926572 
vt 0.209998 0.928115 
vt 0.00255646 0.782619 
vt 0.00255646 0.761853 
vt 0.00587313 0.766381 
vt 0.00600874 0.782619 
vt 0.00255646 0.802795 
vt 0.00607292 0.802795 
vt 0.00615439 0.817031 
vt 0.00255646 0.817031 
vt 0.00627383 0.830067 
vt 0.00255646 0.830067 
vt 0.0060891 0.842648 
vt 0.00255646 0.842648 
vt 0.00255646 0.855485 
vt 0.00581005 0.855485 
vt 0.00489426 0.869302 
vt 0.00255646 0.869302 
vt 0.142055 0.782619 
vt 0.138717 0.782619 
vt 0.13895 0.766381 
vt 0.142055 0.764118 
vt 0.142055 0.802795 
vt 0.138534 0.802795 
vt 0.138373 0.817032 
vt 0.142055 0.817032 
vt 0.138191 0.830067 
vt 0.142055 0.830067 
vt 0.138206 0.842648 
vt 0.142055 0.842648 
vt 0.142055 0.855485 
vt 0.138286 0.855485 
vt 0.138822 0.869302 
vt 0.142055 0.869302 
vt 0.141302 0.981497 
vt 0.13791 0.981497 
vt 0.13791 0.870631 
vt 0.141306 0.870631 
vt 0.125224 0.981497 
vt 0.12523 0.870631 
vt 0.11117 0.981497 
vt 0.111169 0.870631 
vt 0.0935762 0.981497 
vt 0.0935762 0.870631 
vt 0.0722214 0.981497 
vt 0.0722214 0.870631 
vt 0.0508666 0.981497 
vt 0.0508677 0.870631 
vt 0.0332736 0.981497 
vt 0.0332736 0.870631 
vt 0.0192185 0.981497 
vt 0.0192141 0.870631 
vt 0.00653268 0.981497 
vt 0.00653376 0.870631 
vt 0.00314114 0.981497 
vt 0.00313671 0.870631 
vt 0.349834 0.782619 
vt 0.349754 0.764118 
vt 0.351447 0.764118 
vt 0.351447 0.782619 
vt 0.349714 0.802795 
vt 0.351447 0.802795 
vt 0.349583 0.817032 
vt 0.351447 0.817032 
vt 0.349305 0.830067 
vt 0.351447 0.830067 
vt 0.349084 0.842648 
vt 0.351447 0.842648 
vt 0.34906 0.855485 
vt 0.351447 0.855485 
vt 0.349448 0.869302 
vt 0.351447 0.869302 
vt 0.212104 0.782619 
vt 0.212104 0.764118 
vt 0.214741 0.764118 
vt 0.214562 0.782619 
vt 0.212104 0.802795 
vt 0.214575 0.802795 
vt 0.212104 0.817032 
vt 0.214626 0.817032 
vt 0.212104 0.830067 
vt 0.214779 0.830067 
vt 0.214914 0.842648 
vt 0.212104 0.842648 
vt 0.214889 0.855485 
vt 0.212104 0.855485 
vt 0.214514 0.869302 
vt 0.212104 0.869302 
vt 0.351426 0.782619 
vt 0.351426 0.761853 
vt 0.421048 0.761853 
vt 0.421048 0.782619 
vt 0.351426 0.802795 
vt 0.421048 0.802795 
vt 0.421048 0.817031 
vt 0.351426 0.817031 
vt 0.421048 0.830067 
vt 0.351426 0.830067 
vt 0.421048 0.842648 
vt 0.351426 0.842648 
vt 0.421048 0.855485 
vt 0.351426 0.855485 
vt 0.421048 0.869302 
vt 0.351426 0.869302 
vt 0.212104 0.782619 
vt 0.142055 0.782619 
vt 0.142055 0.764118 
vt 0.212104 0.764118 
vt 0.142055 0.802795 
vt 0.212104 0.802795 
vt 0.142055 0.817032 
vt 0.212104 0.817032 
vt 0.142055 0.830067 
vt 0.212104 0.830067 
vt 0.142055 0.842648 
vt 0.212104 0.842648 
vt 0.142055 0.855485 
vt 0.212104 0.855485 
vt 0.142055 0.869302 
vt 0.212104 0.869302 
vt 0.351447 0.745573 
vt 0.34637 0.745573 
vt 0.346387 0.731841 
vt 0.351447 0.732963 
vt 0.217871 0.731612 
vt 0.217788 0.745573 
vt 0.212104 0.745573 
vt 0.212104 0.732715 
vt 0.351447 0.732963 
vt 0.346387 0.731841 
vt 0.346425 0.702009 
vt 0.351447 0.702111 
vt 0.217871 0.731612 
vt 0.212104 0.732715 
vt 0.212104 0.702089 
vt 0.218048 0.701989 
vt 0.0107962 0.732955 
vt 0.0107903 0.756253 
vt 0.00255646 0.745573 
vt 0.00255646 0.732963 
vt 0.142055 0.745573 
vt 0.13552 0.758161 
vt 0.135693 0.733842 
vt 0.142055 0.732715 
vt 0.0107962 0.732955 
vt 0.00255646 0.732963 
vt 0.00255646 0.702111 
vt 0.0108041 0.70211 
vt 0.142055 0.732715 
vt 0.135693 0.733842 
vt 0.135918 0.702191 
vt 0.142055 0.702088 
vt 0.2079 0.914159 
vt 0.209998 0.914159 
vt 0.209998 0.92126 
vt 0.19199 0.914159 
vt 0.181224 0.914159 
vt 0.181224 0.904919 
vt 0.170458 0.904919 
vt 0.200851 0.914159 
vt 0.19199 0.904919 
vt 0.200851 0.904919 
vt 0.207899 0.904919 
vt 0.209998 0.904919 
vt 0.170458 0.893309 
vt 0.161597 0.893309 
vt 0.181224 0.893309 
vt 0.19199 0.893309 
vt 0.200852 0.893309 
vt 0.207899 0.893309 
vt 0.209998 0.893309 
vt 0.207899 0.8864 
vt 0.209998 0.8864 
vt 0.200852 0.8864 
vt 0.19199 0.8864 
vt 0.181224 0.8864 
vt 0.207899 0.882661 
vt 0.209998 0.882661 
vt 0.209998 0.881722 
vt 0.207898 0.881722 
vt 0.200852 0.882661 
vt 0.200852 0.881722 
vt 0.19199 0.882661 
vt 0.19199 0.881722 
vt 0.181224 0.882661 
vt 0.181224 0.881722 
vt 0.170458 0.882661 
vt 0.170458 0.881722 
vt 0.170458 0.8864 
vt 0.161597 0.882661 
vt 0.161597 0.881722 
vt 0.161597 0.8864 
vt 0.154549 0.8864 
vt 0.15455 0.882661 
vt 0.152451 0.882661 
vt 0.15455 0.881722 
vt 0.152451 0.881722 
vt 0.181224 0.928115 
vt 0.170458 0.928115 
vt 0.170458 0.925846 
vt 0.161597 0.925846 
vt 0.161597 0.928115 
vt 0.181224 0.925846 
vt 0.19199 0.928115 
vt 0.154548 0.925846 
vt 0.154548 0.928115 
vt 0.152451 0.925846 
vt 0.152451 0.928115 
vt 0.152451 0.92126 
vt 0.154549 0.92126 
vt 0.152451 0.914159 
vt 0.161597 0.92126 
vt 0.154549 0.914159 
vt 0.152451 0.904919 
vt 0.170458 0.92126 
vt 0.161597 0.914159 
vt 0.154549 0.904919 
vt 0.152451 0.893309 
vt 0.154549 0.893309 
vt 0.152451 0.8864 
vt 0.161597 0.904919 
vt 0.170458 0.914159 
vt 0.181224 0.92126 
vt 0.19199 0.925846 
vt 0.200851 0.928115 
vt 0.19199 0.92126 
vt 0.200851 0.925846 
vt 0.2079 0.928115 
vt 0.2079 0.925846 
vt 0.209998 0.928115 
vt 0.209998 0.925846 
vt 0.200851 0.92126 
vt 0.2079 0.92126 
vt 0.421048 0.745573 
vt 0.351426 0.745573 
vt 0.351426 0.732963 
vt 0.421048 0.732963 
vt 0.212104 0.745573 
vt 0.142055 0.745573 
vt 0.142055 0.732715 
vt 0.212104 0.732715 
vt 0.421048 0.732963 
vt 0.351426 0.732963 
vt 0.351426 0.702111 
vt 0.421048 0.702111 
vt 0.212104 0.732715 
vt 0.142055 0.732715 
vt 0.142055 0.702088 
vt 0.212104 0.702089 
vt 0.351426 0.761853 
vt 0.351426 0.745573 
vt 0.421048 0.745573 
vt 0.421048 0.761853 
vt 0.212104 0.764118 
vt 0.142055 0.764118 
vt 0.142055 0.745573 
vt 0.212104 0.745573 
vt 0.151032 0.926572 
vt 0.151032 0.883388 
vt 0.151032 0.884033 
vt 0.151032 0.924667 
vt 0.151032 0.887732 
vt 0.151032 0.920703 
vt 0.151032 0.913947 
vt 0.151032 0.894021 
vt 0.151032 0.90498 
vt 0.211417 0.926572 
vt 0.211417 0.924667 
vt 0.211417 0.884033 
vt 0.211417 0.883388 
vt 0.211417 0.887732 
vt 0.211417 0.920703 
vt 0.211417 0.913947 
vt 0.211417 0.894021 
vt 0.211417 0.90498 
vt 0.211417 0.920703 
vt 0.211417 0.913947 
vt 0.211417 0.887732 
vt 0.0496889 0.869302 
vt 0.0500433 0.855485 
vt 0.0715594 0.855485 
vt 0.0716894 0.842648 
vt 0.0714288 0.869302 
vt 0.0719673 0.817032 
vt 0.072132 0.802795 
vt 0.0935253 0.802795 
vt 0.0930995 0.855485 
vt 0.0931882 0.869302 
vt 0.111096 0.869302 
vt 0.093095 0.842648 
vt 0.11075 0.855485 
vt 0.125367 0.869302 
vt 0.0931458 0.830067 
vt 0.0718122 0.830067 
vt 0.11063 0.842648 
vt 0.124687 0.855485 
vt 0.138822 0.869302 
vt 0.138286 0.855485 
vt 0.124454 0.842648 
vt 0.138206 0.842648 
vt 0.110647 0.830067 
vt 0.124477 0.830067 
vt 0.138191 0.830067 
vt 0.0933049 0.817032 
vt 0.110839 0.817032 
vt 0.124737 0.817032 
vt 0.138373 0.817032 
vt 0.111114 0.802795 
vt 0.125057 0.802795 
vt 0.138534 0.802795 
vt 0.111428 0.782619 
vt 0.125458 0.782619 
vt 0.138717 0.782619 
vt 0.125976 0.766381 
vt 0.13895 0.766381 
vt 0.111777 0.766381 
vt 0.0940253 0.766381 
vt 0.0937642 0.782619 
vt 0.0722893 0.782619 
vt 0.0508129 0.782619 
vt 0.0508625 0.766381 
vt 0.0724506 0.766381 
vt 0.0331726 0.782619 
vt 0.0331134 0.766381 
vt 0.0331821 0.802795 
vt 0.0507476 0.802795 
vt 0.019166 0.782619 
vt 0.018945 0.766381 
vt 0.00600874 0.782619 
vt 0.00587313 0.766381 
vt 0.00607292 0.802795 
vt 0.0192625 0.802795 
vt 0.00615439 0.817031 
vt 0.0193373 0.817032 
vt 0.00627383 0.830067 
vt 0.0331631 0.817032 
vt 0.01932 0.830067 
vt 0.0060891 0.842648 
vt 0.0190661 0.842648 
vt 0.00581005 0.855485 
vt 0.0330727 0.830067 
vt 0.0506477 0.817032 
vt 0.0185722 0.855485 
vt 0.00489426 0.869302 
vt 0.0176212 0.869302 
vt 0.0328405 0.842648 
vt 0.0324549 0.855485 
vt 0.0318365 0.869302 
vt 0.0505054 0.830067 
vt 0.05031 0.842648 
vt 0.181224 0.932509 
vt 0.168842 0.932509 
vt 0.170458 0.928115 
vt 0.161597 0.928115 
vt 0.181224 0.928115 
vt 0.15865 0.932509 
vt 0.193607 0.932509 
vt 0.154548 0.928115 
vt 0.19199 0.928115 
vt 0.150542 0.932509 
vt 0.203798 0.932509 
vt 0.152451 0.928115 
vt 0.200851 0.928115 
vt 0.14813 0.932509 
vt 0.211906 0.932509 
vt 0.151032 0.926572 
vt 0.2079 0.928115 
vt 0.146498 0.930673 
vt 0.214318 0.932509 
vt 0.151032 0.883388 
vt 0.209998 0.928115 
vt 0.146498 0.879306 
vt 0.21595 0.930673 
vt 0.152451 0.881722 
vt 0.211417 0.926572 
vt 0.14813 0.877324 
vt 0.21595 0.879306 
vt 0.15455 0.881722 
vt 0.211417 0.883388 
vt 0.150545 0.877324 
vt 0.214318 0.877324 
vt 0.161597 0.881722 
vt 0.209998 0.881722 
vt 0.15865 0.877324 
vt 0.211904 0.877324 
vt 0.170458 0.881722 
vt 0.207898 0.881722 
vt 0.168841 0.877324 
vt 0.203799 0.877324 
vt 0.181224 0.881722 
vt 0.200852 0.881722 
vt 0.181224 0.877324 
vt 0.193607 0.877324 
vt 0.19199 0.881722 
vt 0.32021 0.869302 
vt 0.302624 0.869302 
vt 0.302604 0.855485 
vt 0.28123 0.869302 
vt 0.281276 0.855485 
vt 0.302621 0.842648 
vt 0.259837 0.869302 
vt 0.302665 0.830067 
vt 0.281334 0.842648 
vt 0.259947 0.855485 
vt 0.242244 0.869302 
vt 0.281407 0.830067 
vt 0.302811 0.817032 
vt 0.260039 0.842648 
vt 0.242465 0.855485 
vt 0.228316 0.869302 
vt 0.281524 0.817032 
vt 0.302978 0.802795 
vt 0.281629 0.802795 
vt 0.260131 0.830067 
vt 0.260211 0.817032 
vt 0.242587 0.842648 
vt 0.242678 0.830067 
vt 0.260259 0.802795 
vt 0.281755 0.782619 
vt 0.242695 0.817032 
vt 0.260296 0.782619 
vt 0.281875 0.764118 
vt 0.260301 0.764118 
vt 0.242676 0.802795 
vt 0.242643 0.782619 
vt 0.242536 0.764118 
vt 0.22866 0.782619 
vt 0.22842 0.764118 
vt 0.214562 0.782619 
vt 0.214741 0.764118 
vt 0.214575 0.802795 
vt 0.228712 0.802795 
vt 0.214626 0.817032 
vt 0.2288 0.817032 
vt 0.214779 0.830067 
vt 0.228919 0.830067 
vt 0.214914 0.842648 
vt 0.228895 0.842648 
vt 0.214889 0.855485 
vt 0.228714 0.855485 
vt 0.214514 0.869302 
vt 0.334757 0.782619 
vt 0.335264 0.764118 
vt 0.349754 0.764118 
vt 0.349834 0.782619 
vt 0.320817 0.782619 
vt 0.32122 0.764118 
vt 0.334474 0.802795 
vt 0.349714 0.802795 
vt 0.349583 0.817032 
vt 0.320543 0.802795 
vt 0.334218 0.817032 
vt 0.349305 0.830067 
vt 0.303197 0.782619 
vt 0.303458 0.764118 
vt 0.333887 0.830067 
vt 0.320323 0.817032 
vt 0.349084 0.842648 
vt 0.333773 0.842648 
vt 0.34906 0.855485 
vt 0.320107 0.830067 
vt 0.333848 0.855485 
vt 0.349448 0.869302 
vt 0.334159 0.869302 
vt 0.32005 0.842648 
vt 0.320077 0.855485 
vt 0.335264 0.764118 
vt 0.3359 0.745573 
vt 0.34637 0.745573 
vt 0.32122 0.764118 
vt 0.349754 0.764118 
vt 0.351447 0.745573 
vt 0.351447 0.764118 
vt 0.321489 0.745573 
vt 0.303458 0.764118 
vt 0.303608 0.745573 
vt 0.281875 0.764118 
vt 0.281957 0.745573 
vt 0.260301 0.764118 
vt 0.260318 0.745573 
vt 0.242536 0.764118 
vt 0.242444 0.745573 
vt 0.22842 0.764118 
vt 0.227973 0.745573 
vt 0.217788 0.745573 
vt 0.214741 0.764118 
vt 0.212104 0.745573 
vt 0.212104 0.764118 
vt 0.0725327 0.759168 
vt 0.0508943 0.758891 
vt 0.0510323 0.732648 
vt 0.0727525 0.73276 
vt 0.0331572 0.732632 
vt 0.0941526 0.759589 
vt 0.0331056 0.758798 
vt 0.0944634 0.732952 
vt 0.0188478 0.757685 
vt 0.111936 0.760068 
vt 0.01885 0.732803 
vt 0.0107903 0.756253 
vt 0.0107962 0.732955 
vt 0.112335 0.733183 
vt 0.126259 0.759458 
vt 0.126674 0.733599 
vt 0.13552 0.758161 
vt 0.135693 0.733842 
vt 0.0727525 0.73276 
vt 0.0510323 0.732648 
vt 0.0511931 0.702083 
vt 0.0332174 0.702081 
vt 0.0730078 0.702093 
vt 0.0331572 0.732632 
vt 0.0944634 0.732952 
vt 0.0188526 0.702097 
vt 0.0948232 0.70211 
vt 0.01885 0.732803 
vt 0.0108041 0.70211 
vt 0.0107962 0.732955 
vt 0.112335 0.733183 
vt 0.112796 0.702131 
vt 0.126674 0.733599 
vt 0.127179 0.702169 
vt 0.135693 0.733842 
vt 0.135918 0.702191 
vt 0.34637 0.745573 
vt 0.3359 0.745573 
vt 0.335936 0.731833 
vt 0.346387 0.731841 
vt 0.336013 0.702009 
vt 0.346425 0.702009 
vt 0.321628 0.702006 
vt 0.321533 0.731805 
vt 0.321489 0.745573 
vt 0.303803 0.702003 
vt 0.30367 0.731769 
vt 0.303608 0.745573 
vt 0.282199 0.701999 
vt 0.282034 0.731727 
vt 0.281957 0.745573 
vt 0.260614 0.701995 
vt 0.260413 0.731684 
vt 0.260318 0.745573 
vt 0.242819 0.701992 
vt 0.242564 0.731649 
vt 0.242444 0.745573 
vt 0.228515 0.701989 
vt 0.228147 0.731621 
vt 0.218048 0.701989 
vt 0.227973 0.745573 
vt 0.217871 0.731612 
vt 0.217788 0.745573 
vt 0.0508625 0.766381 
vt 0.0508943 0.758891 
vt 0.0725327 0.759168 
vt 0.0331134 0.766381 
vt 0.0724506 0.766381 
vt 0.0331056 0.758798 
vt 0.0941526 0.759589 
vt 0.018945 0.766381 
vt 0.0940253 0.766381 
vt 0.0188478 0.757685 
vt 0.111936 0.760068 
vt 0.0107903 0.756253 
vt 0.111777 0.766381 
vt 0.00587313 0.766381 
vt 0.00255646 0.761853 
vt 0.00255646 0.745573 
vt 0.125976 0.766381 
vt 0.126259 0.759458 
vt 0.13552 0.758161 
vt 0.13895 0.766381 
vt 0.142055 0.764118 
vt 0.142055 0.745573 

usemtl Rig1Mtl

f 6494/6494/6494 6495/6495/6495 6496/6496/6496 
f 6496/6496/6496 6497/6497/6497 6494/6494/6494 
f 6497/6497/6497 6496/6496/6496 6498/6498/6498 
f 6498/6498/6498 6499/6499/6499 6497/6497/6497 
f 6499/6499/6499 6498/6498/6498 6500/6500/6500 
f 6500/6500/6500 6501/6501/6501 6499/6499/6499 
f 6501/6501/6501 6500/6500/6500 6502/6502/6502 
f 6502/6502/6502 6503/6503/6503 6501/6501/6501 
f 6503/6503/6503 6502/6502/6502 6504/6504/6504 
f 6504/6504/6504 6505/6505/6505 6503/6503/6503 
f 6506/6506/6506 6505/6505/6505 6504/6504/6504 
f 6504/6504/6504 6507/6507/6507 6506/6506/6506 
f 6508/6508/6508 6506/6506/6506 6507/6507/6507 
f 6507/6507/6507 6509/6509/6509 6508/6508/6508 
f 6510/6510/6510 6508/6508/6508 6509/6509/6509 
f 6509/6509/6509 6511/6511/6511 6510/6510/6510 
f 6512/6512/6512 6513/6513/6513 6514/6514/6514 
f 6514/6514/6514 6515/6515/6515 6512/6512/6512 
f 6516/6516/6516 6514/6514/6514 6513/6513/6513 
f 6513/6513/6513 6517/6517/6517 6516/6516/6516 
f 6518/6518/6518 6516/6516/6516 6517/6517/6517 
f 6517/6517/6517 6519/6519/6519 6518/6518/6518 
f 6520/6520/6520 6518/6518/6518 6519/6519/6519 
f 6519/6519/6519 6521/6521/6521 6520/6520/6520 
f 6522/6522/6522 6520/6520/6520 6521/6521/6521 
f 6521/6521/6521 6523/6523/6523 6522/6522/6522 
f 6522/6522/6522 6523/6523/6523 6524/6524/6524 
f 6524/6524/6524 6525/6525/6525 6522/6522/6522 
f 6525/6525/6525 6524/6524/6524 6526/6526/6526 
f 6526/6526/6526 6527/6527/6527 6525/6525/6525 
f 6527/6527/6527 6526/6526/6526 6528/6528/6528 
f 6528/6528/6528 6529/6529/6529 6527/6527/6527 
f 6530/6530/6530 6531/6531/6531 6532/6532/6532 
f 6532/6532/6532 6533/6533/6533 6530/6530/6530 
f 6534/6534/6534 6530/6530/6530 6533/6533/6533 
f 6533/6533/6533 6535/6535/6535 6534/6534/6534 
f 6534/6534/6534 6535/6535/6535 6536/6536/6536 
f 6536/6536/6536 6537/6537/6537 6534/6534/6534 
f 6537/6537/6537 6536/6536/6536 6538/6538/6538 
f 6538/6538/6538 6539/6539/6539 6537/6537/6537 
f 6539/6539/6539 6538/6538/6538 6540/6540/6540 
f 6540/6540/6540 6541/6541/6541 6539/6539/6539 
f 6542/6542/6542 6541/6541/6541 6540/6540/6540 
f 6540/6540/6540 6543/6543/6543 6542/6542/6542 
f 6542/6542/6542 6543/6543/6543 6544/6544/6544 
f 6544/6544/6544 6545/6545/6545 6542/6542/6542 
f 6546/6546/6546 6547/6547/6547 6548/6548/6548 
f 6548/6548/6548 6549/6549/6549 6546/6546/6546 
f 6547/6547/6547 6546/6546/6546 6550/6550/6550 
f 6550/6550/6550 6551/6551/6551 6547/6547/6547 
f 6552/6552/6552 6551/6551/6551 6550/6550/6550 
f 6550/6550/6550 6553/6553/6553 6552/6552/6552 
f 6554/6554/6554 6552/6552/6552 6553/6553/6553 
f 6553/6553/6553 6555/6555/6555 6554/6554/6554 
f 6556/6556/6556 6554/6554/6554 6555/6555/6555 
f 6555/6555/6555 6557/6557/6557 6556/6556/6556 
f 6556/6556/6556 6557/6557/6557 6558/6558/6558 
f 6558/6558/6558 6559/6559/6559 6556/6556/6556 
f 6560/6560/6560 6559/6559/6559 6558/6558/6558 
f 6558/6558/6558 6561/6561/6561 6560/6560/6560 
f 6562/6562/6562 6563/6563/6563 6564/6564/6564 
f 6564/6564/6564 6565/6565/6565 6562/6562/6562 
f 6564/6564/6564 6563/6563/6563 6566/6566/6566 
f 6566/6566/6566 6567/6567/6567 6564/6564/6564 
f 6567/6567/6567 6566/6566/6566 6568/6568/6568 
f 6568/6568/6568 6569/6569/6569 6567/6567/6567 
f 6569/6569/6569 6568/6568/6568 6570/6570/6570 
f 6570/6570/6570 6571/6571/6571 6569/6569/6569 
f 6571/6571/6571 6570/6570/6570 6572/6572/6572 
f 6572/6572/6572 6573/6573/6573 6571/6571/6571 
f 6573/6573/6573 6572/6572/6572 6574/6574/6574 
f 6574/6574/6574 6575/6575/6575 6573/6573/6573 
f 6575/6575/6575 6574/6574/6574 6576/6576/6576 
f 6576/6576/6576 6577/6577/6577 6575/6575/6575 
f 6577/6577/6577 6576/6576/6576 6578/6578/6578 
f 6578/6578/6578 6579/6579/6579 6577/6577/6577 
f 6579/6579/6579 6578/6578/6578 6580/6580/6580 
f 6580/6580/6580 6581/6581/6581 6579/6579/6579 
f 6581/6581/6581 6580/6580/6580 6582/6582/6582 
f 6582/6582/6582 6583/6583/6583 6581/6581/6581 
f 6584/6584/6584 6585/6585/6585 6586/6586/6586 
f 6586/6586/6586 6587/6587/6587 6584/6584/6584 
f 6588/6588/6588 6584/6584/6584 6587/6587/6587 
f 6587/6587/6587 6589/6589/6589 6588/6588/6588 
f 6590/6590/6590 6588/6588/6588 6589/6589/6589 
f 6589/6589/6589 6591/6591/6591 6590/6590/6590 
f 6592/6592/6592 6590/6590/6590 6591/6591/6591 
f 6591/6591/6591 6593/6593/6593 6592/6592/6592 
f 6594/6594/6594 6592/6592/6592 6593/6593/6593 
f 6593/6593/6593 6595/6595/6595 6594/6594/6594 
f 6596/6596/6596 6594/6594/6594 6595/6595/6595 
f 6595/6595/6595 6597/6597/6597 6596/6596/6596 
f 6598/6598/6598 6596/6596/6596 6597/6597/6597 
f 6597/6597/6597 6599/6599/6599 6598/6598/6598 
f 6600/6600/6600 6601/6601/6601 6602/6602/6602 
f 6602/6602/6602 6603/6603/6603 6600/6600/6600 
f 6604/6604/6604 6600/6600/6600 6603/6603/6603 
f 6603/6603/6603 6605/6605/6605 6604/6604/6604 
f 6606/6606/6606 6604/6604/6604 6605/6605/6605 
f 6605/6605/6605 6607/6607/6607 6606/6606/6606 
f 6608/6608/6608 6606/6606/6606 6607/6607/6607 
f 6607/6607/6607 6609/6609/6609 6608/6608/6608 
f 6608/6608/6608 6609/6609/6609 6610/6610/6610 
f 6610/6610/6610 6611/6611/6611 6608/6608/6608 
f 6611/6611/6611 6610/6610/6610 6612/6612/6612 
f 6612/6612/6612 6613/6613/6613 6611/6611/6611 
f 6613/6613/6613 6612/6612/6612 6614/6614/6614 
f 6614/6614/6614 6615/6615/6615 6613/6613/6613 
f 6616/6616/6616 6617/6617/6617 6618/6618/6618 
f 6618/6618/6618 6619/6619/6619 6616/6616/6616 
f 6620/6620/6620 6616/6616/6616 6619/6619/6619 
f 6619/6619/6619 6621/6621/6621 6620/6620/6620 
f 6620/6620/6620 6621/6621/6621 6622/6622/6622 
f 6622/6622/6622 6623/6623/6623 6620/6620/6620 
f 6623/6623/6623 6622/6622/6622 6624/6624/6624 
f 6624/6624/6624 6625/6625/6625 6623/6623/6623 
f 6625/6625/6625 6624/6624/6624 6626/6626/6626 
f 6626/6626/6626 6627/6627/6627 6625/6625/6625 
f 6627/6627/6627 6626/6626/6626 6628/6628/6628 
f 6628/6628/6628 6629/6629/6629 6627/6627/6627 
f 6629/6629/6629 6628/6628/6628 6630/6630/6630 
f 6630/6630/6630 6631/6631/6631 6629/6629/6629 
f 6632/6632/6632 6633/6633/6633 6634/6634/6634 
f 6634/6634/6634 6635/6635/6635 6632/6632/6632 
f 6636/6636/6636 6633/6633/6633 6632/6632/6632 
f 6632/6632/6632 6637/6637/6637 6636/6636/6636 
f 6638/6638/6638 6636/6636/6636 6637/6637/6637 
f 6637/6637/6637 6639/6639/6639 6638/6638/6638 
f 6640/6640/6640 6638/6638/6638 6639/6639/6639 
f 6639/6639/6639 6641/6641/6641 6640/6640/6640 
f 6642/6642/6642 6640/6640/6640 6641/6641/6641 
f 6641/6641/6641 6643/6643/6643 6642/6642/6642 
f 6644/6644/6644 6642/6642/6642 6643/6643/6643 
f 6643/6643/6643 6645/6645/6645 6644/6644/6644 
f 6646/6646/6646 6644/6644/6644 6645/6645/6645 
f 6645/6645/6645 6647/6647/6647 6646/6646/6646 
f 6648/6648/6648 6649/6649/6649 6650/6650/6650 
f 6650/6650/6650 6651/6651/6651 6648/6648/6648 
f 6652/6652/6652 6653/6653/6653 6654/6654/6654 
f 6654/6654/6654 6655/6655/6655 6652/6652/6652 
f 6656/6656/6656 6657/6657/6657 6658/6658/6658 
f 6658/6658/6658 6659/6659/6659 6656/6656/6656 
f 6660/6660/6660 6661/6661/6661 6662/6662/6662 
f 6662/6662/6662 6663/6663/6663 6660/6660/6660 
f 6664/6664/6664 6665/6665/6665 6666/6666/6666 
f 6666/6666/6666 6667/6667/6667 6664/6664/6664 
f 6668/6668/6668 6669/6669/6669 6670/6670/6670 
f 6670/6670/6670 6671/6671/6671 6668/6668/6668 
f 6672/6672/6672 6673/6673/6673 6674/6674/6674 
f 6674/6674/6674 6675/6675/6675 6672/6672/6672 
f 6676/6676/6676 6677/6677/6677 6678/6678/6678 
f 6678/6678/6678 6679/6679/6679 6676/6676/6676 
f 6680/6680/6680 6681/6681/6681 6682/6682/6682 
f 6683/6683/6683 6684/6684/6684 6685/6685/6685 
f 6686/6686/6686 6685/6685/6685 6684/6684/6684 
f 6687/6687/6687 6683/6683/6683 6688/6688/6688 
f 6685/6685/6685 6688/6688/6688 6683/6683/6683 
f 6680/6680/6680 6687/6687/6687 6689/6689/6689 
f 6688/6688/6688 6689/6689/6689 6687/6687/6687 
f 6681/6681/6681 6680/6680/6680 6690/6690/6690 
f 6689/6689/6689 6690/6690/6690 6680/6680/6680 
f 6690/6690/6690 6691/6691/6691 6681/6681/6681 
f 6685/6685/6685 6686/6686/6686 6692/6692/6692 
f 6693/6693/6693 6692/6692/6692 6686/6686/6686 
f 6688/6688/6688 6685/6685/6685 6694/6694/6694 
f 6692/6692/6692 6694/6694/6694 6685/6685/6685 
f 6689/6689/6689 6688/6688/6688 6695/6695/6695 
f 6694/6694/6694 6695/6695/6695 6688/6688/6688 
f 6690/6690/6690 6689/6689/6689 6696/6696/6696 
f 6695/6695/6695 6696/6696/6696 6689/6689/6689 
f 6691/6691/6691 6690/6690/6690 6697/6697/6697 
f 6696/6696/6696 6697/6697/6697 6690/6690/6690 
f 6697/6697/6697 6698/6698/6698 6691/6691/6691 
f 6698/6698/6698 6697/6697/6697 6699/6699/6699 
f 6699/6699/6699 6700/6700/6700 6698/6698/6698 
f 6697/6697/6697 6696/6696/6696 6701/6701/6701 
f 6701/6701/6701 6699/6699/6699 6697/6697/6697 
f 6696/6696/6696 6695/6695/6695 6702/6702/6702 
f 6702/6702/6702 6701/6701/6701 6696/6696/6696 
f 6703/6703/6703 6702/6702/6702 6695/6695/6695 
f 6695/6695/6695 6694/6694/6694 6703/6703/6703 
f 6700/6700/6700 6699/6699/6699 6704/6704/6704 
f 6704/6704/6704 6705/6705/6705 6700/6700/6700 
f 6706/6706/6706 6705/6705/6705 6704/6704/6704 
f 6704/6704/6704 6707/6707/6707 6706/6706/6706 
f 6708/6708/6708 6704/6704/6704 6699/6699/6699 
f 6707/6707/6707 6704/6704/6704 6708/6708/6708 
f 6699/6699/6699 6701/6701/6701 6708/6708/6708 
f 6708/6708/6708 6709/6709/6709 6707/6707/6707 
f 6710/6710/6710 6708/6708/6708 6701/6701/6701 
f 6709/6709/6709 6708/6708/6708 6710/6710/6710 
f 6701/6701/6701 6702/6702/6702 6710/6710/6710 
f 6710/6710/6710 6711/6711/6711 6709/6709/6709 
f 6712/6712/6712 6710/6710/6710 6702/6702/6702 
f 6711/6711/6711 6710/6710/6710 6712/6712/6712 
f 6702/6702/6702 6703/6703/6703 6712/6712/6712 
f 6712/6712/6712 6713/6713/6713 6711/6711/6711 
f 6713/6713/6713 6712/6712/6712 6714/6714/6714 
f 6714/6714/6714 6712/6712/6712 6703/6703/6703 
f 6714/6714/6714 6715/6715/6715 6713/6713/6713 
f 6703/6703/6703 6716/6716/6716 6714/6714/6714 
f 6716/6716/6716 6703/6703/6703 6694/6694/6694 
f 6694/6694/6694 6692/6692/6692 6716/6716/6716 
f 6715/6715/6715 6714/6714/6714 6717/6717/6717 
f 6717/6717/6717 6714/6714/6714 6716/6716/6716 
f 6717/6717/6717 6718/6718/6718 6715/6715/6715 
f 6719/6719/6719 6716/6716/6716 6692/6692/6692 
f 6716/6716/6716 6719/6719/6719 6717/6717/6717 
f 6692/6692/6692 6693/6693/6693 6719/6719/6719 
f 6720/6720/6720 6719/6719/6719 6693/6693/6693 
f 6721/6721/6721 6717/6717/6717 6719/6719/6719 
f 6719/6719/6719 6720/6720/6720 6721/6721/6721 
f 6718/6718/6718 6717/6717/6717 6721/6721/6721 
f 6722/6722/6722 6721/6721/6721 6720/6720/6720 
f 6721/6721/6721 6723/6723/6723 6718/6718/6718 
f 6723/6723/6723 6721/6721/6721 6722/6722/6722 
f 6722/6722/6722 6724/6724/6724 6723/6723/6723 
f 6725/6725/6725 6726/6726/6726 6727/6727/6727 
f 6728/6728/6728 6727/6727/6727 6726/6726/6726 
f 6726/6726/6726 6729/6729/6729 6728/6728/6728 
f 6727/6727/6727 6730/6730/6730 6725/6725/6725 
f 6731/6731/6731 6725/6725/6725 6730/6730/6730 
f 6732/6732/6732 6728/6728/6728 6729/6729/6729 
f 6729/6729/6729 6733/6733/6733 6732/6732/6732 
f 6734/6734/6734 6732/6732/6732 6733/6733/6733 
f 6733/6733/6733 6735/6735/6735 6734/6734/6734 
f 6732/6732/6732 6734/6734/6734 6736/6736/6736 
f 6736/6736/6736 6737/6737/6737 6732/6732/6732 
f 6728/6728/6728 6732/6732/6732 6737/6737/6737 
f 6737/6737/6737 6736/6736/6736 6738/6738/6738 
f 6737/6737/6737 6739/6739/6739 6728/6728/6728 
f 6727/6727/6727 6728/6728/6728 6739/6739/6739 
f 6738/6738/6738 6740/6740/6740 6737/6737/6737 
f 6739/6739/6739 6737/6737/6737 6740/6740/6740 
f 6740/6740/6740 6738/6738/6738 6741/6741/6741 
f 6739/6739/6739 6742/6742/6742 6727/6727/6727 
f 6730/6730/6730 6727/6727/6727 6742/6742/6742 
f 6740/6740/6740 6743/6743/6743 6739/6739/6739 
f 6742/6742/6742 6739/6739/6739 6743/6743/6743 
f 6741/6741/6741 6744/6744/6744 6740/6740/6740 
f 6743/6743/6743 6740/6740/6740 6744/6744/6744 
f 6744/6744/6744 6741/6741/6741 6745/6745/6745 
f 6745/6745/6745 6746/6746/6746 6744/6744/6744 
f 6746/6746/6746 6745/6745/6745 6747/6747/6747 
f 6744/6744/6744 6748/6748/6748 6743/6743/6743 
f 6748/6748/6748 6744/6744/6744 6746/6746/6746 
f 6743/6743/6743 6749/6749/6749 6742/6742/6742 
f 6749/6749/6749 6743/6743/6743 6748/6748/6748 
f 6750/6750/6750 6742/6742/6742 6749/6749/6749 
f 6742/6742/6742 6750/6750/6750 6730/6730/6730 
f 6747/6747/6747 6720/6720/6720 6746/6746/6746 
f 6720/6720/6720 6747/6747/6747 6722/6722/6722 
f 6746/6746/6746 6693/6693/6693 6748/6748/6748 
f 6693/6693/6693 6746/6746/6746 6720/6720/6720 
f 6748/6748/6748 6686/6686/6686 6749/6749/6749 
f 6686/6686/6686 6748/6748/6748 6693/6693/6693 
f 6749/6749/6749 6684/6684/6684 6750/6750/6750 
f 6684/6684/6684 6749/6749/6749 6686/6686/6686 
f 6751/6751/6751 6730/6730/6730 6750/6750/6750 
f 6730/6730/6730 6751/6751/6751 6731/6731/6731 
f 6752/6752/6752 6731/6731/6731 6751/6751/6751 
f 6750/6750/6750 6753/6753/6753 6751/6751/6751 
f 6753/6753/6753 6750/6750/6750 6684/6684/6684 
f 6751/6751/6751 6754/6754/6754 6752/6752/6752 
f 6754/6754/6754 6751/6751/6751 6753/6753/6753 
f 6755/6755/6755 6752/6752/6752 6754/6754/6754 
f 6754/6754/6754 6756/6756/6756 6755/6755/6755 
f 6757/6757/6757 6755/6755/6755 6756/6756/6756 
f 6756/6756/6756 6758/6758/6758 6757/6757/6757 
f 6756/6756/6756 6754/6754/6754 6759/6759/6759 
f 6753/6753/6753 6759/6759/6759 6754/6754/6754 
f 6758/6758/6758 6756/6756/6756 6760/6760/6760 
f 6759/6759/6759 6760/6760/6760 6756/6756/6756 
f 6760/6760/6760 6682/6682/6682 6758/6758/6758 
f 6759/6759/6759 6753/6753/6753 6683/6683/6683 
f 6684/6684/6684 6683/6683/6683 6753/6753/6753 
f 6760/6760/6760 6759/6759/6759 6687/6687/6687 
f 6683/6683/6683 6687/6687/6687 6759/6759/6759 
f 6682/6682/6682 6760/6760/6760 6680/6680/6680 
f 6687/6687/6687 6680/6680/6680 6760/6760/6760 
f 6761/6761/6761 6762/6762/6762 6763/6763/6763 
f 6763/6763/6763 6764/6764/6764 6761/6761/6761 
f 6765/6765/6765 6766/6766/6766 6767/6767/6767 
f 6767/6767/6767 6768/6768/6768 6765/6765/6765 
f 6769/6769/6769 6770/6770/6770 6771/6771/6771 
f 6771/6771/6771 6772/6772/6772 6769/6769/6769 
f 6773/6773/6773 6774/6774/6774 6775/6775/6775 
f 6775/6775/6775 6776/6776/6776 6773/6773/6773 
f 6777/6777/6777 6778/6778/6778 6779/6779/6779 
f 6779/6779/6779 6780/6780/6780 6777/6777/6777 
f 6781/6781/6781 6782/6782/6782 6783/6783/6783 
f 6783/6783/6783 6784/6784/6784 6781/6781/6781 
f 6785/6785/6785 6786/6786/6786 6787/6787/6787 
f 6787/6787/6787 6788/6788/6788 6785/6785/6785 
f 6787/6787/6787 6789/6789/6789 6788/6788/6788 
f 6789/6789/6789 6790/6790/6790 6788/6788/6788 
f 6789/6789/6789 6791/6791/6791 6790/6790/6790 
f 6789/6789/6789 6792/6792/6792 6791/6791/6791 
f 6792/6792/6792 6793/6793/6793 6791/6791/6791 
f 6794/6794/6794 6795/6795/6795 6796/6796/6796 
f 6796/6796/6796 6797/6797/6797 6794/6794/6794 
f 6795/6795/6795 6798/6798/6798 6796/6796/6796 
f 6795/6795/6795 6799/6799/6799 6798/6798/6798 
f 6800/6800/6800 6801/6801/6801 6798/6798/6798 
f 6800/6800/6800 6802/6802/6802 6801/6801/6801 
f 6803/6803/6803 6804/6804/6804 6805/6805/6805 
f 6806/6806/6806 6807/6807/6807 6808/6808/6808 
f 6809/6809/6809 6808/6808/6808 6807/6807/6807 
f 6808/6808/6808 6810/6810/6810 6806/6806/6806 
f 6811/6811/6811 6812/6812/6812 6813/6813/6813 
f 6810/6810/6810 6808/6808/6808 6814/6814/6814 
f 6814/6814/6814 6815/6815/6815 6810/6810/6810 
f 6816/6816/6816 6815/6815/6815 6814/6814/6814 
f 6817/6817/6817 6814/6814/6814 6808/6808/6808 
f 6808/6808/6808 6809/6809/6809 6817/6817/6817 
f 6814/6814/6814 6818/6818/6818 6816/6816/6816 
f 6818/6818/6818 6814/6814/6814 6817/6817/6817 
f 6819/6819/6819 6816/6816/6816 6818/6818/6818 
f 6820/6820/6820 6817/6817/6817 6809/6809/6809 
f 6809/6809/6809 6821/6821/6821 6820/6820/6820 
f 6817/6817/6817 6822/6822/6822 6818/6818/6818 
f 6822/6822/6822 6817/6817/6817 6820/6820/6820 
f 6818/6818/6818 6823/6823/6823 6819/6819/6819 
f 6823/6823/6823 6818/6818/6818 6822/6822/6822 
f 6824/6824/6824 6819/6819/6819 6823/6823/6823 
f 6823/6823/6823 6825/6825/6825 6824/6824/6824 
f 6825/6825/6825 6823/6823/6823 6826/6826/6826 
f 6822/6822/6822 6826/6826/6826 6823/6823/6823 
f 6826/6826/6826 6827/6827/6827 6825/6825/6825 
f 6820/6820/6820 6828/6828/6828 6822/6822/6822 
f 6826/6826/6826 6822/6822/6822 6828/6828/6828 
f 6827/6827/6827 6826/6826/6826 6829/6829/6829 
f 6828/6828/6828 6829/6829/6829 6826/6826/6826 
f 6829/6829/6829 6830/6830/6830 6827/6827/6827 
f 6828/6828/6828 6820/6820/6820 6831/6831/6831 
f 6831/6831/6831 6820/6820/6820 6821/6821/6821 
f 6821/6821/6821 6811/6811/6811 6831/6831/6831 
f 6813/6813/6813 6831/6831/6831 6811/6811/6811 
f 6831/6831/6831 6832/6832/6832 6828/6828/6828 
f 6829/6829/6829 6828/6828/6828 6832/6832/6832 
f 6832/6832/6832 6831/6831/6831 6813/6813/6813 
f 6830/6830/6830 6829/6829/6829 6833/6833/6833 
f 6832/6832/6832 6833/6833/6833 6829/6829/6829 
f 6833/6833/6833 6834/6834/6834 6830/6830/6830 
f 6813/6813/6813 6835/6835/6835 6832/6832/6832 
f 6833/6833/6833 6832/6832/6832 6835/6835/6835 
f 6834/6834/6834 6833/6833/6833 6836/6836/6836 
f 6835/6835/6835 6836/6836/6836 6833/6833/6833 
f 6836/6836/6836 6837/6837/6837 6834/6834/6834 
f 6838/6838/6838 6835/6835/6835 6813/6813/6813 
f 6836/6836/6836 6835/6835/6835 6838/6838/6838 
f 6837/6837/6837 6836/6836/6836 6839/6839/6839 
f 6838/6838/6838 6839/6839/6839 6836/6836/6836 
f 6839/6839/6839 6840/6840/6840 6837/6837/6837 
f 6840/6840/6840 6839/6839/6839 6841/6841/6841 
f 6841/6841/6841 6842/6842/6842 6840/6840/6840 
f 6843/6843/6843 6841/6841/6841 6839/6839/6839 
f 6839/6839/6839 6838/6838/6838 6843/6843/6843 
f 6844/6844/6844 6843/6843/6843 6838/6838/6838 
f 6813/6813/6813 6845/6845/6845 6838/6838/6838 
f 6838/6838/6838 6845/6845/6845 6844/6844/6844 
f 6845/6845/6845 6813/6813/6813 6812/6812/6812 
f 6844/6844/6844 6845/6845/6845 6846/6846/6846 
f 6812/6812/6812 6846/6846/6846 6845/6845/6845 
f 6847/6847/6847 6848/6848/6848 6849/6849/6849 
f 6848/6848/6848 6847/6847/6847 6850/6850/6850 
f 6850/6850/6850 6851/6851/6851 6848/6848/6848 
f 6849/6849/6849 6846/6846/6846 6847/6847/6847 
f 6846/6846/6846 6849/6849/6849 6844/6844/6844 
f 6852/6852/6852 6850/6850/6850 6847/6847/6847 
f 6853/6853/6853 6847/6847/6847 6846/6846/6846 
f 6847/6847/6847 6853/6853/6853 6852/6852/6852 
f 6851/6851/6851 6850/6850/6850 6854/6854/6854 
f 6854/6854/6854 6855/6855/6855 6851/6851/6851 
f 6855/6855/6855 6854/6854/6854 6856/6856/6856 
f 6856/6856/6856 6857/6857/6857 6855/6855/6855 
f 6858/6858/6858 6856/6856/6856 6854/6854/6854 
f 6859/6859/6859 6854/6854/6854 6850/6850/6850 
f 6854/6854/6854 6859/6859/6859 6858/6858/6858 
f 6850/6850/6850 6852/6852/6852 6859/6859/6859 
f 6860/6860/6860 6858/6858/6858 6859/6859/6859 
f 6859/6859/6859 6861/6861/6861 6860/6860/6860 
f 6861/6861/6861 6859/6859/6859 6852/6852/6852 
f 6862/6862/6862 6860/6860/6860 6861/6861/6861 
f 6852/6852/6852 6863/6863/6863 6861/6861/6861 
f 6863/6863/6863 6852/6852/6852 6853/6853/6853 
f 6861/6861/6861 6864/6864/6864 6862/6862/6862 
f 6864/6864/6864 6861/6861/6861 6863/6863/6863 
f 6865/6865/6865 6862/6862/6862 6864/6864/6864 
f 6864/6864/6864 6866/6866/6866 6865/6865/6865 
f 6867/6867/6867 6865/6865/6865 6866/6866/6866 
f 6863/6863/6863 6868/6868/6868 6864/6864/6864 
f 6866/6866/6866 6864/6864/6864 6868/6868/6868 
f 6853/6853/6853 6869/6869/6869 6863/6863/6863 
f 6868/6868/6868 6863/6863/6863 6869/6869/6869 
f 6869/6869/6869 6853/6853/6853 6812/6812/6812 
f 6846/6846/6846 6812/6812/6812 6853/6853/6853 
f 6866/6866/6866 6870/6870/6870 6867/6867/6867 
f 6871/6871/6871 6867/6867/6867 6870/6870/6870 
f 6870/6870/6870 6872/6872/6872 6871/6871/6871 
f 6870/6870/6870 6866/6866/6866 6873/6873/6873 
f 6868/6868/6868 6873/6873/6873 6866/6866/6866 
f 6872/6872/6872 6870/6870/6870 6874/6874/6874 
f 6873/6873/6873 6874/6874/6874 6870/6870/6870 
f 6874/6874/6874 6875/6875/6875 6872/6872/6872 
f 6873/6873/6873 6868/6868/6868 6876/6876/6876 
f 6869/6869/6869 6876/6876/6876 6868/6868/6868 
f 6874/6874/6874 6873/6873/6873 6877/6877/6877 
f 6876/6876/6876 6877/6877/6877 6873/6873/6873 
f 6875/6875/6875 6874/6874/6874 6807/6807/6807 
f 6877/6877/6877 6807/6807/6807 6874/6874/6874 
f 6807/6807/6807 6806/6806/6806 6875/6875/6875 
f 6876/6876/6876 6869/6869/6869 6811/6811/6811 
f 6812/6812/6812 6811/6811/6811 6869/6869/6869 
f 6877/6877/6877 6876/6876/6876 6821/6821/6821 
f 6811/6811/6811 6821/6821/6821 6876/6876/6876 
f 6807/6807/6807 6877/6877/6877 6809/6809/6809 
f 6821/6821/6821 6809/6809/6809 6877/6877/6877 
f 6878/6878/6878 6879/6879/6879 6880/6880/6880 
f 6881/6881/6881 6880/6880/6880 6879/6879/6879 
f 6880/6880/6880 6882/6882/6882 6878/6878/6878 
f 6879/6879/6879 6883/6883/6883 6881/6881/6881 
f 6884/6884/6884 6878/6878/6878 6882/6882/6882 
f 6885/6885/6885 6881/6881/6881 6883/6883/6883 
f 6882/6882/6882 6886/6886/6886 6884/6884/6884 
f 6883/6883/6883 6887/6887/6887 6885/6885/6885 
f 6888/6888/6888 6884/6884/6884 6886/6886/6886 
f 6889/6889/6889 6885/6885/6885 6887/6887/6887 
f 6886/6886/6886 6890/6890/6890 6888/6888/6888 
f 6887/6887/6887 6891/6891/6891 6889/6889/6889 
f 6892/6892/6892 6888/6888/6888 6890/6890/6890 
f 6893/6893/6893 6889/6889/6889 6891/6891/6891 
f 6890/6890/6890 6894/6894/6894 6892/6892/6892 
f 6891/6891/6891 6895/6895/6895 6893/6893/6893 
f 6896/6896/6896 6892/6892/6892 6894/6894/6894 
f 6897/6897/6897 6893/6893/6893 6895/6895/6895 
f 6894/6894/6894 6898/6898/6898 6896/6896/6896 
f 6895/6895/6895 6899/6899/6899 6897/6897/6897 
f 6900/6900/6900 6896/6896/6896 6898/6898/6898 
f 6901/6901/6901 6897/6897/6897 6899/6899/6899 
f 6898/6898/6898 6902/6902/6902 6900/6900/6900 
f 6899/6899/6899 6903/6903/6903 6901/6901/6901 
f 6904/6904/6904 6900/6900/6900 6902/6902/6902 
f 6905/6905/6905 6901/6901/6901 6903/6903/6903 
f 6902/6902/6902 6906/6906/6906 6904/6904/6904 
f 6903/6903/6903 6907/6907/6907 6905/6905/6905 
f 6908/6908/6908 6904/6904/6904 6906/6906/6906 
f 6909/6909/6909 6905/6905/6905 6907/6907/6907 
f 6906/6906/6906 6910/6910/6910 6908/6908/6908 
f 6907/6907/6907 6911/6911/6911 6909/6909/6909 
f 6912/6912/6912 6908/6908/6908 6910/6910/6910 
f 6913/6913/6913 6909/6909/6909 6911/6911/6911 
f 6910/6910/6910 6914/6914/6914 6912/6912/6912 
f 6911/6911/6911 6915/6915/6915 6913/6913/6913 
f 6916/6916/6916 6912/6912/6912 6914/6914/6914 
f 6917/6917/6917 6913/6913/6913 6915/6915/6915 
f 6914/6914/6914 6918/6918/6918 6916/6916/6916 
f 6915/6915/6915 6919/6919/6919 6917/6917/6917 
f 6920/6920/6920 6916/6916/6916 6918/6918/6918 
f 6921/6921/6921 6917/6917/6917 6919/6919/6919 
f 6919/6919/6919 6920/6920/6920 6921/6921/6921 
f 6918/6918/6918 6921/6921/6921 6920/6920/6920 
f 6922/6922/6922 6923/6923/6923 6924/6924/6924 
f 6924/6924/6924 6923/6923/6923 6925/6925/6925 
f 6925/6925/6925 6926/6926/6926 6924/6924/6924 
f 6927/6927/6927 6924/6924/6924 6926/6926/6926 
f 6926/6926/6926 6925/6925/6925 6928/6928/6928 
f 6929/6929/6929 6927/6927/6927 6930/6930/6930 
f 6926/6926/6926 6930/6930/6930 6927/6927/6927 
f 6928/6928/6928 6931/6931/6931 6926/6926/6926 
f 6930/6930/6930 6926/6926/6926 6931/6931/6931 
f 6931/6931/6931 6928/6928/6928 6932/6932/6932 
f 6930/6930/6930 6933/6933/6933 6929/6929/6929 
f 6934/6934/6934 6929/6929/6929 6933/6933/6933 
f 6931/6931/6931 6935/6935/6935 6930/6930/6930 
f 6933/6933/6933 6930/6930/6930 6935/6935/6935 
f 6932/6932/6932 6936/6936/6936 6931/6931/6931 
f 6935/6935/6935 6931/6931/6931 6936/6936/6936 
f 6936/6936/6936 6932/6932/6932 6937/6937/6937 
f 6933/6933/6933 6938/6938/6938 6934/6934/6934 
f 6939/6939/6939 6934/6934/6934 6938/6938/6938 
f 6938/6938/6938 6940/6940/6940 6939/6939/6939 
f 6938/6938/6938 6933/6933/6933 6941/6941/6941 
f 6935/6935/6935 6941/6941/6941 6933/6933/6933 
f 6940/6940/6940 6938/6938/6938 6942/6942/6942 
f 6941/6941/6941 6942/6942/6942 6938/6938/6938 
f 6941/6941/6941 6935/6935/6935 6943/6943/6943 
f 6936/6936/6936 6943/6943/6943 6935/6935/6935 
f 6942/6942/6942 6941/6941/6941 6944/6944/6944 
f 6943/6943/6943 6944/6944/6944 6941/6941/6941 
f 6942/6942/6942 6945/6945/6945 6940/6940/6940 
f 6946/6946/6946 6940/6940/6940 6945/6945/6945 
f 6944/6944/6944 6947/6947/6947 6942/6942/6942 
f 6945/6945/6945 6942/6942/6942 6947/6947/6947 
f 6945/6945/6945 6948/6948/6948 6946/6946/6946 
f 6949/6949/6949 6946/6946/6946 6948/6948/6948 
f 6948/6948/6948 6950/6950/6950 6949/6949/6949 
f 6948/6948/6948 6945/6945/6945 6951/6951/6951 
f 6947/6947/6947 6951/6951/6951 6945/6945/6945 
f 6950/6950/6950 6948/6948/6948 6952/6952/6952 
f 6951/6951/6951 6952/6952/6952 6948/6948/6948 
f 6952/6952/6952 6953/6953/6953 6950/6950/6950 
f 6953/6953/6953 6952/6952/6952 6954/6954/6954 
f 6954/6954/6954 6955/6955/6955 6953/6953/6953 
f 6955/6955/6955 6954/6954/6954 6956/6956/6956 
f 6956/6956/6956 6957/6957/6957 6955/6955/6955 
f 6958/6958/6958 6956/6956/6956 6954/6954/6954 
f 6959/6959/6959 6954/6954/6954 6952/6952/6952 
f 6954/6954/6954 6959/6959/6959 6958/6958/6958 
f 6952/6952/6952 6951/6951/6951 6959/6959/6959 
f 6960/6960/6960 6958/6958/6958 6959/6959/6959 
f 6961/6961/6961 6959/6959/6959 6951/6951/6951 
f 6959/6959/6959 6961/6961/6961 6960/6960/6960 
f 6951/6951/6951 6947/6947/6947 6961/6961/6961 
f 6962/6962/6962 6960/6960/6960 6961/6961/6961 
f 6963/6963/6963 6961/6961/6961 6947/6947/6947 
f 6961/6961/6961 6963/6963/6963 6962/6962/6962 
f 6947/6947/6947 6944/6944/6944 6963/6963/6963 
f 6964/6964/6964 6962/6962/6962 6963/6963/6963 
f 6965/6965/6965 6963/6963/6963 6944/6944/6944 
f 6963/6963/6963 6965/6965/6965 6964/6964/6964 
f 6944/6944/6944 6943/6943/6943 6965/6965/6965 
f 6966/6966/6966 6964/6964/6964 6965/6965/6965 
f 6967/6967/6967 6965/6965/6965 6943/6943/6943 
f 6965/6965/6965 6967/6967/6967 6966/6966/6966 
f 6943/6943/6943 6936/6936/6936 6967/6967/6967 
f 6968/6968/6968 6966/6966/6966 6967/6967/6967 
f 6937/6937/6937 6967/6967/6967 6936/6936/6936 
f 6967/6967/6967 6937/6937/6937 6968/6968/6968 
f 6969/6969/6969 6970/6970/6970 6971/6971/6971 
f 6971/6971/6971 6972/6972/6972 6969/6969/6969 
f 6970/6970/6970 6969/6969/6969 6973/6973/6973 
f 6973/6973/6973 6974/6974/6974 6970/6970/6970 
f 6975/6975/6975 6969/6969/6969 6972/6972/6972 
f 6972/6972/6972 6976/6976/6976 6975/6975/6975 
f 6975/6975/6975 6976/6976/6976 6977/6977/6977 
f 6969/6969/6969 6975/6975/6975 6978/6978/6978 
f 6978/6978/6978 6973/6973/6973 6969/6969/6969 
f 6977/6977/6977 6979/6979/6979 6975/6975/6975 
f 6978/6978/6978 6975/6975/6975 6979/6979/6979 
f 6979/6979/6979 6977/6977/6977 6980/6980/6980 
f 6973/6973/6973 6978/6978/6978 6939/6939/6939 
f 6974/6974/6974 6973/6973/6973 6981/6981/6981 
f 6939/6939/6939 6981/6981/6981 6973/6973/6973 
f 6981/6981/6981 6982/6982/6982 6974/6974/6974 
f 6980/6980/6980 6983/6983/6983 6979/6979/6979 
f 6979/6979/6979 6984/6984/6984 6978/6978/6978 
f 6939/6939/6939 6978/6978/6978 6984/6984/6984 
f 6984/6984/6984 6979/6979/6979 6983/6983/6983 
f 6983/6983/6983 6980/6980/6980 6985/6985/6985 
f 6982/6982/6982 6981/6981/6981 6946/6946/6946 
f 6946/6946/6946 6949/6949/6949 6982/6982/6982 
f 6981/6981/6981 6939/6939/6939 6940/6940/6940 
f 6940/6940/6940 6946/6946/6946 6981/6981/6981 
f 6985/6985/6985 6986/6986/6986 6983/6983/6983 
f 6986/6986/6986 6985/6985/6985 6987/6987/6987 
f 6988/6988/6988 6983/6983/6983 6986/6986/6986 
f 6983/6983/6983 6988/6988/6988 6984/6984/6984 
f 6987/6987/6987 6989/6989/6989 6986/6986/6986 
f 6989/6989/6989 6987/6987/6987 6990/6990/6990 
f 6990/6990/6990 6991/6991/6991 6989/6989/6989 
f 6992/6992/6992 6986/6986/6986 6989/6989/6989 
f 6986/6986/6986 6992/6992/6992 6988/6988/6988 
f 6993/6993/6993 6989/6989/6989 6991/6991/6991 
f 6989/6989/6989 6993/6993/6993 6992/6992/6992 
f 6991/6991/6991 6922/6922/6922 6993/6993/6993 
f 6934/6934/6934 6984/6984/6984 6988/6988/6988 
f 6984/6984/6984 6934/6934/6934 6939/6939/6939 
f 6929/6929/6929 6988/6988/6988 6992/6992/6992 
f 6988/6988/6988 6929/6929/6929 6934/6934/6934 
f 6927/6927/6927 6992/6992/6992 6993/6993/6993 
f 6992/6992/6992 6927/6927/6927 6929/6929/6929 
f 6924/6924/6924 6993/6993/6993 6922/6922/6922 
f 6993/6993/6993 6924/6924/6924 6927/6927/6927 
f 6994/6994/6994 6995/6995/6995 6996/6996/6996 
f 6995/6995/6995 6994/6994/6994 6997/6997/6997 
f 6996/6996/6996 6998/6998/6998 6994/6994/6994 
f 6998/6998/6998 6996/6996/6996 6999/6999/6999 
f 6999/6999/6999 7000/7000/7000 6998/6998/6998 
f 6997/6997/6997 7001/7001/7001 6995/6995/6995 
f 7001/7001/7001 6997/6997/6997 7002/7002/7002 
f 7002/7002/7002 7003/7003/7003 7001/7001/7001 
f 7003/7003/7003 7002/7002/7002 7004/7004/7004 
f 7004/7004/7004 7005/7005/7005 7003/7003/7003 
f 7005/7005/7005 7004/7004/7004 7006/7006/7006 
f 7006/7006/7006 7007/7007/7007 7005/7005/7005 
f 7007/7007/7007 7006/7006/7006 7008/7008/7008 
f 7008/7008/7008 7009/7009/7009 7007/7007/7007 
f 7009/7009/7009 7008/7008/7008 7010/7010/7010 
f 7010/7010/7010 7011/7011/7011 7009/7009/7009 
f 7012/7012/7012 7011/7011/7011 7010/7010/7010 
f 7010/7010/7010 7013/7013/7013 7012/7012/7012 
f 7014/7014/7014 7012/7012/7012 7013/7013/7013 
f 7013/7013/7013 7015/7015/7015 7014/7014/7014 
f 7016/7016/7016 7017/7017/7017 7018/7018/7018 
f 7018/7018/7018 7019/7019/7019 7016/7016/7016 
f 7020/7020/7020 7018/7018/7018 7017/7017/7017 
f 7021/7021/7021 7016/7016/7016 7019/7019/7019 
f 7017/7017/7017 7022/7022/7022 7020/7020/7020 
f 7019/7019/7019 7023/7023/7023 7021/7021/7021 
f 7020/7020/7020 7022/7022/7022 7024/7024/7024 
f 7025/7025/7025 7021/7021/7021 7023/7023/7023 
f 7024/7024/7024 7026/7026/7026 7020/7020/7020 
f 7026/7026/7026 7024/7024/7024 7027/7027/7027 
f 7027/7027/7027 7028/7028/7028 7026/7026/7026 
f 7023/7023/7023 7029/7029/7029 7025/7025/7025 
f 7030/7030/7030 7025/7025/7025 7029/7029/7029 
f 7029/7029/7029 7031/7031/7031 7030/7030/7030 
f 7032/7032/7032 7030/7030/7030 7031/7031/7031 
f 7031/7031/7031 7033/7033/7033 7032/7032/7032 
f 7034/7034/7034 7035/7035/7035 7036/7036/7036 
f 7037/7037/7037 7036/7036/7036 7035/7035/7035 
f 7036/7036/7036 7038/7038/7038 7034/7034/7034 
f 7035/7035/7035 7039/7039/7039 7037/7037/7037 
f 7040/7040/7040 7034/7034/7034 7038/7038/7038 
f 7041/7041/7041 7037/7037/7037 7039/7039/7039 
f 7038/7038/7038 7042/7042/7042 7040/7040/7040 
f 7039/7039/7039 7043/7043/7043 7041/7041/7041 
f 7044/7044/7044 7041/7041/7041 7043/7043/7043 
f 7043/7043/7043 7045/7045/7045 7044/7044/7044 
f 7046/7046/7046 7040/7040/7040 7042/7042/7042 
f 7042/7042/7042 7047/7047/7047 7046/7046/7046 
f 7048/7048/7048 7046/7046/7046 7047/7047/7047 
f 7047/7047/7047 7049/7049/7049 7048/7048/7048 
f 7050/7050/7050 7048/7048/7048 7049/7049/7049 
f 7049/7049/7049 7051/7051/7051 7050/7050/7050 
f 7052/7052/7052 7053/7053/7053 7054/7054/7054 
f 7054/7054/7054 7055/7055/7055 7052/7052/7052 
f 7055/7055/7055 7054/7054/7054 7056/7056/7056 
f 7056/7056/7056 7057/7057/7057 7055/7055/7055 
f 7058/7058/7058 7056/7056/7056 7054/7054/7054 
f 7059/7059/7059 7054/7054/7054 7053/7053/7053 
f 7054/7054/7054 7059/7059/7059 7058/7058/7058 
f 7053/7053/7053 7060/7060/7060 7059/7059/7059 
f 7061/7061/7061 7058/7058/7058 7059/7059/7059 
f 7062/7062/7062 7059/7059/7059 7060/7060/7060 
f 7059/7059/7059 7062/7062/7062 7061/7061/7061 
f 7060/7060/7060 7063/7063/7063 7062/7062/7062 
f 7064/7064/7064 7061/7061/7061 7062/7062/7062 
f 7065/7065/7065 7062/7062/7062 7063/7063/7063 
f 7062/7062/7062 7065/7065/7065 7064/7064/7064 
f 7063/7063/7063 7066/7066/7066 7065/7065/7065 
f 7067/7067/7067 7064/7064/7064 7065/7065/7065 
f 7068/7068/7068 7065/7065/7065 7066/7066/7066 
f 7065/7065/7065 7068/7068/7068 7067/7067/7067 
f 7066/7066/7066 7069/7069/7069 7068/7068/7068 
f 7070/7070/7070 7067/7067/7067 7068/7068/7068 
f 7071/7071/7071 7068/7068/7068 7069/7069/7069 
f 7068/7068/7068 7071/7071/7071 7070/7070/7070 
f 7069/7069/7069 7072/7072/7072 7071/7071/7071 
f 7073/7073/7073 7070/7070/7070 7071/7071/7071 
f 7074/7074/7074 7071/7071/7071 7072/7072/7072 
f 7071/7071/7071 7074/7074/7074 7073/7073/7073 
f 7075/7075/7075 7073/7073/7073 7074/7074/7074 
f 7072/7072/7072 7076/7076/7076 7074/7074/7074 
f 7074/7074/7074 7077/7077/7077 7075/7075/7075 
f 7077/7077/7077 7074/7074/7074 7076/7076/7076 
f 7076/7076/7076 7078/7078/7078 7077/7077/7077 
f 7079/7079/7079 7080/7080/7080 7081/7081/7081 
f 7080/7080/7080 7079/7079/7079 7082/7082/7082 
f 7081/7081/7081 7083/7083/7083 7079/7079/7079 
f 7082/7082/7082 7084/7084/7084 7080/7080/7080 
f 7083/7083/7083 7081/7081/7081 7085/7085/7085 
f 7084/7084/7084 7082/7082/7082 7086/7086/7086 
f 7085/7085/7085 7087/7087/7087 7083/7083/7083 
f 7086/7086/7086 7088/7088/7088 7084/7084/7084 
f 7087/7087/7087 7085/7085/7085 7089/7089/7089 
f 7090/7090/7090 7088/7088/7088 7086/7086/7086 
f 7089/7089/7089 7091/7091/7091 7087/7087/7087 
f 7086/7086/7086 7092/7092/7092 7090/7090/7090 
f 7090/7090/7090 7092/7092/7092 7093/7093/7093 
f 7093/7093/7093 7094/7094/7094 7090/7090/7090 
f 7095/7095/7095 7091/7091/7091 7089/7089/7089 
f 7089/7089/7089 7096/7096/7096 7095/7095/7095 
f 7095/7095/7095 7096/7096/7096 7097/7097/7097 
f 7097/7097/7097 7098/7098/7098 7095/7095/7095 
f 7099/7099/7099 7098/7098/7098 7097/7097/7097 
f 7097/7097/7097 7100/7100/7100 7099/7099/7099 

